{
"type": "FeatureCollection",
"name": "communes",
"crs": { "type": "name", "properties": { "name": "urn:ogc:def:crs:OGC:1.3:CRS84" } },
"features": [
{ "type": "Feature", "properties": { "com_fr": "Mechouar Kasbah" }, "geometry": { "type": "MultiPolygon", "coordinates": [ [ [ [ -7.9773010123, 31.619253619599998 ], [ -7.9768043123, 31.617135819600001 ], [ -7.9756470123, 31.611439919599999 ], [ -7.9724210123, 31.602751719699999 ], [ -7.9710949123, 31.598318919699999 ], [ -7.9701722123, 31.5953297197 ], [ -7.9676616123, 31.588291919700001 ], [ -7.9658823123, 31.578499319700001 ], [ -7.9716437123, 31.5771008197 ], [ -7.9738646123, 31.576442719700001 ], [ -7.9781883123, 31.575501319699999 ], [ -7.9777409123, 31.5743203197 ], [ -7.9789071123, 31.574057119700001 ], [ -7.9793685123, 31.5752545197 ], [ -7.9797761123, 31.575181419700002 ], [ -7.9803019123, 31.580126219699999 ], [ -7.9846310123, 31.581757519699998 ], [ -7.9893248123, 31.583526219700001 ], [ -7.9909400123, 31.582696519700001 ], [ -7.9971890123, 31.5794864197 ], [ -8.0023925123, 31.5769363197 ], [ -8.002782012300001, 31.576175819700001 ], [ -8.003175712299999, 31.5745872197 ], [ -8.005847212300001, 31.5748706197 ], [ -8.0102997123, 31.575537819699999 ], [ -8.010753512300001, 31.577450019699999 ], [ -8.0119122123, 31.578179419600001 ], [ -8.012897112299999, 31.578994719600001 ], [ -8.013850912300001, 31.579449919599998 ], [ -8.014360612300001, 31.579838419600001 ], [ -8.0144625123, 31.579916019599999 ], [ -8.010385512299999, 31.586304719600001 ], [ -8.0075283123, 31.590703419600001 ], [ -8.004749712300001, 31.5949778196 ], [ -8.0030516123, 31.597678419600001 ], [ -8.0024673123, 31.598586619599999 ], [ -8.001610212299999, 31.599957019600001 ], [ -8.000013812300001, 31.602519319599999 ], [ -7.9993367123, 31.603570119600001 ], [ -7.9976553123, 31.606187119600001 ], [ -7.9965955123, 31.607869319599999 ], [ -7.9958816123, 31.609011419600002 ], [ -7.9948846123, 31.6105924196 ], [ -7.9930925123, 31.6134307196 ], [ -7.9929973123, 31.613506819600001 ], [ -7.9907228123, 31.616805119599999 ], [ -7.9910661123, 31.618531819600001 ], [ -7.9906799123, 31.6186506196 ], [ -7.9898667123, 31.618772619600001 ], [ -7.9868497123, 31.619226219600002 ], [ -7.9868604123, 31.619372419600001 ], [ -7.9850547123, 31.619739619600001 ], [ -7.9849153123, 31.619091019599999 ], [ -7.9842608123, 31.619246319599998 ], [ -7.9838027123, 31.618065919599999 ], [ -7.9833918123, 31.617391619599999 ], [ -7.9825549123, 31.616788619600001 ], [ -7.9813104123, 31.6165328196 ], [ -7.9805379123, 31.6165328196 ], [ -7.9812675123, 31.618341819600001 ], [ -7.9773010123, 31.619253619599998 ] ] ] ] } },
{ "type": "Feature", "properties": { "com_fr": "Marrakech" }, "geometry": { "type": "MultiPolygon", "coordinates": [ [ [ [ -7.9773010123, 31.619253619599998 ], [ -7.9812675123, 31.618341819600001 ], [ -7.9805379123, 31.6165328196 ], [ -7.9813104123, 31.6165328196 ], [ -7.9825549123, 31.616788619600001 ], [ -7.9833918123, 31.617391619599999 ], [ -7.9838027123, 31.618065919599999 ], [ -7.9842608123, 31.619246319599998 ], [ -7.9849153123, 31.619091019599999 ], [ -7.9850547123, 31.619739619600001 ], [ -7.9868604123, 31.619372419600001 ], [ -7.9868497123, 31.619226219600002 ], [ -7.9898667123, 31.618772619600001 ], [ -7.9906799123, 31.6186506196 ], [ -7.9910661123, 31.618531819600001 ], [ -7.9907228123, 31.616805119599999 ], [ -7.9929973123, 31.613506819600001 ], [ -7.9930925123, 31.6134307196 ], [ -7.9948846123, 31.6105924196 ], [ -7.9958816123, 31.609011419600002 ], [ -7.9965955123, 31.607869319599999 ], [ -7.9976553123, 31.606187119600001 ], [ -7.9993367123, 31.603570119600001 ], [ -8.000013812300001, 31.602519319599999 ], [ -8.001610212299999, 31.599957019600001 ], [ -8.0024673123, 31.598586619599999 ], [ -8.0030516123, 31.597678419600001 ], [ -8.004749712300001, 31.5949778196 ], [ -8.0075283123, 31.590703419600001 ], [ -8.007737712300001, 31.590800719600001 ], [ -8.016621712299999, 31.5947972196 ], [ -8.017298712300001, 31.595740319600001 ], [ -8.0181146123, 31.596917919599999 ], [ -8.018900112300001, 31.598022419599999 ], [ -8.018992112299999, 31.598152719600002 ], [ -8.0198799123, 31.599409319599999 ], [ -8.0200446123, 31.599554619599999 ], [ -8.0200948123, 31.599519019599999 ], [ -8.0221226123, 31.5982717196 ], [ -8.0240036123, 31.597315119600001 ], [ -8.0253781123, 31.596685519600001 ], [ -8.025688112299999, 31.596538419600002 ], [ -8.027084712300001, 31.595708419600001 ], [ -8.029396712300001, 31.593908119599998 ], [ -8.0318142123, 31.591955419600001 ], [ -8.032060812299999, 31.591752019600001 ], [ -8.034112112300001, 31.590060619599999 ], [ -8.035086512299999, 31.589282219600001 ], [ -8.0354368123, 31.589163419599998 ], [ -8.0359785123, 31.588957819600001 ], [ -8.036143712299999, 31.5889115196 ], [ -8.0333026123, 31.5886388196 ], [ -8.0317838123, 31.588223919600001 ], [ -8.0311345123, 31.5875742196 ], [ -8.0310345123, 31.587357519600001 ], [ -8.030844912299999, 31.586946319599999 ], [ -8.0306165123, 31.586259219599999 ], [ -8.0304493123, 31.5857559196 ], [ -8.029666112299999, 31.5834481196 ], [ -8.032619712300001, 31.582837619599999 ], [ -8.033636212299999, 31.582627519599999 ], [ -8.0376758123, 31.580543719600001 ], [ -8.040921712299999, 31.578799719599999 ], [ -8.0440380123, 31.577168319599998 ], [ -8.0465159123, 31.575736119599998 ], [ -8.0469000123, 31.574468919600001 ], [ -8.0484517123, 31.573645119599998 ], [ -8.0494368123, 31.572266019600001 ], [ -8.0530447123, 31.5718905196 ], [ -8.055487212299999, 31.569319719599999 ], [ -8.0632061123, 31.570740319599999 ], [ -8.0686034123, 31.572793819600001 ], [ -8.071862812299999, 31.569980319599999 ], [ -8.0749527123, 31.573344119600002 ], [ -8.0746522123, 31.576480319600002 ], [ -8.0768774123, 31.577350419599998 ], [ -8.0766286122, 31.5815319196 ], [ -8.0756823122, 31.583690819600001 ], [ -8.0743948122, 31.5869810196 ], [ -8.0725066122, 31.591367719600001 ], [ -8.0734936122, 31.5972530196 ], [ -8.0751673122, 31.601200719600001 ], [ -8.0763711122, 31.603830519500001 ], [ -8.077098512199999, 31.608730019500001 ], [ -8.0762852122, 31.611944419499999 ], [ -8.076283112200001, 31.6158933195 ], [ -8.0789389122, 31.6174867195 ], [ -8.080906112199999, 31.6199914195 ], [ -8.0821034122, 31.6215747195 ], [ -8.085860612199999, 31.623336119499999 ], [ -8.0873965122, 31.6256734195 ], [ -8.087741512199999, 31.6279161195 ], [ -8.0880673122, 31.628297219499999 ], [ -8.083443112199999, 31.628217219500002 ], [ -8.0800698122, 31.628149519499999 ], [ -8.0768753122, 31.628078719499999 ], [ -8.0696457122, 31.6279748195 ], [ -8.0698506122, 31.629063019499998 ], [ -8.070735212200001, 31.631972119499999 ], [ -8.070845712200001, 31.632774119499999 ], [ -8.0696763122, 31.637871219499999 ], [ -8.0694188122, 31.6387298195 ], [ -8.069585612199999, 31.641629419499999 ], [ -8.068878612200001, 31.6439485195 ], [ -8.068442512200001, 31.645744719500001 ], [ -8.0677022122, 31.6497633195 ], [ -8.068289012199999, 31.651016419499999 ], [ -8.0686785122, 31.652229319500002 ], [ -8.070091512199999, 31.653391019499999 ], [ -8.0698769122, 31.654505219499999 ], [ -8.0657892122, 31.653135219500001 ], [ -8.066164712200001, 31.654048519500002 ], [ -8.066572412199999, 31.655619319500001 ], [ -8.0666583122, 31.656532619499998 ], [ -8.066725912200001, 31.657635819500001 ], [ -8.0668312122, 31.6581565195 ], [ -8.066894312200001, 31.6584687195 ], [ -8.0676131122, 31.659400119499999 ], [ -8.068224712199999, 31.660486919499998 ], [ -8.068624912200001, 31.661699619499998 ], [ -8.0686431122, 31.6632265195 ], [ -8.068439212199999, 31.664559719500001 ], [ -8.068506812200001, 31.6662198195 ], [ -8.0682708122, 31.668520919500001 ], [ -8.0745031122, 31.671791319499999 ], [ -8.0745686122, 31.674675219400001 ], [ -8.0743786121, 31.677687519399999 ], [ -8.0707063121, 31.679057919400002 ], [ -8.0706204121, 31.681577819400001 ], [ -8.070963712099999, 31.6832212194 ], [ -8.084308312099999, 31.684318619399999 ], [ -8.088471112100001, 31.684537719400002 ], [ -8.0882994121, 31.692388919399999 ], [ -8.089331512099999, 31.700858419399999 ], [ -8.0882645121, 31.705157119399999 ], [ -8.0881686121, 31.706166919400001 ], [ -8.0876595121, 31.706434819399998 ], [ -8.0872947121, 31.7065690194 ], [ -8.0868119121, 31.7069168194 ], [ -8.086565112100001, 31.707217119399999 ], [ -8.0864042121, 31.707631019400001 ], [ -8.0862594121, 31.708096519400002 ], [ -8.0864203121, 31.708437019400002 ], [ -8.0863484121, 31.708695719400001 ], [ -8.0862910121, 31.7094775194 ], [ -8.085894612100001, 31.709849419400001 ], [ -8.0855244121, 31.710090819400001 ], [ -8.085007812100001, 31.7102606194 ], [ -8.084451612100001, 31.710344119399998 ], [ -8.083946212100001, 31.710210419399999 ], [ -8.083484912099999, 31.709932519399999 ], [ -8.082780012100001, 31.7097335194 ], [ -8.082250012099999, 31.709311419399999 ], [ -8.0820944121, 31.7089339194 ], [ -8.082092812100001, 31.708443319400001 ], [ -8.082591212100001, 31.707999319399999 ], [ -8.0828637121, 31.707704019400001 ], [ -8.0834237121, 31.706857019400001 ], [ -8.0830809121, 31.706503819400002 ], [ -8.083077212099999, 31.706177419399999 ], [ -8.0830139121, 31.7058762194 ], [ -8.082976912099999, 31.705622519399999 ], [ -8.083048612100001, 31.705174419399999 ], [ -8.0831695121, 31.704686419400002 ], [ -8.082477412099999, 31.703999119399999 ], [ -8.082005412099999, 31.703703819400001 ], [ -8.0814475121, 31.703533619400002 ], [ -8.0808198121, 31.703381619400002 ], [ -8.0804175121, 31.703482019399999 ], [ -8.080181512099999, 31.703808819399999 ], [ -8.0800946121, 31.7042196194 ], [ -8.079854212100001, 31.704760419399999 ], [ -8.0795646121, 31.705223619400002 ], [ -8.0792856121, 31.705571419399998 ], [ -8.078985212099999, 31.705698219399999 ], [ -8.078668712100001, 31.705618819400001 ], [ -8.0782610121, 31.705494719400001 ], [ -8.077874812099999, 31.705206319399998 ], [ -8.0775207121, 31.7048206194 ], [ -8.076936012099999, 31.704529019399999 ], [ -8.076512212100001, 31.7042269194 ], [ -8.075906012100001, 31.704237819399999 ], [ -8.0751926121, 31.704245619400002 ], [ -8.074743012100001, 31.704169819400001 ], [ -8.0741465121, 31.703803819400001 ], [ -8.073594012099999, 31.7037089194 ], [ -8.0725715121, 31.703503919399999 ], [ -8.0717577121, 31.703672319399999 ], [ -8.0714321121, 31.704015119400001 ], [ -8.0698818121, 31.703826619400001 ], [ -8.0697638121, 31.703546419399999 ], [ -8.0696726121, 31.7031927194 ], [ -8.069801312099999, 31.702996419400002 ], [ -8.0699462121, 31.702739019399999 ], [ -8.070273412100001, 31.702579319400002 ], [ -8.070466512099999, 31.702341519400001 ], [ -8.0705094121, 31.7020526194 ], [ -8.0701876121, 31.701819819400001 ], [ -8.0699140121, 31.701779719400001 ], [ -8.0696243121, 31.701615819400001 ], [ -8.069420512100001, 31.701462019400001 ], [ -8.0691737121, 31.7012379194 ], [ -8.068964512100001, 31.701155319400002 ], [ -8.0688518121, 31.700928019399999 ], [ -8.0687016121, 31.7007016194 ], [ -8.068401212099999, 31.700517719400001 ], [ -8.068100812100001, 31.700131119400002 ], [ -8.067693112100001, 31.6997254194 ], [ -8.067473212099999, 31.6995871194 ], [ -8.067162012100001, 31.699337019400001 ], [ -8.067006512100001, 31.699078619400002 ], [ -8.0669727121, 31.698954019399999 ], [ -8.0668461121, 31.698705719399999 ], [ -8.066617112099999, 31.698243219399998 ], [ -8.0662142121, 31.697953719400001 ], [ -8.065659012099999, 31.6975435194 ], [ -8.0655694121, 31.6973818194 ], [ -8.0653596121, 31.697422319400001 ], [ -8.0651021121, 31.697343319400002 ], [ -8.0649680121, 31.697234719400001 ], [ -8.064791012100001, 31.697127419400001 ], [ -8.0645120121, 31.697059019400001 ], [ -8.0641569121, 31.697066319400001 ], [ -8.063803912099999, 31.697748219400001 ], [ -8.0636328121, 31.698656019400001 ], [ -8.063396212100001, 31.699312819399999 ], [ -8.063272812099999, 31.699883719399999 ], [ -8.0627954121, 31.700455219399998 ], [ -8.062239612100001, 31.7007505194 ], [ -8.061898512100001, 31.700982319400001 ], [ -8.061723112099999, 31.701088819399999 ], [ -8.0614178121, 31.700964519399999 ], [ -8.060809512100001, 31.7011831194 ], [ -8.060419012100001, 31.7011284194 ], [ -8.060097112099999, 31.7009910194 ], [ -8.0598611121, 31.700894719400001 ], [ -8.0596679121, 31.700842719400001 ], [ -8.0593783121, 31.700675619399998 ], [ -8.0591959121, 31.7004666194 ], [ -8.0590349121, 31.700411819399999 ], [ -8.0587764121, 31.700398619400001 ], [ -8.058520012100001, 31.700319219400001 ], [ -8.0583161121, 31.7003173194 ], [ -8.057747512100001, 31.700282719400001 ], [ -8.0573934121, 31.700399019399999 ], [ -8.057354912099999, 31.7005414194 ], [ -8.056490112100001, 31.7008317194 ], [ -8.0558434121, 31.700753719400002 ], [ -8.055445712099999, 31.700896119399999 ], [ -8.054947412100001, 31.700978119399998 ], [ -8.0544953121, 31.7010992194 ], [ -8.0540724121, 31.7012631194 ], [ -8.0533732121, 31.7014376194 ], [ -8.0527075121, 31.701569419399998 ], [ -8.052129712099999, 31.701640619399999 ], [ -8.0518557121, 31.701551519399999 ], [ -8.0517554121, 31.701419119400001 ], [ -8.0516213121, 31.701367519400002 ], [ -8.0518198121, 31.701167219399998 ], [ -8.0518466121, 31.700929419400001 ], [ -8.051975412099999, 31.700652819399998 ], [ -8.052249012100001, 31.700343419399999 ], [ -8.0524313121, 31.6999248194 ], [ -8.0522114121, 31.6994579194 ], [ -8.051943212099999, 31.699106519400001 ], [ -8.051632012100001, 31.698742719399998 ], [ -8.0511332121, 31.698613519399998 ], [ -8.0506986121, 31.698456519400001 ], [ -8.0503419121, 31.698306419400001 ], [ -8.0500237121, 31.698220919400001 ], [ -8.0496343121, 31.698192419400002 ], [ -8.049257512100001, 31.698203119399999 ], [ -8.0488305121, 31.6982458194 ], [ -8.048055912100001, 31.6983491194 ], [ -8.047540912100001, 31.698463119399999 ], [ -8.046984012099999, 31.698744619399999 ], [ -8.0462932121, 31.699172019399999 ], [ -8.0456317121, 31.699581719400001 ], [ -8.0447315121, 31.700148119400001 ], [ -8.0436053121, 31.700703819400001 ], [ -8.0428265121, 31.7010956194 ], [ -8.042240312100001, 31.7012488194 ], [ -8.0415328121, 31.701295119400001 ], [ -8.041101512099999, 31.7012880194 ], [ -8.0406200121, 31.701268519399999 ], [ -8.040204812100001, 31.700942619399999 ], [ -8.039699412099999, 31.7008952194 ], [ -8.0394119121, 31.700724519400001 ], [ -8.039103412099999, 31.700210719400001 ], [ -8.0392799121, 31.699460219399999 ], [ -8.0390364121, 31.698639619400002 ], [ -8.038827212099999, 31.698240719400001 ], [ -8.038459212099999, 31.697924819400001 ], [ -8.038178112100001, 31.697630019399998 ], [ -8.037920612100001, 31.697339719399999 ], [ -8.0375129121, 31.6972064194 ], [ -8.037191012099999, 31.6971635194 ], [ -8.036890612100001, 31.697226519400001 ], [ -8.0364829121, 31.6971535194 ], [ -8.0362930121, 31.697169919499999 ], [ -8.036336912099999, 31.697383819399999 ], [ -8.035976812099999, 31.697341019500001 ], [ -8.0346956121, 31.697544119500002 ], [ -8.033158112100001, 31.698116519500001 ], [ -8.032297612100001, 31.698224219499998 ], [ -8.0314969122, 31.698046419499999 ], [ -8.0308144122, 31.6981140195 ], [ -8.030582112199999, 31.697776919500001 ], [ -8.030024212200001, 31.6976510195 ], [ -8.0293375122, 31.697440119500001 ], [ -8.028715312199999, 31.6976656195 ], [ -8.028259712200001, 31.6979851195 ], [ -8.0278661122, 31.6980848195 ], [ -8.027288412200001, 31.698209519500001 ], [ -8.026724012200001, 31.698224919499999 ], [ -8.026012512199999, 31.698322319500001 ], [ -8.0254579122, 31.698275919499999 ], [ -8.0246661122, 31.698390519499998 ], [ -8.024310012200001, 31.6985679195 ], [ -8.0236416122, 31.6979097195 ], [ -8.0233760122, 31.6973543195 ], [ -8.0219801122, 31.6966748195 ], [ -8.021170612200001, 31.6963498195 ], [ -8.020718412200001, 31.696207019500001 ], [ -8.020385812200001, 31.6962106195 ], [ -8.0201644122, 31.6959923195 ], [ -8.019638712200001, 31.695901519500001 ], [ -8.0190700122, 31.6958284195 ], [ -8.018019712199999, 31.696174019499999 ], [ -8.016927412199999, 31.6969308195 ], [ -8.0158643122, 31.6973622195 ], [ -8.015099212200001, 31.697541619500001 ], [ -8.014715112199999, 31.697731019500001 ], [ -8.014302412199999, 31.697821419499999 ], [ -8.0136985122, 31.697882519499998 ], [ -8.013276512199999, 31.697937619499999 ], [ -8.012331812199999, 31.697879219499999 ], [ -8.0122250122, 31.697170819499998 ], [ -8.0121928122, 31.6966742195 ], [ -8.0118710122, 31.695992819499999 ], [ -8.011216512200001, 31.6956226195 ], [ -8.0103904122, 31.6952177195 ], [ -8.0095536122, 31.6952237195 ], [ -8.008813312199999, 31.695262919499999 ], [ -8.008405612200001, 31.6953159195 ], [ -8.0079871122, 31.695494819499999 ], [ -8.007742612199999, 31.695669219500001 ], [ -8.0073220122, 31.695865419499999 ], [ -8.0070001122, 31.696038419499999 ], [ -8.0064422122, 31.696365719500001 ], [ -8.0057073122, 31.696539619500001 ], [ -8.005127912200001, 31.696641819500002 ], [ -8.004671912199999, 31.696616219500001 ], [ -8.0038077122, 31.696587919500001 ], [ -8.0030987122, 31.6960291195 ], [ -8.003052412200001, 31.695994619499999 ], [ -8.0023642122, 31.694247819499999 ], [ -8.001968312200001, 31.693387919500001 ], [ -8.0012172122, 31.692366819499998 ], [ -8.0005306122, 31.691732319500002 ], [ -7.9995843122, 31.6918410195 ], [ -7.9989100122, 31.692093419500001 ], [ -7.9984744122, 31.692258619499999 ], [ -7.9981785122, 31.692523319500001 ], [ -7.9975710122, 31.6926600195 ], [ -7.9961981122, 31.693142919500001 ], [ -7.9956011122, 31.6936368195 ], [ -7.9946188122, 31.693829419499998 ], [ -7.9938807122, 31.693851319499998 ], [ -7.9931082122, 31.693537319499999 ], [ -7.9918894122, 31.6933182195 ], [ -7.9908440122, 31.692663219500002 ], [ -7.9896879122, 31.691889119500001 ], [ -7.9889691122, 31.691656719499999 ], [ -7.9887384122, 31.691573919500001 ], [ -7.9878553122, 31.691419419500001 ], [ -7.9862246122, 31.690857019500001 ], [ -7.9848684122, 31.690659819499999 ], [ -7.9839758122, 31.6907621195 ], [ -7.9832634122, 31.690952019499999 ], [ -7.9825338122, 31.6910396195 ], [ -7.9811176122, 31.690637919499999 ], [ -7.9795984122, 31.6901486195 ], [ -7.9784951122, 31.690340319499999 ], [ -7.9770233122, 31.6903395195 ], [ -7.9759249122, 31.690323919499999 ], [ -7.9752554122, 31.690199719500001 ], [ -7.9739079122, 31.6904699195 ], [ -7.9728092122, 31.690491919500001 ], [ -7.9711592122, 31.690509619499998 ], [ -7.9698777122, 31.690150019499999 ], [ -7.9688799122, 31.689952319500001 ], [ -7.9680714122, 31.689929519500001 ], [ -7.9646381122, 31.689958719500002 ], [ -7.9628271122, 31.690199719500001 ], [ -7.9621014122, 31.690198319499999 ], [ -7.9614899122, 31.690247619499999 ], [ -7.9609388122, 31.690243519500001 ], [ -7.9601295122, 31.690268219499998 ], [ -7.9593575122, 31.6902440195 ], [ -7.9590367122, 31.690300119500002 ], [ -7.9586387122, 31.690269119500002 ], [ -7.9582095122, 31.690431119500001 ], [ -7.9577777122, 31.690412019499998 ], [ -7.9574112122, 31.6904115195 ], [ -7.9568577122, 31.690026319499999 ], [ -7.9564500122, 31.689633719500002 ], [ -7.9559263122, 31.688958119500001 ], [ -7.9551710122, 31.6883446195 ], [ -7.9543814122, 31.687848019499999 ], [ -7.9533686122, 31.6875997195 ], [ -7.9516605122, 31.6876508195 ], [ -7.9506306122, 31.687789619499998 ], [ -7.9491543122, 31.6883227195 ], [ -7.9483466122, 31.688348919500001 ], [ -7.9477458122, 31.688456619499998 ], [ -7.9472200122, 31.688541119500002 ], [ -7.9459991122, 31.6886797196 ], [ -7.9450641122, 31.688778419599998 ], [ -7.9441237122, 31.689424319600001 ], [ -7.9437053122, 31.690170219599999 ], [ -7.9433501122, 31.6902819196 ], [ -7.9428416122, 31.6909542195 ], [ -7.9425453122, 31.691222219499998 ], [ -7.9423050122, 31.691799119500001 ], [ -7.9419273122, 31.692244619499998 ], [ -7.9412365122, 31.6925253195 ], [ -7.9400391122, 31.693040719500001 ], [ -7.9381508122, 31.693573819600001 ], [ -7.9371122122, 31.6938513196 ], [ -7.9361509122, 31.694289519600002 ], [ -7.9356265122, 31.6942517196 ], [ -7.9351501122, 31.6942362196 ], [ -7.9344635122, 31.6938154196 ], [ -7.9335091122, 31.693531319600002 ], [ -7.9319534122, 31.692899619599999 ], [ -7.9301263122, 31.6920348196 ], [ -7.9288437122, 31.691599319600002 ], [ -7.9277021122, 31.6914049196 ], [ -7.9270096122, 31.6906902196 ], [ -7.9249025122, 31.6877759196 ], [ -7.9224123122, 31.683469419600002 ], [ -7.9250945122, 31.681289319600001 ], [ -7.9235495122, 31.675226719600001 ], [ -7.9208030122, 31.6670453196 ], [ -7.9199101122, 31.6641961196 ], [ -7.9172839123, 31.655137119599999 ], [ -7.9147090123, 31.644688819599999 ], [ -7.9147090123, 31.637673919699999 ], [ -7.9159106123, 31.6319008197 ], [ -7.9183139123, 31.628173719700001 ], [ -7.9198588123, 31.615310419699998 ], [ -7.9172806123, 31.610812919699999 ], [ -7.9153580123, 31.6054511197 ], [ -7.9139365123, 31.596596919700001 ], [ -7.9153098123, 31.590024319699999 ], [ -7.9042376123, 31.5875330197 ], [ -7.8985277123, 31.581533819800001 ], [ -7.8944079124, 31.573526919799999 ], [ -7.8895386124, 31.565732819800001 ], [ -7.8865002124, 31.560033819800001 ], [ -7.8847385124, 31.5540164198 ], [ -7.8864250124, 31.546305319799998 ], [ -7.8890579124, 31.5441986198 ], [ -7.8941348124, 31.5462595198 ], [ -7.8987632124, 31.5468831198 ], [ -7.8998232124, 31.549708319800001 ], [ -7.9025505124, 31.554756919799999 ], [ -7.9027764124, 31.557620919800002 ], [ -7.9005898124, 31.563469919799999 ], [ -7.8991286124, 31.5676036198 ], [ -7.8993861124, 31.569578119799999 ], [ -7.8993453124, 31.571331319799999 ], [ -7.9002894124, 31.572282019799999 ], [ -7.9032506124, 31.572369719800001 ], [ -7.9120890124, 31.561038119799999 ], [ -7.9205090124, 31.554249219799999 ], [ -7.9247812124, 31.556503719799998 ], [ -7.9273561123, 31.562246719800001 ], [ -7.9297680124, 31.5591037198 ], [ -7.9356216124, 31.5562111198 ], [ -7.9364542124, 31.5523237198 ], [ -7.9518265123, 31.553121019700001 ], [ -7.9611133123, 31.5549970197 ], [ -7.9688467123, 31.556964419700002 ], [ -7.9754599123, 31.556459819699999 ], [ -7.9788331123, 31.5639708197 ], [ -7.9762056123, 31.567220619699999 ], [ -7.9772506123, 31.5710598197 ], [ -7.9800658123, 31.572466619699998 ], [ -7.9810743123, 31.574916319700002 ], [ -7.9797761123, 31.575181419700002 ], [ -7.9793685123, 31.5752545197 ], [ -7.9789071123, 31.574057119700001 ], [ -7.9777409123, 31.5743203197 ], [ -7.9781883123, 31.575501319699999 ], [ -7.9738646123, 31.576442719700001 ], [ -7.9716437123, 31.5771008197 ], [ -7.9658823123, 31.578499319700001 ], [ -7.9676616123, 31.588291919700001 ], [ -7.9701722123, 31.5953297197 ], [ -7.9710949123, 31.598318919699999 ], [ -7.9724210123, 31.602751719699999 ], [ -7.9756470123, 31.611439919599999 ], [ -7.9768043123, 31.617135819600001 ], [ -7.9773010123, 31.619253619599998 ] ] ] ] } },
{ "type": "Feature", "properties": { "com_fr": "Bouabout" }, "geometry": { "type": "MultiPolygon", "coordinates": [ [ [ [ -9.265373612, 31.237210718899998 ], [ -9.263731412, 31.2446336189 ], [ -9.265353612, 31.250823118900001 ], [ -9.275142612, 31.254128718899999 ], [ -9.273743611900001, 31.266495218900001 ], [ -9.2734555119, 31.2761435189 ], [ -9.2779000119, 31.290180018899999 ], [ -9.297656011899999, 31.322712618800001 ], [ -9.284309411900001, 31.3464106188 ], [ -9.2736277119, 31.3485657188 ], [ -9.2515607119, 31.355452118799999 ], [ -9.237321311900001, 31.354191418799999 ], [ -9.210443511899999, 31.357174518800001 ], [ -9.215833611900001, 31.369490818799999 ], [ -9.196375811899999, 31.372883818799998 ], [ -9.186835711900001, 31.359146118799998 ], [ -9.1761756119, 31.360421418800001 ], [ -9.1528296119, 31.3654051189 ], [ -9.152297511900001, 31.350999318900001 ], [ -9.150838311899999, 31.3327460189 ], [ -9.152640812, 31.310236118900001 ], [ -9.153499112, 31.294028619 ], [ -9.155044012, 31.288967819 ], [ -9.158734812, 31.284566919 ], [ -9.149293412, 31.277011419 ], [ -9.146117712, 31.274223819 ], [ -9.146203512, 31.271216119 ], [ -9.150237512, 31.269382019 ], [ -9.155301512, 31.267034419 ], [ -9.155301512, 31.264319919 ], [ -9.153842412, 31.257569919 ], [ -9.152469112, 31.253534419 ], [ -9.151439212, 31.249498719 ], [ -9.147576812, 31.245536219 ], [ -9.152125812, 31.243408119 ], [ -9.157876512, 31.243041219 ], [ -9.161653012, 31.246343419 ], [ -9.164742912, 31.244802319 ], [ -9.167116112, 31.242083519 ], [ -9.169682512, 31.239966419 ], [ -9.170493612, 31.241133219 ], [ -9.174355912, 31.242454119 ], [ -9.176930912, 31.242644919 ], [ -9.180278312, 31.241059819 ], [ -9.181565712, 31.238638119 ], [ -9.181994912, 31.235629219 ], [ -9.183024812, 31.231225819 ], [ -9.187058912, 31.229170819 ], [ -9.194697812, 31.227189119 ], [ -9.201650112, 31.226895519 ], [ -9.206456612, 31.226822119 ], [ -9.213065612, 31.226968919 ], [ -9.219674612, 31.227042319 ], [ -9.225682712, 31.228143219 ], [ -9.231090012, 31.229244119 ], [ -9.233922412, 31.230609319 ], [ -9.231347512, 31.232840419 ], [ -9.228772612, 31.236774019 ], [ -9.230575012, 31.238784919 ], [ -9.234008312, 31.237170319 ], [ -9.237870712, 31.235702619 ], [ -9.245767112, 31.235335619 ], [ -9.252461912, 31.235922719 ], [ -9.258517212, 31.236961218899999 ], [ -9.265373612, 31.237210718899998 ] ] ] ] } },
{ "type": "Feature", "properties": { "com_fr": "Taouloukoult" }, "geometry": { "type": "MultiPolygon", "coordinates": [ [ [ [ -9.163455512100001, 31.1914388191 ], [ -9.165429612100001, 31.194522519100001 ], [ -9.1661162121, 31.200146419100001 ], [ -9.1660304121, 31.204800819100001 ], [ -9.166974512099999, 31.2107177191 ], [ -9.1666312121, 31.2180876191 ], [ -9.166888712, 31.224003719100001 ], [ -9.168605312, 31.235262219 ], [ -9.169682512, 31.239966419 ], [ -9.167116112, 31.242083519 ], [ -9.164742912, 31.244802319 ], [ -9.161653012, 31.246343419 ], [ -9.157876512, 31.243041219 ], [ -9.152125812, 31.243408119 ], [ -9.147576812, 31.245536219 ], [ -9.151439212, 31.249498719 ], [ -9.152469112, 31.253534419 ], [ -9.153842412, 31.257569919 ], [ -9.155301512, 31.264319919 ], [ -9.155301512, 31.267034419 ], [ -9.150237512, 31.269382019 ], [ -9.146203512, 31.271216119 ], [ -9.146117712, 31.274223819 ], [ -9.149293412, 31.277011419 ], [ -9.158734812, 31.284566919 ], [ -9.155044012, 31.288967819 ], [ -9.146890112, 31.288601119 ], [ -9.135989612, 31.290068019 ], [ -9.128179012, 31.292752519 ], [ -9.124574112, 31.299749319 ], [ -9.121484212, 31.300189319 ], [ -9.119252612, 31.297035719 ], [ -9.116682012, 31.291534919 ], [ -9.109128912, 31.290508119 ], [ -9.100803312, 31.292488419 ], [ -9.095825212, 31.292268419 ], [ -9.091018612, 31.289041219 ], [ -9.082950612, 31.282806419 ], [ -9.081143812, 31.278302519099999 ], [ -9.079603212, 31.274297219099999 ], [ -9.073504912, 31.270673219100001 ], [ -9.0706725121, 31.2671518191 ], [ -9.065526912099999, 31.264026419099999 ], [ -9.059089612099999, 31.2643199191 ], [ -9.055223012100001, 31.263630219100001 ], [ -9.054197312099999, 31.258303619100001 ], [ -9.052394812099999, 31.253827919100001 ], [ -9.0525665121, 31.250379219100001 ], [ -9.058660512099999, 31.248618119100001 ], [ -9.063123712099999, 31.2471505191 ], [ -9.0614929121, 31.241793719099999 ], [ -9.060548712099999, 31.239371919100002 ], [ -9.058574612099999, 31.237537319099999 ], [ -9.053939812099999, 31.239371919100002 ], [ -9.0493049121, 31.241867019099999 ], [ -9.0403785121, 31.2442153191 ], [ -9.0332546121, 31.2443621191 ], [ -9.029134712099999, 31.243775019200001 ], [ -9.024671512099999, 31.241720319199999 ], [ -9.022697412099999, 31.238858219200001 ], [ -9.021924912099999, 31.234821919200002 ], [ -9.0222683121, 31.229757919200001 ], [ -9.025444012099999, 31.225574419200001 ], [ -9.0310230121, 31.2221247192 ], [ -9.041236812099999, 31.217427019199999 ], [ -9.0458717121, 31.213022719200001 ], [ -9.044236612100001, 31.209029319199999 ], [ -9.035572012099999, 31.2040667192 ], [ -9.0230407121, 31.196945419199999 ], [ -9.0136852122, 31.189456319200001 ], [ -9.0109498122, 31.1873246193 ], [ -9.0121402122, 31.186005319300001 ], [ -9.0166034122, 31.182554219299998 ], [ -9.0200367122, 31.179837219300001 ], [ -9.0236416122, 31.179323219299999 ], [ -9.0309372122, 31.1798372192 ], [ -9.0365162122, 31.179690319199999 ], [ -9.0443267122, 31.1785154192 ], [ -9.047674112199999, 31.1757984192 ], [ -9.048704112199999, 31.1734484192 ], [ -9.049734112199999, 31.1716125192 ], [ -9.0480175122, 31.1688217192 ], [ -9.0460434122, 31.164121419299999 ], [ -9.041494312199999, 31.1597881193 ], [ -9.040807712199999, 31.157364319300001 ], [ -9.0423526122, 31.152957219299999 ], [ -9.0457859122, 31.1504598193 ], [ -9.0516224122, 31.147007419299999 ], [ -9.0569439122, 31.145244419299999 ], [ -9.0614071122, 31.142820219299999 ], [ -9.0656986122, 31.1362819193 ], [ -9.070762612199999, 31.1293024193 ], [ -9.078659012199999, 31.133637119300001 ], [ -9.0911903122, 31.142820219200001 ], [ -9.1068115122, 31.150680219200002 ], [ -9.1136264121, 31.159101419199999 ], [ -9.123462612100001, 31.1694166192 ], [ -9.141534312099999, 31.1780124191 ], [ -9.1518983121, 31.1839273191 ], [ -9.1584773121, 31.187253619100002 ], [ -9.163455512100001, 31.1914388191 ] ] ] ] } },
{ "type": "Feature", "properties": { "com_fr": "Sidi El Mokhtar" }, "geometry": { "type": "MultiPolygon", "coordinates": [ [ [ [ -9.121941011700001, 31.6129569185 ], [ -9.098490011699999, 31.632824518500001 ], [ -9.0955129116, 31.638309818500002 ], [ -9.0919368116, 31.644898118499999 ], [ -9.077312511600001, 31.651283918499999 ], [ -9.0798274116, 31.6602411185 ], [ -9.0747805116, 31.663072018499999 ], [ -9.069347411600001, 31.6581261185 ], [ -9.062412311599999, 31.6597425185 ], [ -9.0472224116, 31.6620840185 ], [ -9.042502111599999, 31.6647222185 ], [ -9.0354980116, 31.668636818500001 ], [ -9.029313911699999, 31.6655212185 ], [ -9.020439011700001, 31.6705325185 ], [ -9.0070665117, 31.6661275186 ], [ -9.0011708117, 31.6632586186 ], [ -8.9940297117, 31.655572918600001 ], [ -8.988686811699999, 31.6482191186 ], [ -8.9742028117, 31.640594318600002 ], [ -8.9621007117, 31.635990618600001 ], [ -8.951286011700001, 31.6358444187 ], [ -8.9480245117, 31.6356252187 ], [ -8.9487111117, 31.631679018700002 ], [ -8.9493763117, 31.624981018700002 ], [ -8.948110311700001, 31.617500518699998 ], [ -8.9439904118, 31.611506918700002 ], [ -8.943647111800001, 31.607194218699998 ], [ -8.944998911800001, 31.6011524187 ], [ -8.9463079118, 31.594912818699999 ], [ -8.9441406118, 31.585360718699999 ], [ -8.943647111800001, 31.579266318799998 ], [ -8.943797311799999, 31.573588318799999 ], [ -8.941930511800001, 31.566542418800001 ], [ -8.940728911800001, 31.5608381188 ], [ -8.9372742118, 31.557865118799999 ], [ -8.935235711800001, 31.554914018800002 ], [ -8.9325535118, 31.5475522188 ], [ -8.933411811799999, 31.543163318800001 ], [ -8.9359224118, 31.539041318799999 ], [ -8.928798411900001, 31.530847918799999 ], [ -8.919335611899999, 31.523411018899999 ], [ -8.916331511899999, 31.518143118899999 ], [ -8.925880211899999, 31.515922418900001 ], [ -8.934291611900001, 31.513800418900001 ], [ -8.9435613119, 31.5137272188 ], [ -8.954955311899999, 31.514557718799999 ], [ -8.968087411799999, 31.515069918799998 ], [ -8.9772069118, 31.517751618799998 ], [ -8.997870711799999, 31.519240618800001 ], [ -9.0084493118, 31.520019818800002 ], [ -9.020723111800001, 31.520239318800002 ], [ -9.0299928118, 31.517312618799998 ], [ -9.035829311800001, 31.5157760188 ], [ -9.046107511800001, 31.516313818699999 ], [ -9.0566647118, 31.5180699187 ], [ -9.0637242118, 31.5228733187 ], [ -9.067844111799999, 31.5249950187 ], [ -9.0778863118, 31.5233123187 ], [ -9.0903318118, 31.5217758187 ], [ -9.1061246118, 31.5215563187 ], [ -9.1181194118, 31.523337918700001 ], [ -9.127067311699999, 31.5282873186 ], [ -9.1376245117, 31.536188318600001 ], [ -9.141916011699999, 31.538895018600002 ], [ -9.148610811699999, 31.542479418599999 ], [ -9.1552927117, 31.546557418599999 ], [ -9.159373711700001, 31.5494380186 ], [ -9.154560011699999, 31.560970018599999 ], [ -9.141620011700001, 31.582100018599998 ], [ -9.1319300117, 31.600470018500001 ], [ -9.121941011700001, 31.6129569185 ] ] ] ] } },
{ "type": "Feature", "properties": { "com_fr": "Ahdil" }, "geometry": { "type": "MultiPolygon", "coordinates": [ [ [ [ -8.8188348117, 31.7276728187 ], [ -8.814128611699999, 31.727217818700002 ], [ -8.8100946117, 31.726341718699999 ], [ -8.802541511699999, 31.7229834187 ], [ -8.797563311699999, 31.7177267187 ], [ -8.7907612117, 31.716949118700001 ], [ -8.7778866117, 31.713590518699998 ], [ -8.7709558117, 31.7133459187 ], [ -8.7646901117, 31.711885618699998 ], [ -8.763510311699999, 31.709233418699998 ], [ -8.7650335118, 31.700494318699999 ], [ -8.7659561118, 31.684452918800002 ], [ -8.771299111799999, 31.675078018800001 ], [ -8.7776506118, 31.664047618800002 ], [ -8.782521511800001, 31.6537719188 ], [ -8.787606911799999, 31.646659118799999 ], [ -8.7938511118, 31.640912118799999 ], [ -8.7904393118, 31.6315328188 ], [ -8.7888086118, 31.622744618799999 ], [ -8.7844097118, 31.611386318899999 ], [ -8.776963911899999, 31.600322618900002 ], [ -8.7669217119, 31.590818618899998 ], [ -8.755484811900001, 31.583459718899999 ], [ -8.7488758119, 31.581339218899998 ], [ -8.7451851119, 31.5796575189 ], [ -8.7440908119, 31.5743671189 ], [ -8.7441766119, 31.570052619 ], [ -8.7447560119, 31.564008419 ], [ -8.749927211899999, 31.562154519 ], [ -8.7550556119, 31.561814419 ], [ -8.765355311900001, 31.563057718900001 ], [ -8.773852611900001, 31.5615950189 ], [ -8.7813198119, 31.560205518899998 ], [ -8.787349411899999, 31.557400718899999 ], [ -8.791040111899999, 31.5533049189 ], [ -8.794881111900001, 31.5510631189 ], [ -8.797992411899999, 31.549355218900001 ], [ -8.8009107119, 31.550232918900001 ], [ -8.8029492119, 31.549453918899999 ], [ -8.8048589119, 31.550525518899999 ], [ -8.8068974119, 31.5503316189 ], [ -8.8056314119, 31.545844218900001 ], [ -8.8100087119, 31.543576618900001 ], [ -8.815330211899999, 31.537944018899999 ], [ -8.8151371119, 31.531970918900001 ], [ -8.814643611899999, 31.528287318899999 ], [ -8.8210594119, 31.519460119 ], [ -8.8158238119, 31.519899119 ], [ -8.8145578119, 31.518263819 ], [ -8.8186776119, 31.515483319 ], [ -8.8180554119, 31.512582119 ], [ -8.8147938119, 31.510825919 ], [ -8.8123905119, 31.507898919 ], [ -8.8114464119, 31.505337719 ], [ -8.8144719119, 31.500848119 ], [ -8.8165319119, 31.495432519 ], [ -8.818849312, 31.491626719 ], [ -8.824170812, 31.488918719 ], [ -8.825715712, 31.485698219 ], [ -8.830350612, 31.481013719 ], [ -8.834620712, 31.477818519 ], [ -8.843740212, 31.473840019 ], [ -8.852666612, 31.470106619 ], [ -8.859511612, 31.463397019 ], [ -8.866180812, 31.457593219 ], [ -8.869403612, 31.460076819 ], [ -8.874295912, 31.461028619 ], [ -8.887256411899999, 31.464982019 ], [ -8.8931572119, 31.468887719 ], [ -8.9013111119, 31.474012018900002 ], [ -8.9068043119, 31.478550518900001 ], [ -8.908714011900001, 31.4830632189 ], [ -8.908971511900001, 31.489504218899999 ], [ -8.910666711899999, 31.501678718899999 ], [ -8.914786511899999, 31.513240618899999 ], [ -8.916331511899999, 31.518143118899999 ], [ -8.919335611899999, 31.523411018899999 ], [ -8.928798411900001, 31.530847918799999 ], [ -8.9359224118, 31.539041318799999 ], [ -8.933411811799999, 31.543163318800001 ], [ -8.9325535118, 31.5475522188 ], [ -8.935235711800001, 31.554914018800002 ], [ -8.9372742118, 31.557865118799999 ], [ -8.940728911800001, 31.5608381188 ], [ -8.941930511800001, 31.566542418800001 ], [ -8.943797311799999, 31.573588318799999 ], [ -8.943647111800001, 31.579266318799998 ], [ -8.9441406118, 31.585360718699999 ], [ -8.9463079118, 31.594912818699999 ], [ -8.944998911800001, 31.6011524187 ], [ -8.943647111800001, 31.607194218699998 ], [ -8.9439904118, 31.611506918700002 ], [ -8.948110311700001, 31.617500518699998 ], [ -8.9493763117, 31.624981018700002 ], [ -8.9487111117, 31.631679018700002 ], [ -8.9480245117, 31.6356252187 ], [ -8.951286011700001, 31.6358444187 ], [ -8.9621007117, 31.635990618600001 ], [ -8.9742028117, 31.640594318600002 ], [ -8.988686811699999, 31.6482191186 ], [ -8.9940297117, 31.655572918600001 ], [ -9.0011708117, 31.6632586186 ], [ -8.9764303117, 31.676687618599999 ], [ -8.9726151117, 31.692241118599998 ], [ -8.9726151116, 31.702045118499999 ], [ -8.9728726116, 31.7102672185 ], [ -8.9724821116, 31.7179702185 ], [ -8.975190011600001, 31.7245630185 ], [ -8.9762586116, 31.730907018500002 ], [ -8.9795674116, 31.735936618499998 ], [ -8.982142311600001, 31.7497723185 ], [ -8.983039311600001, 31.757709218399999 ], [ -8.9856142116, 31.7682798184 ], [ -8.9837260116, 31.778453818399999 ], [ -8.982221811600001, 31.780938218399999 ], [ -8.9799544116, 31.778970318399999 ], [ -8.979384211599999, 31.778221218399999 ], [ -8.9780661116, 31.776489518399998 ], [ -8.9755084116, 31.774329718400001 ], [ -8.9730474116, 31.772768418399998 ], [ -8.9730880116, 31.770506218400001 ], [ -8.9715430116, 31.768608918399998 ], [ -8.9689062116, 31.768569718399998 ], [ -8.967572111599999, 31.768789218399998 ], [ -8.9663932116, 31.769338618399999 ], [ -8.9646766116, 31.7697765184 ], [ -8.960927311600001, 31.768877618499999 ], [ -8.959399511599999, 31.767132218499999 ], [ -8.957998911600001, 31.765281418499999 ], [ -8.9592006116, 31.764405718500001 ], [ -8.958840111600001, 31.762625118500001 ], [ -8.9581534116, 31.759414018499999 ], [ -8.956282311600001, 31.7569619185 ], [ -8.9521624116, 31.7557942185 ], [ -8.9492270116, 31.754013418500001 ], [ -8.9463290116, 31.754546118499999 ], [ -8.9438296116, 31.755902018499999 ], [ -8.9423515116, 31.756547118499999 ], [ -8.9412061116, 31.757524418500001 ], [ -8.9403911116, 31.760329918499998 ], [ -8.939378311600001, 31.762483818500002 ], [ -8.937353611600001, 31.764441118499999 ], [ -8.935596411600001, 31.7649249185 ], [ -8.9351744116, 31.766877618500001 ], [ -8.934015711600001, 31.7674035185 ], [ -8.9324966116, 31.767380518500001 ], [ -8.930667511599999, 31.766546918500001 ], [ -8.928981011599999, 31.765213818500001 ], [ -8.927375211599999, 31.763648218499998 ], [ -8.926052711600001, 31.761603418499998 ], [ -8.9262132116, 31.760757418499999 ], [ -8.9255378116, 31.758976218499999 ], [ -8.923134511600001, 31.756348918499999 ], [ -8.9205596116, 31.7535755185 ], [ -8.9183940116, 31.751184718499999 ], [ -8.917663811600001, 31.7492351185 ], [ -8.9188009116, 31.747026418499999 ], [ -8.9210746116, 31.746422918499999 ], [ -8.9232425116, 31.744910718500002 ], [ -8.922940411600001, 31.7398357185 ], [ -8.920920111599999, 31.7371090185 ], [ -8.9178776116, 31.734781318500001 ], [ -8.915796111600001, 31.734799618499999 ], [ -8.913994411599999, 31.7350192185 ], [ -8.9127459116, 31.7352916185 ], [ -8.910427111600001, 31.735613218600001 ], [ -8.909729711600001, 31.735786618599999 ], [ -8.909241611600001, 31.735973618599999 ], [ -8.9083833116, 31.736425318599998 ], [ -8.9078039116, 31.737064018600002 ], [ -8.907406911600001, 31.737689118599999 ], [ -8.9071700116, 31.738831718499998 ], [ -8.9061400116, 31.741605518499998 ], [ -8.9042518116, 31.7445251185 ], [ -8.901522311600001, 31.7465981185 ], [ -8.8982436116, 31.748028618500001 ], [ -8.8948104116, 31.748174618499998 ], [ -8.8917376116, 31.7473279186 ], [ -8.889979011599999, 31.7453208186 ], [ -8.8909408116, 31.7440507186 ], [ -8.891222711599999, 31.743678418599998 ], [ -8.8937976116, 31.742218618599999 ], [ -8.895840311600001, 31.741313518599998 ], [ -8.8970420116, 31.739853618600002 ], [ -8.8960292116, 31.7381309186 ], [ -8.893437111700001, 31.736933818600001 ], [ -8.8908856117, 31.735984218599999 ], [ -8.888438411699999, 31.734451118599999 ], [ -8.8860556117, 31.733429918599999 ], [ -8.883309111699999, 31.733429918599999 ], [ -8.879388411700001, 31.733140418600001 ], [ -8.8783477117, 31.733094818600001 ], [ -8.8770710117, 31.733067418600001 ], [ -8.876395111700001, 31.733176918600002 ], [ -8.876137611700001, 31.733377618599999 ], [ -8.8759338117, 31.733733518600001 ], [ -8.875805011700001, 31.734244518600001 ], [ -8.874903811699999, 31.735011018600002 ], [ -8.873755811700001, 31.7360238186 ], [ -8.8726078117, 31.737036718599999 ], [ -8.8718890117, 31.737648018600002 ], [ -8.871599311700001, 31.737830518599999 ], [ -8.870912711700001, 31.7379400186 ], [ -8.8703440117, 31.7380586186 ], [ -8.8696145117, 31.738432718599999 ], [ -8.8690244117, 31.738907218600001 ], [ -8.8681124117, 31.739299518599999 ], [ -8.866664011699999, 31.739792218600002 ], [ -8.865312211699999, 31.739901318600001 ], [ -8.8647543117, 31.739946918600001 ], [ -8.8635849117, 31.739864818600001 ], [ -8.862576411699999, 31.739500318600001 ], [ -8.8615357117, 31.7392904186 ], [ -8.860816811699999, 31.738761218600001 ], [ -8.860044311699999, 31.737784918599999 ], [ -8.8595830117, 31.736781218600001 ], [ -8.8591431117, 31.735841318599999 ], [ -8.858767611699999, 31.7353395186 ], [ -8.8586603117, 31.734153218599999 ], [ -8.8586711117, 31.733240818599999 ], [ -8.8589178117, 31.732154918599999 ], [ -8.859786911700001, 31.731288018600001 ], [ -8.860806111700001, 31.730247718600001 ], [ -8.861256711699999, 31.7299466186 ], [ -8.8623296117, 31.729335218599999 ], [ -8.8628446117, 31.7288881186 ], [ -8.8634025117, 31.728139818599999 ], [ -8.863445411700001, 31.727446218600001 ], [ -8.8634990117, 31.7266888186 ], [ -8.863338111699999, 31.725885818599998 ], [ -8.8631021117, 31.725438618599998 ], [ -8.861825311700001, 31.724881918600001 ], [ -8.860441311700001, 31.724252318600001 ], [ -8.859207511699999, 31.723723018600001 ], [ -8.856160511700001, 31.721970818599999 ], [ -8.855205611700001, 31.721368418600001 ], [ -8.8542830117, 31.7211859186 ], [ -8.8534461117, 31.721030818599999 ], [ -8.852620011699999, 31.721012518599998 ], [ -8.8516866117, 31.721286318600001 ], [ -8.8506995117, 31.721532718599999 ], [ -8.849648111700001, 31.721989018599999 ], [ -8.848897111699999, 31.722372318600002 ], [ -8.8482104117, 31.723011118599999 ], [ -8.847201911699999, 31.723841618600002 ], [ -8.8469015117, 31.724188418600001 ], [ -8.846772811699999, 31.7246447186 ], [ -8.8468372117, 31.725210518600001 ], [ -8.8468586117, 31.7257215186 ], [ -8.847019511699999, 31.726323818600001 ], [ -8.847105411699999, 31.726825718600001 ], [ -8.8471483117, 31.727446218600001 ], [ -8.846912311700001, 31.7283770186 ], [ -8.846847911699999, 31.729271318599999 ], [ -8.8466011117, 31.7300287186 ], [ -8.8459788117, 31.730895618600002 ], [ -8.8456141117, 31.731589118599999 ], [ -8.844712811699999, 31.7322918186 ], [ -8.8444124117, 31.732675018599998 ], [ -8.8443695117, 31.733222518600002 ], [ -8.8444768117, 31.7336240186 ], [ -8.844466111699999, 31.734344918600002 ], [ -8.8442193117, 31.735275618599999 ], [ -8.844058411700001, 31.7367355186 ], [ -8.843843811699999, 31.737538518600001 ], [ -8.8433503117, 31.737867018599999 ], [ -8.8426851117, 31.738295818600001 ], [ -8.8421057117, 31.7386426186 ], [ -8.841172311699999, 31.739016718599999 ], [ -8.840324711699999, 31.7393360186 ], [ -8.8390587117, 31.739710118600001 ], [ -8.837953711700001, 31.739910418600001 ], [ -8.8370203117, 31.740248018599999 ], [ -8.836301411699999, 31.7404305186 ], [ -8.8354860117, 31.7403849186 ], [ -8.8346277117, 31.739682718600001 ], [ -8.8337265117, 31.738560418599999 ], [ -8.8327824117, 31.737456418600001 ], [ -8.831956311700001, 31.736498318599999 ], [ -8.831044311699999, 31.734691618599999 ], [ -8.8306259117, 31.7335419186 ], [ -8.8305722117, 31.732456018600001 ], [ -8.8305722117, 31.732118318600001 ], [ -8.8305722117, 31.7316804186 ], [ -8.830121611699999, 31.730950418599999 ], [ -8.828694711700001, 31.7294265186 ], [ -8.827568211699999, 31.7283132186 ], [ -8.826870811699999, 31.728021118600001 ], [ -8.826205611700001, 31.727601418599999 ], [ -8.8252722117, 31.7267436186 ], [ -8.8249611117, 31.726159518599999 ], [ -8.8247679117, 31.7250827186 ], [ -8.8244783117, 31.723750318699999 ], [ -8.8237809117, 31.722582218700001 ], [ -8.823105011699999, 31.7218430187 ], [ -8.822482711699999, 31.721405018700001 ], [ -8.8216995117, 31.721094718700002 ], [ -8.820862611700001, 31.7210125187 ], [ -8.8197857117, 31.721166218699999 ], [ -8.819049511699999, 31.7215053187 ], [ -8.8181375117, 31.722198918699998 ], [ -8.8174401117, 31.723093318699998 ], [ -8.816925211699999, 31.7239967187 ], [ -8.8164531117, 31.724626418700002 ], [ -8.8163458117, 31.725018818700001 ], [ -8.8166140117, 31.725274318699999 ], [ -8.817247011699999, 31.725730618699998 ], [ -8.8178800117, 31.726205218699999 ], [ -8.8183628117, 31.726907818699999 ], [ -8.8188348117, 31.7276728187 ] ] ] ] } },
{ "type": "Feature", "properties": { "com_fr": "Chichaoua" }, "geometry": { "type": "MultiPolygon", "coordinates": [ [ [ [ -8.797992411899999, 31.549355218900001 ], [ -8.794881111900001, 31.5510631189 ], [ -8.791040111899999, 31.5533049189 ], [ -8.787349411899999, 31.557400718899999 ], [ -8.7813198119, 31.560205518899998 ], [ -8.773852611900001, 31.5615950189 ], [ -8.765355311900001, 31.563057718900001 ], [ -8.7550556119, 31.561814419 ], [ -8.749927211899999, 31.562154519 ], [ -8.750764111900001, 31.558011419 ], [ -8.7493264119, 31.555206519 ], [ -8.7463867119, 31.555085819 ], [ -8.743125211900001, 31.558084519 ], [ -8.7413442119, 31.559082819 ], [ -8.7377393119, 31.560033619 ], [ -8.732332011900001, 31.561642619 ], [ -8.727868811900001, 31.561569419 ], [ -8.7243282119, 31.560717419 ], [ -8.7225473119, 31.557035019 ], [ -8.7254655119, 31.554548319 ], [ -8.7385976119, 31.547014519 ], [ -8.7436616119, 31.542333119 ], [ -8.7482965119, 31.538799919 ], [ -8.7464082119, 31.537358819 ], [ -8.7506783119, 31.532409819 ], [ -8.7567079119, 31.530116319 ], [ -8.763831811899999, 31.527482519 ], [ -8.7653768119, 31.524043919 ], [ -8.765290911899999, 31.519654019 ], [ -8.763231012, 31.515629719 ], [ -8.770762612, 31.510752719 ], [ -8.776770811900001, 31.522020919 ], [ -8.779517411900001, 31.525825419 ], [ -8.7818563119, 31.529750519 ], [ -8.7841522119, 31.531531919 ], [ -8.791898511899999, 31.536627219 ], [ -8.795653511899999, 31.542505018899998 ], [ -8.797992411899999, 31.545551618899999 ], [ -8.797992411899999, 31.549355218900001 ] ] ] ] } },
{ "type": "Feature", "properties": { "com_fr": "Lamzoudia" }, "geometry": { "type": "MultiPolygon", "coordinates": [ [ [ [ -8.732138812, 31.519386919 ], [ -8.734799612, 31.520923419 ], [ -8.734112912, 31.523484219 ], [ -8.733791112, 31.527116719 ], [ -8.735507712, 31.530628419 ], [ -8.742288311899999, 31.533920519 ], [ -8.7464082119, 31.537358819 ], [ -8.7482965119, 31.538799919 ], [ -8.7436616119, 31.542333119 ], [ -8.7385976119, 31.547014519 ], [ -8.7254655119, 31.554548319 ], [ -8.7225473119, 31.557035019 ], [ -8.7243282119, 31.560717419 ], [ -8.727868811900001, 31.561569419 ], [ -8.732332011900001, 31.561642619 ], [ -8.7377393119, 31.560033619 ], [ -8.7413442119, 31.559082819 ], [ -8.743125211900001, 31.558084519 ], [ -8.7463867119, 31.555085819 ], [ -8.7493264119, 31.555206519 ], [ -8.750764111900001, 31.558011419 ], [ -8.749927211899999, 31.562154519 ], [ -8.7447560119, 31.564008419 ], [ -8.7441766119, 31.570052619 ], [ -8.7440908119, 31.5743671189 ], [ -8.7451851119, 31.5796575189 ], [ -8.7488758119, 31.581339218899998 ], [ -8.755484811900001, 31.583459718899999 ], [ -8.7669217119, 31.590818618899998 ], [ -8.776963911899999, 31.600322618900002 ], [ -8.7844097118, 31.611386318899999 ], [ -8.7888086118, 31.622744618799999 ], [ -8.7904393118, 31.6315328188 ], [ -8.7938511118, 31.640912118799999 ], [ -8.787606911799999, 31.646659118799999 ], [ -8.782521511800001, 31.6537719188 ], [ -8.7776506118, 31.664047618800002 ], [ -8.771299111799999, 31.675078018800001 ], [ -8.7659561118, 31.684452918800002 ], [ -8.7650335118, 31.700494318699999 ], [ -8.763510311699999, 31.709233418699998 ], [ -8.7646901117, 31.711885618699998 ], [ -8.7709558117, 31.7133459187 ], [ -8.7778866117, 31.713590518699998 ], [ -8.7907612117, 31.716949118700001 ], [ -8.797563311699999, 31.7177267187 ], [ -8.802541511699999, 31.7229834187 ], [ -8.8100946117, 31.726341718699999 ], [ -8.814128611699999, 31.727217818700002 ], [ -8.8188348117, 31.7276728187 ], [ -8.819825811699999, 31.7317908186 ], [ -8.819285111699999, 31.738357018599999 ], [ -8.810032611700001, 31.7438114186 ], [ -8.806442711700001, 31.750540918599999 ], [ -8.804983611700001, 31.754456618599999 ], [ -8.802932911699999, 31.755505418599999 ], [ -8.8021301117, 31.7554660186 ], [ -8.8002096117, 31.7555207186 ], [ -8.799286911699999, 31.7555116186 ], [ -8.797119711700001, 31.755028118599999 ], [ -8.796873011700001, 31.755101118599999 ], [ -8.796476011699999, 31.7555116186 ], [ -8.7960898117, 31.755931218600001 ], [ -8.795338711699999, 31.7564148186 ], [ -8.794974011700001, 31.7566246186 ], [ -8.7939762117, 31.7569712186 ], [ -8.792999911700001, 31.757190218600002 ], [ -8.7924312117, 31.757080718600001 ], [ -8.791986211699999, 31.756984018600001 ], [ -8.7914656117, 31.756870918600001 ], [ -8.790832611700001, 31.756524218599999 ], [ -8.790392711699999, 31.756031618600002 ], [ -8.789631011699999, 31.755137618599999 ], [ -8.788429411699999, 31.7544351186 ], [ -8.7873028117, 31.753623218600001 ], [ -8.7864338117, 31.7532856186 ], [ -8.785350211700001, 31.7531397186 ], [ -8.7848245117, 31.752993718599999 ], [ -8.784320211700001, 31.752482818600001 ], [ -8.7837516117, 31.751853318599998 ], [ -8.783118611700001, 31.751415418600001 ], [ -8.782786011700001, 31.7508224187 ], [ -8.7826573117, 31.749910118700001 ], [ -8.7826894117, 31.749253218700002 ], [ -8.7826143117, 31.748350018699998 ], [ -8.7825178117, 31.747483218700001 ], [ -8.7821530117, 31.746744218700002 ], [ -8.7815629117, 31.745886618699998 ], [ -8.7807475117, 31.744992518699998 ], [ -8.7799965117, 31.744381218699999 ], [ -8.779245511699999, 31.744007118700001 ], [ -8.7777220117, 31.7424104187 ], [ -8.777089011699999, 31.7414615187 ], [ -8.7758981117, 31.740467018699999 ], [ -8.7745892117, 31.7400655187 ], [ -8.773494811699999, 31.740083818700001 ], [ -8.772368311699999, 31.740165918700001 ], [ -8.771670911699999, 31.740348418699998 ], [ -8.770522911700001, 31.740977918700001 ], [ -8.767905111699999, 31.741753518700001 ], [ -8.7667893117, 31.742018118699999 ], [ -8.764471911699999, 31.7422371187 ], [ -8.7627123117, 31.742866618699999 ], [ -8.761800411699999, 31.743186018700001 ], [ -8.760727511700001, 31.7437425187 ], [ -8.7601267117, 31.744061818700001 ], [ -8.7592040117, 31.744472418699999 ], [ -8.7584852117, 31.744819118700001 ], [ -8.7577664117, 31.744910418700002 ], [ -8.7570153117, 31.744718818700001 ], [ -8.756114111700001, 31.744052718700001 ], [ -8.754912511700001, 31.7430491187 ], [ -8.7540434117, 31.742556418700001 ], [ -8.753163711699999, 31.7415345187 ], [ -8.7523805117, 31.741160418700002 ], [ -8.751253911699999, 31.7409414187 ], [ -8.7498914117, 31.7407316187 ], [ -8.748797011700001, 31.740622118699999 ], [ -8.7480246117, 31.7407772187 ], [ -8.747316511699999, 31.741041818700001 ], [ -8.746243611700001, 31.7414615187 ], [ -8.7445377117, 31.7421276187 ], [ -8.743314611700001, 31.742684118700002 ], [ -8.742542111700001, 31.743304618700002 ], [ -8.7421237117, 31.7438246187 ], [ -8.7417697117, 31.744390318699999 ], [ -8.7413941117, 31.745038118699998 ], [ -8.7408899117, 31.745667618700001 ], [ -8.740503711700001, 31.746370218700001 ], [ -8.740053011700001, 31.747182218700001 ], [ -8.739655211700001, 31.748109518700002 ], [ -8.739294511700001, 31.748732118700001 ], [ -8.7383584117, 31.749546818700001 ], [ -8.7369341117, 31.749893718700001 ], [ -8.7352476117, 31.7501043187 ], [ -8.7350363117, 31.7501043187 ], [ -8.7336266117, 31.749927818700002 ], [ -8.7328362117, 31.749698618699998 ], [ -8.732293411700001, 31.749977418699999 ], [ -8.7314593117, 31.750730018700001 ], [ -8.7310408117, 31.751023118700001 ], [ -8.7304185117, 31.751324218699999 ], [ -8.7301932117, 31.751625218699999 ], [ -8.730150311699999, 31.751917218700001 ], [ -8.730225411699999, 31.752309518699999 ], [ -8.7297319117, 31.752619618699999 ], [ -8.729206211699999, 31.752647018699999 ], [ -8.7281440117, 31.752491918699999 ], [ -8.727253511700001, 31.752200018700002 ], [ -8.7261377117, 31.751543118699999 ], [ -8.7253116117, 31.751397218699999 ], [ -8.724667911699999, 31.751369818699999 ], [ -8.7240885117, 31.7515158187 ], [ -8.723273111699999, 31.7517621187 ], [ -8.7226616117, 31.752099618700001 ], [ -8.7224256117, 31.7526744187 ], [ -8.722103711700001, 31.753349518699999 ], [ -8.721878411700001, 31.754015518700001 ], [ -8.7216424117, 31.754553718699999 ], [ -8.721331211700001, 31.7549004187 ], [ -8.7208806117, 31.755174118700001 ], [ -8.720097411699999, 31.755566318700001 ], [ -8.719324911699999, 31.755694118699999 ], [ -8.718917211699999, 31.755466018700002 ], [ -8.7180589117, 31.7550372187 ], [ -8.7167500117, 31.754608418699998 ], [ -8.7155377117, 31.754170618700002 ], [ -8.713799611700001, 31.754124918700001 ], [ -8.712812511699999, 31.754061118700001 ], [ -8.7115573117, 31.753650518699999 ], [ -8.7097334117, 31.753112318700001 ], [ -8.7081562117, 31.752072318700002 ], [ -8.7073086117, 31.750931918700001 ], [ -8.7066542117, 31.749782318699999 ], [ -8.705935311699999, 31.749426518700002 ], [ -8.704723011700001, 31.749417418699998 ], [ -8.7042724117, 31.7496729187 ], [ -8.703821811699999, 31.750375418699999 ], [ -8.7034355117, 31.751105218700001 ], [ -8.7028025117, 31.752017518700001 ], [ -8.7023734117, 31.752528418699999 ], [ -8.7017082117, 31.752619618699999 ], [ -8.7007319117, 31.7530119187 ], [ -8.7000667117, 31.753139718700002 ], [ -8.698875811700001, 31.753130518700001 ], [ -8.6979531117, 31.7526288187 ], [ -8.6969875117, 31.752437218699999 ], [ -8.696064811699999, 31.7529298187 ], [ -8.694562811699999, 31.7536141187 ], [ -8.693532811700001, 31.753413318700002 ], [ -8.692663811699999, 31.7529207187 ], [ -8.6918269117, 31.752866018700001 ], [ -8.6902176117, 31.753157918700001 ], [ -8.6894559117, 31.753422518699999 ], [ -8.6885761117, 31.753851218699999 ], [ -8.6875461117, 31.754517218699998 ], [ -8.686484011699999, 31.755009918700001 ], [ -8.685228711700001, 31.755566318700001 ], [ -8.6836408117, 31.755730518699998 ], [ -8.6824714117, 31.755657618699999 ], [ -8.681205411700001, 31.755420418700002 ], [ -8.6790274117, 31.755110218700001 ], [ -8.678276411700001, 31.754298318699998 ], [ -8.6767958117, 31.754115818700001 ], [ -8.675390311699999, 31.7537965187 ], [ -8.674446211799999, 31.7532309188 ], [ -8.6739849118, 31.752574018800001 ], [ -8.6739741118, 31.751771218799998 ], [ -8.673942011799999, 31.751023118799999 ], [ -8.673427011799999, 31.750475718800001 ], [ -8.6726330118, 31.7504027188 ], [ -8.6718927118, 31.750430118800001 ], [ -8.671066611800001, 31.750658218800002 ], [ -8.670229811800001, 31.7510049188 ], [ -8.6677300118, 31.751625218800001 ], [ -8.667193511800001, 31.751543118800001 ], [ -8.666646311799999, 31.7512694188 ], [ -8.6659812118, 31.751196418799999 ], [ -8.6653589118, 31.751561418800001 ], [ -8.665069211800001, 31.751853318799999 ], [ -8.664371811800001, 31.7523824188 ], [ -8.663138011799999, 31.752866018799999 ], [ -8.6621617118, 31.7531032188 ], [ -8.660906411799999, 31.753632318800001 ], [ -8.6597477118, 31.754161418799999 ], [ -8.658760711799999, 31.754243518799999 ], [ -8.657752111800001, 31.754006318799998 ], [ -8.6571621118, 31.753294818800001 ], [ -8.6560677118, 31.752482818800001 ], [ -8.654222411799999, 31.751059618799999 ], [ -8.653954111799999, 31.7504118188 ], [ -8.6544584118, 31.749700218800001 ], [ -8.653696611799999, 31.748970418799999 ], [ -8.6529242118, 31.7484412188 ], [ -8.652065911799999, 31.748039818799999 ], [ -8.651422111800001, 31.748167518799999 ], [ -8.650145411800001, 31.748660218800001 ], [ -8.6488687118, 31.7492988188 ], [ -8.647785111799999, 31.749755018799998 ], [ -8.646272311800001, 31.750165518799999 ], [ -8.643905111800001, 31.750362118799998 ], [ -8.6427100118, 31.750145618800001 ], [ -8.6403077118, 31.7498266188 ], [ -8.638278911800001, 31.7494952188 ], [ -8.6373133118, 31.749201118799999 ], [ -8.6355459118, 31.748537518799999 ], [ -8.634781711800001, 31.748131018799999 ], [ -8.6328291118, 31.7466986188 ], [ -8.6315094118, 31.7459778188 ], [ -8.6306296118, 31.745658518799999 ], [ -8.629149611800001, 31.745448718799999 ], [ -8.628602411799999, 31.745348318800001 ], [ -8.628044511800001, 31.745348318800001 ], [ -8.6273793118, 31.745448718799999 ], [ -8.626553211799999, 31.7458227188 ], [ -8.625888011800001, 31.746242418800001 ], [ -8.625351611799999, 31.746260718799999 ], [ -8.6248044118, 31.746178618799998 ], [ -8.623892511799999, 31.7459231188 ], [ -8.622862511799999, 31.745521718799999 ], [ -8.6220042118, 31.744782618799999 ], [ -8.621757411800001, 31.744335618800001 ], [ -8.621532111800001, 31.742912218800001 ], [ -8.621403411799999, 31.741616618799998 ], [ -8.621575011799999, 31.740923218799999 ], [ -8.621693111800001, 31.7403666188 ], [ -8.6220042118, 31.739728418799999 ], [ -8.6221866118, 31.739180918799999 ], [ -8.622100811799999, 31.738761218800001 ], [ -8.621532111800001, 31.737593318799998 ], [ -8.621413411800001, 31.737191318800001 ], [ -8.6213813118, 31.736726018799999 ], [ -8.6211452118, 31.7362698188 ], [ -8.6209306118, 31.735512418799999 ], [ -8.6210379118, 31.7343171188 ], [ -8.621134511799999, 31.733322518800001 ], [ -8.621155911800001, 31.7323830188 ], [ -8.620544411799999, 31.730831818799999 ], [ -8.6204586118, 31.730311618799998 ], [ -8.620190411799999, 31.729636418799998 ], [ -8.6198148118, 31.7293626188 ], [ -8.6192033118, 31.728988518800001 ], [ -8.6187725118, 31.728652218800001 ], [ -8.6186132118, 31.7282676188 ], [ -8.618784911800001, 31.728066818799999 ], [ -8.6189995118, 31.7271634188 ], [ -8.6182592118, 31.7260957188 ], [ -8.6175940118, 31.725393018799998 ], [ -8.616446011800001, 31.724736018800002 ], [ -8.615727211799999, 31.724471318900001 ], [ -8.6142251118, 31.7243344189 ], [ -8.612572911799999, 31.7244074189 ], [ -8.610802611800001, 31.724480418900001 ], [ -8.6090753118, 31.7247907189 ], [ -8.6078629118, 31.724617318899998 ], [ -8.606983211799999, 31.7243618189 ], [ -8.6065540118, 31.723622618899999 ], [ -8.6061141118, 31.723047718899998 ], [ -8.604333111800001, 31.7229290189 ], [ -8.603603611800001, 31.722938218900001 ], [ -8.603281711799999, 31.723129818899999 ], [ -8.602219611800001, 31.723367118900001 ], [ -8.6011467118, 31.723476618900001 ], [ -8.600277611799999, 31.723686518899999 ], [ -8.599515911799999, 31.724133618900002 ], [ -8.5986147118, 31.724197518899999 ], [ -8.5978422118, 31.7242067189 ], [ -8.5970804118, 31.724927618900001 ], [ -8.5967157118, 31.7253200189 ], [ -8.5960505118, 31.725721518899999 ], [ -8.5950634118, 31.726123118899999 ], [ -8.5943660118, 31.7263786189 ], [ -8.5938189118, 31.726524618900001 ], [ -8.593443411799999, 31.7269626189 ], [ -8.593336111799999, 31.7274098189 ], [ -8.5931966118, 31.727738318899998 ], [ -8.5918555118, 31.728787718900001 ], [ -8.5913067118, 31.729227118899999 ], [ -8.590664611799999, 31.729499518899999 ], [ -8.5902676118, 31.7297641189 ], [ -8.5901603118, 31.730110918899999 ], [ -8.590332011799999, 31.730512418899998 ], [ -8.5900960118, 31.731050818899998 ], [ -8.589645411799999, 31.731534418900001 ], [ -8.589151811800001, 31.7318447189 ], [ -8.588100411799999, 31.732291818899999 ], [ -8.587930311799999, 31.732361918900001 ], [ -8.5873923118, 31.7325838189 ], [ -8.5863194118, 31.732821018900001 ], [ -8.5846779118, 31.732383018899998 ], [ -8.584023411800001, 31.731452318900001 ], [ -8.5835085118, 31.730475918900002 ], [ -8.583133011799999, 31.729499518899999 ], [ -8.5829827118, 31.728513918899999 ], [ -8.582575111800001, 31.727355018899999 ], [ -8.581920611799999, 31.726141318900002 ], [ -8.580890611799999, 31.724799818899999 ], [ -8.5792384118, 31.723321418899999 ], [ -8.578669811799999, 31.722956418900001 ], [ -8.5783157118, 31.722956418900001 ], [ -8.577714911799999, 31.723002018900001 ], [ -8.5772106118, 31.723020318900002 ], [ -8.5768029118, 31.722956418900001 ], [ -8.575837311800001, 31.722646118899998 ], [ -8.574539211799999, 31.721998218900001 ], [ -8.573455511800001, 31.721322818899999 ], [ -8.571460011799999, 31.720985218900001 ], [ -8.570837711799999, 31.720948718900001 ], [ -8.5693571118, 31.7208757189 ], [ -8.568380811800001, 31.720957818900001 ], [ -8.5678122118, 31.721112918900001 ], [ -8.567350811800001, 31.721541918900002 ], [ -8.5670504118, 31.721715318899999 ], [ -8.5664174118, 31.721888718900001 ], [ -8.5654947118, 31.722125918900002 ], [ -8.564647211800001, 31.7222355189 ], [ -8.5626623118, 31.7223176189 ], [ -8.561836211799999, 31.722427118900001 ], [ -8.5615680118, 31.7222720189 ], [ -8.5608599118, 31.721934318900001 ], [ -8.559561711800001, 31.721633118900002 ], [ -8.557737811799999, 31.721213318899999 ], [ -8.556611311799999, 31.7209030189 ], [ -8.556096311799999, 31.7209030189 ], [ -8.555398911799999, 31.721003418900001 ], [ -8.554326011800001, 31.720994318900001 ], [ -8.5519442118, 31.721167718899999 ], [ -8.550860611899999, 31.721058218900001 ], [ -8.550045211900001, 31.720574518900001 ], [ -8.5485325119, 31.7194155189 ], [ -8.547867311899999, 31.7190504189 ], [ -8.5470841119, 31.718612418900001 ], [ -8.546225811899999, 31.7185667189 ], [ -8.545335311900001, 31.718630618900001 ], [ -8.5440800119, 31.718712718900001 ], [ -8.542964211899999, 31.7186397189 ], [ -8.5404966119, 31.718502818899999 ], [ -8.5388765119, 31.7185485189 ], [ -8.5376749119, 31.7184846189 ], [ -8.5369024119, 31.718247318900001 ], [ -8.5366878119, 31.7180739189 ], [ -8.536344511899999, 31.717444218899999 ], [ -8.5357651119, 31.716787118900001 ], [ -8.5351536119, 31.7162395189 ], [ -8.534434811900001, 31.716029518900001 ], [ -8.533780311899999, 31.716029518900001 ], [ -8.533340411899999, 31.716376418900001 ], [ -8.5331044119, 31.7167414189 ], [ -8.5327396119, 31.716951318900001 ], [ -8.5320315119, 31.717243418900001 ], [ -8.5313341119, 31.717562818899999 ], [ -8.530969411899999, 31.718740118900001 ], [ -8.530486611900001, 31.720300718899999 ], [ -8.530089611899999, 31.721213318899999 ], [ -8.529864311900001, 31.721715318899999 ], [ -8.529499511899999, 31.722034718900002 ], [ -8.528727011899999, 31.722080318900002 ], [ -8.5277936119, 31.722135118899999 ], [ -8.527085511899999, 31.722007318900001 ], [ -8.526602711900001, 31.7218978189 ], [ -8.5257981119, 31.7218430189 ], [ -8.5251972119, 31.722080318900002 ], [ -8.524628611900001, 31.7223541189 ], [ -8.524371111900001, 31.7227648189 ], [ -8.5242424119, 31.7232941189 ], [ -8.5243067119, 31.723704718899999 ], [ -8.524478411900001, 31.724060618900001 ], [ -8.5244569119, 31.7244439189 ], [ -8.524274611899999, 31.7253291189 ], [ -8.523856111900001, 31.7263421189 ], [ -8.5232982119, 31.727519318900001 ], [ -8.522912011900001, 31.728459218899999 ], [ -8.5227403119, 31.728596118900001 ], [ -8.522246811900001, 31.728422718899999 ], [ -8.521592311899999, 31.728413618899999 ], [ -8.5211847119, 31.728468318899999 ], [ -8.520680411900001, 31.728632618900001 ], [ -8.520272711900001, 31.728815118899998 ], [ -8.5196826119, 31.728979318899999 ], [ -8.5191569119, 31.7291345189 ], [ -8.5180947119, 31.729280518900001 ], [ -8.5161636119, 31.728550418899999 ], [ -8.515230111899999, 31.727902518899999 ], [ -8.514865411900001, 31.727309418899999 ], [ -8.5138139119, 31.726825718899999 ], [ -8.5125479119, 31.726625018899998 ], [ -8.5116896119, 31.726716218899998 ], [ -8.5109708119, 31.7268714189 ], [ -8.5102520119, 31.7269900189 ], [ -8.5094580119, 31.726980918900001 ], [ -8.508728511899999, 31.727282018899999 ], [ -8.5082671119, 31.727683518900001 ], [ -8.5073766119, 31.7284957189 ], [ -8.5066471119, 31.729326118900001 ], [ -8.5059604119, 31.729910118900001 ], [ -8.505424011900001, 31.7301474189 ], [ -8.5048339119, 31.730165618899999 ], [ -8.5040936119, 31.730421118900001 ], [ -8.5035357119, 31.730704018899999 ], [ -8.5029564119, 31.7308956189 ], [ -8.5020766119, 31.731114618900001 ], [ -8.5010681119, 31.731105519 ], [ -8.5000703119, 31.731215019 ], [ -8.4988365119, 31.731470519 ], [ -8.4976134119, 31.732036319 ], [ -8.4971091119, 31.732501719 ], [ -8.4965512119, 31.732966619 ], [ -8.496057711900001, 31.733386319 ], [ -8.4950599119, 31.733961219 ], [ -8.4944055119, 31.734280619 ], [ -8.4938476119, 31.734234919 ], [ -8.493439911899999, 31.734043319 ], [ -8.4926138119, 31.733733119 ], [ -8.491776911900001, 31.733733119 ], [ -8.4907148119, 31.733751319 ], [ -8.4901461119, 31.733897319 ], [ -8.489448811899999, 31.734198419 ], [ -8.488966011900001, 31.734426619 ], [ -8.4881720119, 31.734791619 ], [ -8.4874210119, 31.734891919 ], [ -8.486841611899999, 31.734919319 ], [ -8.486262311899999, 31.734417419 ], [ -8.4855542119, 31.734052419 ], [ -8.4843526119, 31.733477619 ], [ -8.482441211899999, 31.732840719 ], [ -8.4799967119, 31.731616519 ], [ -8.478215711900001, 31.730539819 ], [ -8.4772393119, 31.729773219 ], [ -8.4764347119, 31.728979319 ], [ -8.474696611900001, 31.727327619 ], [ -8.474106511900001, 31.726962619 ], [ -8.4732268119, 31.726570219 ], [ -8.472583011899999, 31.726223419 ], [ -8.4724221119, 31.725958819 ], [ -8.4724972119, 31.725694219 ], [ -8.472647411900001, 31.725174019 ], [ -8.4728083119, 31.724690319 ], [ -8.4729585119, 31.724069819 ], [ -8.472931711899999, 31.723476619 ], [ -8.472615211900001, 31.723065919 ], [ -8.472202211899999, 31.722719119 ], [ -8.4719071119, 31.722646119 ], [ -8.471343811900001, 31.722605119 ], [ -8.4709952119, 31.722637019 ], [ -8.470517711899999, 31.722769319 ], [ -8.4701529119, 31.722992919 ], [ -8.469552111900001, 31.723052219 ], [ -8.469074711899999, 31.723239319 ], [ -8.468892311899999, 31.723335119 ], [ -8.468377311899999, 31.723713919 ], [ -8.4679428119, 31.724051519 ], [ -8.4676585119, 31.724343519 ], [ -8.467148911900001, 31.724608219 ], [ -8.466741211900001, 31.724790719 ], [ -8.4664837119, 31.724772519 ], [ -8.465598611900001, 31.724749619 ], [ -8.464418411900001, 31.724717719 ], [ -8.463522511900001, 31.724453119 ], [ -8.4630451119, 31.724320719 ], [ -8.4618166119, 31.723723019 ], [ -8.4610710119, 31.723380819 ], [ -8.4606150119, 31.723234719 ], [ -8.4601751119, 31.723221119 ], [ -8.4597513119, 31.723262119 ], [ -8.459257811900001, 31.723303219 ], [ -8.4587697119, 31.723303219 ], [ -8.4582761119, 31.723266719 ], [ -8.4576968119, 31.723577019 ], [ -8.456838511899999, 31.723910119 ], [ -8.456446911900001, 31.724266019 ], [ -8.4561947119, 31.724521519 ], [ -8.4557656119, 31.724854619 ], [ -8.4554974119, 31.725105519 ], [ -8.455036011900001, 31.725210519 ], [ -8.453909511899999, 31.725251619 ], [ -8.4533677119, 31.725342819 ], [ -8.451790511900001, 31.725475119 ], [ -8.451286311900001, 31.725475119 ], [ -8.450889311899999, 31.725242419 ], [ -8.4505192119, 31.725000619 ], [ -8.4502563119, 31.724891119 ], [ -8.4498577119, 31.724869619 ], [ -8.449339011899999, 31.724580819 ], [ -8.448668511899999, 31.724215819 ], [ -8.447896011899999, 31.723891819 ], [ -8.4473542119, 31.723654519 ], [ -8.4469304119, 31.723567819 ], [ -8.446383211900001, 31.723513119 ], [ -8.446018411900001, 31.723389919 ], [ -8.4454337119, 31.723170919 ], [ -8.4449134119, 31.723047719 ], [ -8.4442750119, 31.722938219 ], [ -8.442966111900001, 31.722746519 ], [ -8.442435011900001, 31.722719119 ], [ -8.441555211900001, 31.722687219 ], [ -8.441131411900001, 31.722705419 ], [ -8.440884711900001, 31.722614219 ], [ -8.4406379119, 31.722285619 ], [ -8.4401605119, 31.721637719 ], [ -8.4397957119, 31.721122119 ], [ -8.439624011899999, 31.720948719 ], [ -8.438915911900001, 31.720350919 ], [ -8.4385565119, 31.720081719 ], [ -8.4383008119, 31.720101719 ], [ -8.438089811899999, 31.720118219 ], [ -8.437984911899999, 31.720129919 ], [ -8.4378860119, 31.720141019 ], [ -8.4375695119, 31.720186619 ], [ -8.4369311119, 31.720150119 ], [ -8.4363249119, 31.720150119 ], [ -8.4357885119, 31.720277919 ], [ -8.435262811899999, 31.720323519 ], [ -8.434892611900001, 31.720579119 ], [ -8.4344581119, 31.721076419 ], [ -8.434082611899999, 31.721655919 ], [ -8.433733911899999, 31.722262819 ], [ -8.433508611900001, 31.722851519 ], [ -8.4335193119, 31.723175419 ], [ -8.4335944119, 31.723371619 ], [ -8.433460311899999, 31.723736719 ], [ -8.4332404119, 31.724576219 ], [ -8.4330955119, 31.724895719 ], [ -8.432881011899999, 31.725037119 ], [ -8.4326503119, 31.725242419 ], [ -8.432473311900001, 31.725429519 ], [ -8.4321943119, 31.725680519 ], [ -8.4319207119, 31.725940519 ], [ -8.4317330119, 31.726351219 ], [ -8.4315721119, 31.726898719 ], [ -8.4314755119, 31.727501019 ], [ -8.4313789119, 31.728025719 ], [ -8.431255611899999, 31.728500319 ], [ -8.4310571119, 31.728915519 ], [ -8.430762011900001, 31.729289619 ], [ -8.4304777119, 31.729599919 ], [ -8.430118311899999, 31.729869119 ], [ -8.4297535119, 31.729901019 ], [ -8.429270711899999, 31.729996819 ], [ -8.4284768119, 31.729951219 ], [ -8.4277311119, 31.729837119 ], [ -8.4273771119, 31.729869119 ], [ -8.4270445119, 31.730078919 ], [ -8.426797711900001, 31.730375519 ], [ -8.426416811899999, 31.730612819 ], [ -8.4259716119, 31.730663019 ], [ -8.4253279119, 31.730649319 ], [ -8.4244803119, 31.730466819 ], [ -8.423654211900001, 31.730370919 ], [ -8.4230963119, 31.730019619 ], [ -8.421926811900001, 31.729545119 ], [ -8.421240211900001, 31.729321519 ], [ -8.420907611900001, 31.729257719 ], [ -8.419738111899999, 31.728714719 ], [ -8.4192607119, 31.728491119 ], [ -8.4187296119, 31.728381619 ], [ -8.417946411899999, 31.728258419 ], [ -8.417640711900001, 31.727980119 ], [ -8.4173617119, 31.727496519 ], [ -8.4170828119, 31.726793819 ], [ -8.4166482119, 31.726022719 ], [ -8.4162835119, 31.725525319 ], [ -8.4159026119, 31.724973219 ], [ -8.4151140119, 31.724672119 ], [ -8.4147385119, 31.724690319 ], [ -8.4142450119, 31.724854619 ], [ -8.4132740119, 31.724977819 ], [ -8.412329911900001, 31.725420419 ], [ -8.4117291119, 31.725899519 ], [ -8.411112211900001, 31.726310119 ], [ -8.4107849119, 31.726802919 ], [ -8.4105704119, 31.727227319 ], [ -8.4102860119, 31.727665319 ], [ -8.4099695119, 31.728354319 ], [ -8.409808611900001, 31.728906319 ], [ -8.4095404119, 31.729476719 ], [ -8.409368711899999, 31.729828019 ], [ -8.408952211900001, 31.730106319 ], [ -8.408450011899999, 31.726997719 ], [ -8.4056691119, 31.725464619099998 ], [ -8.403214311899999, 31.721814219100001 ], [ -8.3982748119, 31.714662819099999 ], [ -8.3960046119, 31.710497219099999 ], [ -8.391541412, 31.705312819100001 ], [ -8.385743512, 31.701592319100001 ], [ -8.375014712, 31.693997519100002 ], [ -8.366431612, 31.684503019200001 ], [ -8.370598712, 31.681650819200001 ], [ -8.381022812, 31.678294619100001 ], [ -8.386773512, 31.672231819099999 ], [ -8.390120912, 31.666899219200001 ], [ -8.399905612, 31.658278719199998 ], [ -8.404025412, 31.652872219199999 ], [ -8.417376412, 31.6498729192 ], [ -8.426045312, 31.647461819099998 ], [ -8.424109812, 31.642131419199998 ], [ -8.424195712, 31.631681619199998 ], [ -8.416814212, 31.630512319200001 ], [ -8.402613512, 31.628681619200002 ], [ -8.399648112, 31.625688919200002 ], [ -8.401411912, 31.616841619199999 ], [ -8.402871012, 31.611871319199999 ], [ -8.3936871121, 31.6084358192 ], [ -8.382197512099999, 31.603157819300002 ], [ -8.384713512099999, 31.598863119299999 ], [ -8.3862446121, 31.592121319299999 ], [ -8.380919712100001, 31.582761419299999 ], [ -8.385897012099999, 31.571809019300002 ], [ -8.4021576121, 31.571428719299998 ], [ -8.413963712099999, 31.562400819299999 ], [ -8.4143070121, 31.553759619299999 ], [ -8.408848212100001, 31.541204219299999 ], [ -8.412161212099999, 31.532301419300001 ], [ -8.415444212100001, 31.531288119300001 ], [ -8.418426912099999, 31.530838219300001 ], [ -8.4291557121, 31.5291244193 ], [ -8.441687012099999, 31.529199419299999 ], [ -8.451557512100001, 31.529808519300001 ], [ -8.4610418121, 31.533546919300001 ], [ -8.468230112100001, 31.5319264193 ], [ -8.4709552121, 31.534390019300002 ], [ -8.4742168121, 31.537535619300002 ], [ -8.487263112100001, 31.543534019199999 ], [ -8.4995369121, 31.550556019199998 ], [ -8.512690412, 31.557182519200001 ], [ -8.523741112, 31.5634283192 ], [ -8.525479212, 31.575465219200002 ], [ -8.521702612, 31.5784632192 ], [ -8.520586812, 31.582631119199998 ], [ -8.535160912, 31.5833403191 ], [ -8.535813212, 31.572170919200001 ], [ -8.532826312, 31.555196819199999 ], [ -8.528766512100001, 31.5309699192 ], [ -8.528727912100001, 31.5133992192 ], [ -8.529079812100001, 31.500011419300002 ], [ -8.546915412100001, 31.500904219199999 ], [ -8.5465764121, 31.5108309192 ], [ -8.556991912100001, 31.510545519200001 ], [ -8.565510612100001, 31.520284519200001 ], [ -8.568446012, 31.533043919200001 ], [ -8.570235612, 31.542776919200001 ], [ -8.570613212, 31.558020019099999 ], [ -8.569991012, 31.568595019100002 ], [ -8.583749612, 31.570580419100001 ], [ -8.588860912, 31.576185519100001 ], [ -8.598864412, 31.581293019099999 ], [ -8.605640812, 31.5834829191 ], [ -8.619721312, 31.5836547191 ], [ -8.627016912, 31.583435319 ], [ -8.627875212, 31.5818999191 ], [ -8.628197112, 31.576956919099999 ], [ -8.629849312, 31.574587719099998 ], [ -8.632402812, 31.5749095191 ], [ -8.634827512, 31.576196519100002 ], [ -8.636179312, 31.581563519 ], [ -8.640063212, 31.581095619 ], [ -8.657001811900001, 31.578598519 ], [ -8.667936711899999, 31.576518219 ], [ -8.6763352119, 31.574532919 ], [ -8.683996411900001, 31.572754719 ], [ -8.6848161119, 31.575836919 ], [ -8.6914629119, 31.574240419 ], [ -8.692171011899999, 31.571341019 ], [ -8.693265311899999, 31.565351719 ], [ -8.694209411899999, 31.560426119 ], [ -8.695578412, 31.553324419 ], [ -8.693243812, 31.546917119 ], [ -8.694030012, 31.541627219 ], [ -8.697892412, 31.538115919 ], [ -8.700038212, 31.5346045191 ], [ -8.702377012, 31.535895719 ], [ -8.701497312, 31.536360219 ], [ -8.703750312, 31.537870919 ], [ -8.704780312, 31.536334619 ], [ -8.708127712, 31.537285619 ], [ -8.706668612, 31.539041319 ], [ -8.709222012, 31.540603119 ], [ -8.711131812, 31.541967319 ], [ -8.714393312, 31.540358019 ], [ -8.717311612, 31.534871519 ], [ -8.721925012, 31.529556619 ], [ -8.726066312, 31.528580019 ], [ -8.730787012, 31.526312019 ], [ -8.731473712, 31.523531819 ], [ -8.731473712, 31.521629519 ], [ -8.732138812, 31.519386919 ] ] ] ] } },
{ "type": "Feature", "properties": { "com_fr": "M'Nabha" }, "geometry": { "type": "MultiPolygon", "coordinates": [ [ [ [ -8.1826295119, 31.853428019100001 ], [ -8.1891955119, 31.8627629191 ], [ -8.1962336119, 31.875664819 ], [ -8.1975211119, 31.887034519 ], [ -8.1940550119, 31.891408519 ], [ -8.1934370119, 31.897602619 ], [ -8.1823048118, 31.911031519 ], [ -8.1840729118, 31.920925219 ], [ -8.189643311799999, 31.930839819 ], [ -8.1824164118, 31.953804418899999 ], [ -8.1886477118, 31.9847572189 ], [ -8.2034020117, 32.039836218799998 ], [ -8.212294011699999, 32.0485884187 ], [ -8.216661311699999, 32.056538318699999 ], [ -8.214404011699999, 32.060168118699998 ], [ -8.2077564117, 32.054403218700003 ], [ -8.1905271117, 32.054085318799999 ], [ -8.1787646117, 32.053868318799999 ], [ -8.1609700117, 32.0535400188 ], [ -8.1440151117, 32.052812518800003 ], [ -8.130025811699999, 32.052212218800001 ], [ -8.1173900117, 32.051670018800003 ], [ -8.1028838117, 32.0535011188 ], [ -8.093940011700001, 32.054630018899999 ], [ -8.0806134117, 32.052103918900002 ], [ -8.0732600118, 32.050710018899998 ], [ -8.0515100118, 32.043560018900003 ], [ -8.0475298118, 32.038927918900001 ], [ -8.0432769118, 32.021038719 ], [ -8.047263711799999, 31.998596819 ], [ -8.0475684118, 31.979709519 ], [ -8.0504480119, 31.963807619 ], [ -8.0497440119, 31.960986619 ], [ -8.0443455119, 31.939352319099999 ], [ -8.0378953119, 31.921137719099999 ], [ -8.0531996119, 31.8783078192 ], [ -8.0691322119, 31.8737294192 ], [ -8.084310411900001, 31.871728919100001 ], [ -8.111347111900001, 31.8693235191 ], [ -8.131431511900001, 31.8641480191 ], [ -8.1534041119, 31.853941919099999 ], [ -8.1826295119, 31.853428019100001 ] ] ] ] } },
{ "type": "Feature", "properties": { "com_fr": "Ouled Dlim" }, "geometry": { "type": "MultiPolygon", "coordinates": [ [ [ [ -8.214404011699999, 32.060168118699998 ], [ -8.216661311699999, 32.056538318699999 ], [ -8.212294011699999, 32.0485884187 ], [ -8.2034020117, 32.039836218799998 ], [ -8.1886477118, 31.9847572189 ], [ -8.1824164118, 31.953804418899999 ], [ -8.189643311799999, 31.930839819 ], [ -8.1840729118, 31.920925219 ], [ -8.1823048118, 31.911031519 ], [ -8.1934370119, 31.897602619 ], [ -8.1940550119, 31.891408519 ], [ -8.1975211119, 31.887034519 ], [ -8.1962336119, 31.875664819 ], [ -8.1891955119, 31.8627629191 ], [ -8.1826295119, 31.853428019100001 ], [ -8.1986798119, 31.838991719100001 ], [ -8.1902255119, 31.833380619100001 ], [ -8.178466711900001, 31.831120119099999 ], [ -8.1802691119, 31.8250673191 ], [ -8.1874789119, 31.8139088191 ], [ -8.188508912, 31.805010219100001 ], [ -8.190397112, 31.7938493192 ], [ -8.188423012, 31.787356319200001 ], [ -8.194989112, 31.777648919200001 ], [ -8.200439312, 31.765101819200002 ], [ -8.212584412, 31.756048919200001 ], [ -8.222798212, 31.7476556192 ], [ -8.230174812, 31.737766519200001 ], [ -8.229846312, 31.736309519199999 ], [ -8.230074812, 31.735921319199999 ], [ -8.230444412, 31.7355946192 ], [ -8.231013012, 31.735193119200002 ], [ -8.231860612, 31.735120119200001 ], [ -8.233212412, 31.7349467192 ], [ -8.234188812, 31.7348646192 ], [ -8.235186512, 31.735101919200002 ], [ -8.236495512, 31.7356493192 ], [ -8.237310912, 31.7360691192 ], [ -8.237939012, 31.736268019200001 ], [ -8.238582812, 31.7361220192 ], [ -8.239011912, 31.735793519200001 ], [ -8.239209912, 31.735220519199999 ], [ -8.239359812, 31.734204219199999 ], [ -8.239654312, 31.733906819200001 ], [ -8.240104912, 31.7338000192 ], [ -8.240656912, 31.733979319199999 ], [ -8.241435712, 31.734650419200001 ], [ -8.242235012, 31.7350610192 ], [ -8.242728112, 31.735232119199999 ], [ -8.243157212, 31.7356870192 ], [ -8.243704412, 31.7360114192 ], [ -8.244375012, 31.736254119200002 ], [ -8.244901112, 31.736178819199999 ], [ -8.245067412, 31.736110419199999 ], [ -8.245206912, 31.736064719200002 ], [ -8.245319512, 31.736073919199999 ], [ -8.245485812, 31.735996319200002 ], [ -8.245898912, 31.735804719200001 ], [ -8.246279712, 31.735535519199999 ], [ -8.246456812, 31.735261819200002 ], [ -8.246617712, 31.734937819199999 ], [ -8.246719612, 31.734627619200001 ], [ -8.246761612, 31.734449719200001 ], [ -8.246783012, 31.7341946192 ], [ -8.246815212, 31.7338748192 ], [ -8.247008912, 31.733442319200002 ], [ -8.247239612, 31.733293619200001 ], [ -8.247422012, 31.733005719200001 ], [ -8.247320412, 31.732788919200001 ], [ -8.248361112, 31.732319019199998 ], [ -8.248978012, 31.7320863192 ], [ -8.249321412, 31.732150219200001 ], [ -8.249734412, 31.732414819199999 ], [ -8.250329912, 31.732524319199999 ], [ -8.251461812, 31.732925819199998 ], [ -8.252078712, 31.733080919199999 ], [ -8.252491712, 31.7330536192 ], [ -8.253038912, 31.7326292192 ], [ -8.253140812, 31.732378319199999 ], [ -8.253177412, 31.7320142192 ], [ -8.252995012, 31.7315977192 ], [ -8.253006312, 31.730958019199999 ], [ -8.253011712, 31.730424619200001 ], [ -8.253017012, 31.7301126192 ], [ -8.253065312, 31.7296435192 ], [ -8.253393412, 31.7292568192 ], [ -8.253690012, 31.728602519199999 ], [ -8.254162112, 31.7282557192 ], [ -8.254320612, 31.728296219200001 ], [ -8.255372012, 31.728688119200001 ], [ -8.255925012, 31.728783019200002 ], [ -8.256649212, 31.7291617192 ], [ -8.257174512, 31.729593819200002 ], [ -8.257383712, 31.730231619200001 ], [ -8.258500012, 31.730610819199999 ], [ -8.259594212, 31.731000419200001 ], [ -8.260388212, 31.731283319199999 ], [ -8.261187512, 31.7313381192 ], [ -8.261761512, 31.731297019199999 ], [ -8.262432012, 31.730995919200002 ], [ -8.262920212, 31.7308635192 ], [ -8.263081112, 31.7306674192 ], [ -8.263317112, 31.730430119200001 ], [ -8.263606412, 31.730071519199999 ], [ -8.264051612, 31.729686019199999 ], [ -8.264883712, 31.730191919199999 ], [ -8.265103512, 31.730037719199998 ], [ -8.265597012, 31.730037719199998 ], [ -8.265972512, 31.730101619199999 ], [ -8.266616312, 31.7302339192 ], [ -8.267109812, 31.730539619200002 ], [ -8.267716012, 31.7308590192 ], [ -8.268693812, 31.7313150192 ], [ -8.269317112, 31.731510719199999 ], [ -8.269902912, 31.731568719199998 ], [ -8.270055312, 31.731722019199999 ], [ -8.270243012, 31.731719219199999 ], [ -8.271113112, 31.731924119199999 ], [ -8.271433512, 31.7319221192 ], [ -8.272238212, 31.7319175192 ], [ -8.272651212, 31.731766919199998 ], [ -8.273084012, 31.731669119199999 ], [ -8.273410712, 31.731522119200001 ], [ -8.273630612, 31.731386219200001 ], [ -8.274182612, 31.7309477192 ], [ -8.274255212, 31.7303160192 ], [ -8.274448312, 31.729795919200001 ], [ -8.274679012, 31.729262119200001 ], [ -8.275016912, 31.728910719200002 ], [ -8.275601712, 31.728723719200001 ], [ -8.276180912, 31.7284451192 ], [ -8.276889512, 31.728444619200001 ], [ -8.277746212, 31.7288288192 ], [ -8.278068112, 31.729240819200001 ], [ -8.278318112, 31.7295757192 ], [ -8.278407212, 31.730115319199999 ], [ -8.278600412, 31.7302430192 ], [ -8.279147512, 31.730325219200001 ], [ -8.279646412, 31.7302704192 ], [ -8.280319012, 31.7304002192 ], [ -8.280422512, 31.7303473192 ], [ -8.280872612, 31.730291619199999 ], [ -8.281163412, 31.730345919200001 ], [ -8.281544812, 31.730288419200001 ], [ -8.281932612, 31.730242819200001 ], [ -8.282098912, 31.730074419200001 ], [ -8.282194612, 31.7298290192 ], [ -8.282377012, 31.7298326192 ], [ -8.282563712, 31.729836119200002 ], [ -8.282772912, 31.729884419200001 ], [ -8.283015412, 31.7299536192 ], [ -8.283176312, 31.730051419199999 ], [ -8.283310312, 31.730275219199999 ], [ -8.283600012, 31.730704019200001 ], [ -8.283873612, 31.731278919200001 ], [ -8.284012412, 31.731582419199999 ], [ -8.284124012, 31.731933719200001 ], [ -8.284293012, 31.732409619199998 ], [ -8.284385212, 31.732700219200002 ], [ -8.284326212, 31.732892719199999 ], [ -8.284520912, 31.7331035192 ], [ -8.284733912, 31.733267819200002 ], [ -8.284968912, 31.733705819200001 ], [ -8.285114812, 31.7339590192 ], [ -8.285298312, 31.7341684192 ], [ -8.285836312, 31.7344503192 ], [ -8.286007412, 31.7346150192 ], [ -8.286391012, 31.734825819200001 ], [ -8.286663512, 31.734860019199999 ], [ -8.286874912, 31.7350261192 ], [ -8.286979212, 31.735230819200002 ], [ -8.287242012, 31.735233519200001 ], [ -8.287617512, 31.735261819200002 ], [ -8.288196912, 31.735096219199999 ], [ -8.288844712, 31.735036619100001 ], [ -8.289261512, 31.7349545191 ], [ -8.289584412, 31.734626919099998 ], [ -8.289910012, 31.734406119100001 ], [ -8.290171312, 31.734195319099999 ], [ -8.290420712, 31.733886419099999 ], [ -8.290627012, 31.733686819199999 ], [ -8.290800512, 31.7333111192 ], [ -8.291263012, 31.732955219200001 ], [ -8.291952812, 31.732843419200002 ], [ -8.292593912, 31.732917819099999 ], [ -8.292969412, 31.733000419100001 ], [ -8.293261212, 31.7329808191 ], [ -8.293777312, 31.733203419100001 ], [ -8.294005812, 31.733593519100001 ], [ -8.295026112, 31.733712119100002 ], [ -8.295457912, 31.733830319100001 ], [ -8.295980712, 31.733763519099998 ], [ -8.296438012, 31.733483119100001 ], [ -8.296927212, 31.733128119100002 ], [ -8.297441712, 31.733110819099998 ], [ -8.298065612, 31.7334110191 ], [ -8.298567712, 31.7339777191 ], [ -8.299143312, 31.734078519099999 ], [ -8.299597612, 31.734132819100001 ], [ -8.299953312, 31.733968519099999 ], [ -8.300306312, 31.734013719099998 ], [ -8.300694112, 31.733821619099999 ], [ -8.301111512, 31.7336852191 ], [ -8.301620012, 31.733468519100001 ], [ -8.301858712, 31.7333298191 ], [ -8.302217612, 31.7330374191 ], [ -8.302497112, 31.7329817191 ], [ -8.302856012, 31.732765419100001 ], [ -8.303176212, 31.7324917191 ], [ -8.303437512, 31.732151319100002 ], [ -8.303678412, 31.731904519099999 ], [ -8.304071612, 31.731267519100001 ], [ -8.304858012, 31.730873319099999 ], [ -8.305447012, 31.7305727191 ], [ -8.305860812, 31.730595719099998 ], [ -8.306515312, 31.7303092191 ], [ -8.306912312, 31.730291419099999 ], [ -8.307207312, 31.730075619099999 ], [ -8.307593612, 31.729990719100002 ], [ -8.307985212, 31.729828319100001 ], [ -8.308303112, 31.7295953191 ], [ -8.308698612, 31.729436819099998 ], [ -8.309031212, 31.729162219100001 ], [ -8.309712512, 31.7290180191 ], [ -8.310318712, 31.729034919099998 ], [ -8.311257512, 31.729165419099999 ], [ -8.311634412, 31.728910919099999 ], [ -8.312836112, 31.728390819099999 ], [ -8.313758812, 31.728130719100001 ], [ -8.314166512, 31.728149019100002 ], [ -8.314419812, 31.728123719100001 ], [ -8.314630612, 31.7281470191 ], [ -8.314810812, 31.728118219100001 ], [ -8.315233612, 31.728181219100001 ], [ -8.315617112, 31.728139219100001 ], [ -8.316247812, 31.728226519100001 ], [ -8.316793312, 31.728054519099999 ], [ -8.317409112, 31.7282188191 ], [ -8.318086112, 31.728301419099999 ], [ -8.318431212, 31.728459219099999 ], [ -8.318699512, 31.7284568191 ], [ -8.319178012, 31.7282647191 ], [ -8.319956412, 31.728380119099999 ], [ -8.320432112, 31.728687419100002 ], [ -8.320527712, 31.728868819100001 ], [ -8.320748612, 31.729102619100001 ], [ -8.320791512, 31.729522319099999 ], [ -8.320770112, 31.729891919100002 ], [ -8.320770112, 31.7302295191 ], [ -8.320700412, 31.730549219099998 ], [ -8.321155112, 31.731192719100001 ], [ -8.321703912, 31.731725619100001 ], [ -8.322087412, 31.732123919100001 ], [ -8.322439312, 31.732298719100001 ], [ -8.322768412, 31.732266519100001 ], [ -8.323229812, 31.731913919099998 ], [ -8.323661512, 31.731534419100001 ], [ -8.324069212, 31.7314158191 ], [ -8.324718312, 31.731210519099999 ], [ -8.325882312, 31.730859219100001 ], [ -8.326046412, 31.730500619099999 ], [ -8.326313012, 31.730391119099998 ], [ -8.326571512, 31.730345419100001 ], [ -8.326649912, 31.7302651191 ], [ -8.326969112, 31.730162519099999 ], [ -8.327153612, 31.7299553191 ], [ -8.327596712, 31.729705819100001 ], [ -8.327979712, 31.7293257191 ], [ -8.328681912, 31.7290314191 ], [ -8.329095612, 31.728764919100001 ], [ -8.329363912, 31.728431819099999 ], [ -8.329736612, 31.728536419099999 ], [ -8.330067012, 31.728164519100002 ], [ -8.330530512, 31.727700519100001 ], [ -8.331035512, 31.7269200191 ], [ -8.330904412, 31.726239019099999 ], [ -8.331276112, 31.725753119099998 ], [ -8.331794912, 31.725632619100001 ], [ -8.332401612, 31.725716619100002 ], [ -8.333014812, 31.725881719099998 ], [ -8.333997512, 31.726387319099999 ], [ -8.334465812, 31.7268413191 ], [ -8.334891812, 31.727177619100001 ], [ -8.335376712, 31.727533919100001 ], [ -8.335997112, 31.728605119099999 ], [ -8.336515812, 31.729065919100002 ], [ -8.337099512, 31.7294455191 ], [ -8.337668012, 31.729558819099999 ], [ -8.338692612, 31.729663819100001 ], [ -8.340183912, 31.730142819099999 ], [ -8.340897312, 31.7301702191 ], [ -8.342082912, 31.7301657191 ], [ -8.343177212, 31.730074419099999 ], [ -8.344250112, 31.7300197191 ], [ -8.345317612, 31.729919319099999 ], [ -8.346090111900001, 31.729818919100001 ], [ -8.346755311900001, 31.7295497191 ], [ -8.347420511899999, 31.7292029191 ], [ -8.348273411899999, 31.728906419099999 ], [ -8.348863511899999, 31.728879019099999 ], [ -8.349770211899999, 31.729129819099999 ], [ -8.3502368119, 31.729257719100001 ], [ -8.3507303119, 31.729709419100001 ], [ -8.3509717119, 31.730156519099999 ], [ -8.3512668119, 31.7302888191 ], [ -8.351890711899999, 31.730961219099999 ], [ -8.3522115119, 31.731589919099999 ], [ -8.3520119119, 31.731927519100001 ], [ -8.351597311900001, 31.732783419099999 ], [ -8.350913311899999, 31.7336056191 ], [ -8.3522668119, 31.7349739191 ], [ -8.3557351119, 31.7349745191 ], [ -8.3576019119, 31.7366256191 ], [ -8.358867911899999, 31.737656719099999 ], [ -8.359661811900001, 31.737693219099999 ], [ -8.3608205119, 31.737565519099999 ], [ -8.3617754119, 31.737702319099999 ], [ -8.3620428119, 31.737566319100001 ], [ -8.3629770119, 31.737091019099999 ], [ -8.3638246119, 31.736379319099999 ], [ -8.365122811899999, 31.735603719099998 ], [ -8.3660133119, 31.735722319099999 ], [ -8.366764311900001, 31.735923119100001 ], [ -8.369175411900001, 31.736120419100001 ], [ -8.3703668119, 31.735831619100001 ], [ -8.3714206119, 31.735412119100001 ], [ -8.372006711899999, 31.7353311191 ], [ -8.3726850119, 31.7352840191 ], [ -8.373518711899999, 31.735095119099999 ], [ -8.3742552119, 31.734903019099999 ], [ -8.375154311899999, 31.7349934191 ], [ -8.375903711899999, 31.735184119100001 ], [ -8.3765823119, 31.7353132191 ], [ -8.376935211899999, 31.735485119100002 ], [ -8.3778579119, 31.7352843191 ], [ -8.379424911899999, 31.7347283191 ], [ -8.3810557119, 31.734372419100001 ], [ -8.3824596119, 31.7341890191 ], [ -8.383360211899999, 31.734179919100001 ], [ -8.383911211899999, 31.734155319100001 ], [ -8.3841665119, 31.734198919099999 ], [ -8.3843811119, 31.733779219100001 ], [ -8.3847029119, 31.733259119100001 ], [ -8.385112811899999, 31.733341819100001 ], [ -8.385796211900001, 31.733007419100002 ], [ -8.386168511899999, 31.732641419099998 ], [ -8.386618611899999, 31.732440719100001 ], [ -8.3869421119, 31.732332119100001 ], [ -8.3871759119, 31.7322491191 ], [ -8.387494111900001, 31.732137719099999 ], [ -8.3877718119, 31.732104719100001 ], [ -8.388463911900001, 31.733345519099998 ], [ -8.388630211900001, 31.7336375191 ], [ -8.3888823119, 31.7337424191 ], [ -8.3891666119, 31.733801719100001 ], [ -8.3894134119, 31.733747019100001 ], [ -8.389542111900001, 31.7337424191 ], [ -8.3895647119, 31.734053519100001 ], [ -8.389832411900001, 31.7341899191 ], [ -8.390324311900001, 31.734462819099999 ], [ -8.390665011899999, 31.734525719099999 ], [ -8.391236811900001, 31.734681319100002 ], [ -8.3918323119, 31.734840119099999 ], [ -8.392775311899999, 31.734886619 ], [ -8.3931575119, 31.734331019100001 ], [ -8.3936403119, 31.734372019 ], [ -8.3948192119, 31.733756519 ], [ -8.3952710119, 31.734070919 ], [ -8.395791411899999, 31.733847419 ], [ -8.396204411899999, 31.733943219 ], [ -8.396504911899999, 31.733961419 ], [ -8.3970627119, 31.734075519 ], [ -8.397298811900001, 31.734162219 ], [ -8.397953211900001, 31.734107419 ], [ -8.3981410119, 31.734066419 ], [ -8.3982644119, 31.733970519 ], [ -8.3984897119, 31.733733319 ], [ -8.3986882119, 31.733559919 ], [ -8.3989135119, 31.733637519 ], [ -8.3990798119, 31.733847419 ], [ -8.3994714119, 31.733893019 ], [ -8.400050711900001, 31.733747019 ], [ -8.4011290119, 31.733637519 ], [ -8.4022877119, 31.733267919 ], [ -8.4032855119, 31.732798219 ], [ -8.4041331119, 31.732081919 ], [ -8.404615911900001, 31.731648519 ], [ -8.4050611119, 31.731543519 ], [ -8.406042811900001, 31.731406719 ], [ -8.4071586119, 31.731461419 ], [ -8.407834511900001, 31.731365619 ], [ -8.4081403119, 31.731082719 ], [ -8.4085587119, 31.730653819 ], [ -8.408952211900001, 31.730106319 ], [ -8.4092183119, 31.731226919 ], [ -8.4097933119, 31.733699219 ], [ -8.400033711900001, 31.744298419 ], [ -8.401240011900001, 31.757710019 ], [ -8.4040750119, 31.767960819 ], [ -8.4066000119, 31.777090019 ], [ -8.426060011800001, 31.807650018899999 ], [ -8.4199900118, 31.834750018899999 ], [ -8.4106800118, 31.854460018899999 ], [ -8.4046765118, 31.8596982189 ], [ -8.3986800118, 31.864930018799999 ], [ -8.3959333118, 31.8702728188 ], [ -8.389228211800001, 31.8833140188 ], [ -8.3834046118, 31.888448418799999 ], [ -8.378396411800001, 31.895236618799998 ], [ -8.376600911700001, 31.902186318799998 ], [ -8.378692511700001, 31.9071467188 ], [ -8.372272411699999, 31.922639518800001 ], [ -8.3757914117, 31.929090218799999 ], [ -8.368665911700001, 31.936926318800001 ], [ -8.363968311700001, 31.9420920188 ], [ -8.3556813117, 31.9563556188 ], [ -8.351690211699999, 31.961471218700002 ], [ -8.3408455117, 31.983165118700001 ], [ -8.3241100117, 32.001840018700001 ], [ -8.312040011700001, 32.0224300187 ], [ -8.277120011699999, 32.034970018700001 ], [ -8.242210011699999, 32.041980018700002 ], [ -8.237260711699999, 32.046135418699997 ], [ -8.2329692117, 32.0522463187 ], [ -8.236745711699999, 32.0575203187 ], [ -8.237230711600001, 32.064023318700002 ], [ -8.2425050116, 32.068536618700001 ], [ -8.245440411600001, 32.071896818699997 ], [ -8.235003411599999, 32.079955118699999 ], [ -8.2241569117, 32.069784318700002 ], [ -8.214404011699999, 32.060168118699998 ] ] ] ] } },
{ "type": "Feature", "properties": { "com_fr": "Harbil" }, "geometry": { "type": "MultiPolygon", "coordinates": [ [ [ [ -8.0531996119, 31.8783078192 ], [ -8.032969312, 31.877921519200001 ], [ -8.019622612, 31.8534944192 ], [ -8.009099812, 31.8280837193 ], [ -8.008087012100001, 31.796932319300002 ], [ -8.0090569121, 31.773534519399998 ], [ -8.019159112100001, 31.757246719400001 ], [ -8.0249456121, 31.736221319399998 ], [ -8.0295075121, 31.7291878194 ], [ -8.0331553121, 31.722328919399999 ], [ -8.037017712100001, 31.714954819399999 ], [ -8.038777212099999, 31.707357419400001 ], [ -8.0406200121, 31.701268519399999 ], [ -8.041101512099999, 31.7012880194 ], [ -8.0415328121, 31.701295119400001 ], [ -8.042240312100001, 31.7012488194 ], [ -8.0428265121, 31.7010956194 ], [ -8.0436053121, 31.700703819400001 ], [ -8.0447315121, 31.700148119400001 ], [ -8.0456317121, 31.699581719400001 ], [ -8.0462932121, 31.699172019399999 ], [ -8.046984012099999, 31.698744619399999 ], [ -8.047540912100001, 31.698463119399999 ], [ -8.048055912100001, 31.6983491194 ], [ -8.0488305121, 31.6982458194 ], [ -8.049257512100001, 31.698203119399999 ], [ -8.0496343121, 31.698192419400002 ], [ -8.0500237121, 31.698220919400001 ], [ -8.0503419121, 31.698306419400001 ], [ -8.0506986121, 31.698456519400001 ], [ -8.0511332121, 31.698613519399998 ], [ -8.051632012100001, 31.698742719399998 ], [ -8.051943212099999, 31.699106519400001 ], [ -8.0522114121, 31.6994579194 ], [ -8.0524313121, 31.6999248194 ], [ -8.052249012100001, 31.700343419399999 ], [ -8.051975412099999, 31.700652819399998 ], [ -8.0518466121, 31.700929419400001 ], [ -8.0518198121, 31.701167219399998 ], [ -8.0516213121, 31.701367519400002 ], [ -8.0517554121, 31.701419119400001 ], [ -8.0518557121, 31.701551519399999 ], [ -8.052129712099999, 31.701640619399999 ], [ -8.0527075121, 31.701569419399998 ], [ -8.0533732121, 31.7014376194 ], [ -8.0540724121, 31.7012631194 ], [ -8.0544953121, 31.7010992194 ], [ -8.054947412100001, 31.700978119399998 ], [ -8.055445712099999, 31.700896119399999 ], [ -8.0558434121, 31.700753719400002 ], [ -8.056490112100001, 31.7008317194 ], [ -8.057354912099999, 31.7005414194 ], [ -8.0573934121, 31.700399019399999 ], [ -8.057747512100001, 31.700282719400001 ], [ -8.0583161121, 31.7003173194 ], [ -8.058520012100001, 31.700319219400001 ], [ -8.0587764121, 31.700398619400001 ], [ -8.0590349121, 31.700411819399999 ], [ -8.0591959121, 31.7004666194 ], [ -8.0593783121, 31.700675619399998 ], [ -8.0596679121, 31.700842719400001 ], [ -8.0598611121, 31.700894719400001 ], [ -8.060097112099999, 31.7009910194 ], [ -8.060419012100001, 31.7011284194 ], [ -8.060809512100001, 31.7011831194 ], [ -8.0614178121, 31.700964519399999 ], [ -8.061723112099999, 31.701088819399999 ], [ -8.061898512100001, 31.700982319400001 ], [ -8.062239612100001, 31.7007505194 ], [ -8.0627954121, 31.700455219399998 ], [ -8.063272812099999, 31.699883719399999 ], [ -8.063396212100001, 31.699312819399999 ], [ -8.0636328121, 31.698656019400001 ], [ -8.063803912099999, 31.697748219400001 ], [ -8.0641569121, 31.697066319400001 ], [ -8.0645120121, 31.697059019400001 ], [ -8.064791012100001, 31.697127419400001 ], [ -8.0649680121, 31.697234719400001 ], [ -8.0651021121, 31.697343319400002 ], [ -8.0653596121, 31.697422319400001 ], [ -8.0655694121, 31.6973818194 ], [ -8.065659012099999, 31.6975435194 ], [ -8.0662142121, 31.697953719400001 ], [ -8.066617112099999, 31.698243219399998 ], [ -8.0668461121, 31.698705719399999 ], [ -8.0669727121, 31.698954019399999 ], [ -8.067006512100001, 31.699078619400002 ], [ -8.067162012100001, 31.699337019400001 ], [ -8.067473212099999, 31.6995871194 ], [ -8.067693112100001, 31.6997254194 ], [ -8.068100812100001, 31.700131119400002 ], [ -8.068401212099999, 31.700517719400001 ], [ -8.0687016121, 31.7007016194 ], [ -8.0688518121, 31.700928019399999 ], [ -8.068964512100001, 31.701155319400002 ], [ -8.0691737121, 31.7012379194 ], [ -8.069420512100001, 31.701462019400001 ], [ -8.0696243121, 31.701615819400001 ], [ -8.0699140121, 31.701779719400001 ], [ -8.0701876121, 31.701819819400001 ], [ -8.0705094121, 31.7020526194 ], [ -8.070466512099999, 31.702341519400001 ], [ -8.070273412100001, 31.702579319400002 ], [ -8.0699462121, 31.702739019399999 ], [ -8.069801312099999, 31.702996419400002 ], [ -8.0696726121, 31.7031927194 ], [ -8.0697638121, 31.703546419399999 ], [ -8.0698818121, 31.703826619400001 ], [ -8.0714321121, 31.704015119400001 ], [ -8.0717577121, 31.703672319399999 ], [ -8.0725715121, 31.703503919399999 ], [ -8.073594012099999, 31.7037089194 ], [ -8.0741465121, 31.703803819400001 ], [ -8.074743012100001, 31.704169819400001 ], [ -8.0751926121, 31.704245619400002 ], [ -8.075906012100001, 31.704237819399999 ], [ -8.076512212100001, 31.7042269194 ], [ -8.076936012099999, 31.704529019399999 ], [ -8.0775207121, 31.7048206194 ], [ -8.077874812099999, 31.705206319399998 ], [ -8.0782610121, 31.705494719400001 ], [ -8.078668712100001, 31.705618819400001 ], [ -8.078985212099999, 31.705698219399999 ], [ -8.0792856121, 31.705571419399998 ], [ -8.0795646121, 31.705223619400002 ], [ -8.079854212100001, 31.704760419399999 ], [ -8.0800946121, 31.7042196194 ], [ -8.080181512099999, 31.703808819399999 ], [ -8.0804175121, 31.703482019399999 ], [ -8.0808198121, 31.703381619400002 ], [ -8.0814475121, 31.703533619400002 ], [ -8.082005412099999, 31.703703819400001 ], [ -8.082477412099999, 31.703999119399999 ], [ -8.0831695121, 31.704686419400002 ], [ -8.083048612100001, 31.705174419399999 ], [ -8.082976912099999, 31.705622519399999 ], [ -8.0830139121, 31.7058762194 ], [ -8.083077212099999, 31.706177419399999 ], [ -8.0830809121, 31.706503819400002 ], [ -8.0834237121, 31.706857019400001 ], [ -8.0828637121, 31.707704019400001 ], [ -8.082591212100001, 31.707999319399999 ], [ -8.082092812100001, 31.708443319400001 ], [ -8.0820944121, 31.7089339194 ], [ -8.082250012099999, 31.709311419399999 ], [ -8.082780012100001, 31.7097335194 ], [ -8.083484912099999, 31.709932519399999 ], [ -8.083946212100001, 31.710210419399999 ], [ -8.084451612100001, 31.710344119399998 ], [ -8.085007812100001, 31.7102606194 ], [ -8.0855244121, 31.710090819400001 ], [ -8.085894612100001, 31.709849419400001 ], [ -8.0862910121, 31.7094775194 ], [ -8.0863484121, 31.708695719400001 ], [ -8.0864203121, 31.708437019400002 ], [ -8.0862594121, 31.708096519400002 ], [ -8.0864042121, 31.707631019400001 ], [ -8.086565112100001, 31.707217119399999 ], [ -8.0868119121, 31.7069168194 ], [ -8.0872947121, 31.7065690194 ], [ -8.0876595121, 31.706434819399998 ], [ -8.0881686121, 31.706166919400001 ], [ -8.0887468121, 31.7062167194 ], [ -8.089390612100001, 31.7064134194 ], [ -8.089869612099999, 31.706711419400001 ], [ -8.090206012099999, 31.707447519399999 ], [ -8.0903471121, 31.708142119400001 ], [ -8.0902612121, 31.708597619399999 ], [ -8.0896448121, 31.7094273194 ], [ -8.0888933121, 31.710183019399999 ], [ -8.0886787121, 31.710723819399998 ], [ -8.088850412099999, 31.711128119400001 ], [ -8.089354612099999, 31.711425219399999 ], [ -8.0898911121, 31.7115466194 ], [ -8.0911394121, 31.711142519399999 ], [ -8.0914414121, 31.710796819399999 ], [ -8.091446812099999, 31.710445419399999 ], [ -8.0919296121, 31.7101597194 ], [ -8.092498212100001, 31.7100849194 ], [ -8.0929166121, 31.710073519400002 ], [ -8.093547512100001, 31.710057119399998 ], [ -8.0942631121, 31.710055219400001 ], [ -8.094713712100001, 31.710131019399999 ], [ -8.095046312099999, 31.709995419399998 ], [ -8.0952823121, 31.709701119399998 ], [ -8.095336012100001, 31.7093200194 ], [ -8.095486212100001, 31.708826719400001 ], [ -8.0952501121, 31.7079705194 ], [ -8.0954095121, 31.707595019399999 ], [ -8.0959260121, 31.707607319400001 ], [ -8.096655612099999, 31.707664819400001 ], [ -8.0973208121, 31.707840019399999 ], [ -8.097551512100001, 31.708002519400001 ], [ -8.097615812100001, 31.708516419399999 ], [ -8.097782112100001, 31.7090987194 ], [ -8.097884112099999, 31.709799719399999 ], [ -8.0978358121, 31.710359219400001 ], [ -8.0977392121, 31.710649419399999 ], [ -8.0974817121, 31.711415219399999 ], [ -8.0972403121, 31.712012119400001 ], [ -8.097079412099999, 31.712396819399999 ], [ -8.096912612100001, 31.712723519400001 ], [ -8.0966824121, 31.7131028194 ], [ -8.096600412100001, 31.713269819400001 ], [ -8.0961460121, 31.713720219399999 ], [ -8.0962962121, 31.7142295194 ], [ -8.0965918121, 31.714664419399998 ], [ -8.097310112100001, 31.714992519399999 ], [ -8.0980450121, 31.715193319400001 ], [ -8.0985332121, 31.715066919400002 ], [ -8.0991340121, 31.714606919400001 ], [ -8.0996221121, 31.714466819399998 ], [ -8.0999708121, 31.714356819399999 ], [ -8.1004429121, 31.714186119400001 ], [ -8.100802312100001, 31.714189819400001 ], [ -8.101226112100001, 31.714046019400001 ], [ -8.1014568121, 31.713935619400001 ], [ -8.1018806121, 31.713743519400001 ], [ -8.102121912099999, 31.713504819400001 ], [ -8.102315112099999, 31.713121519400001 ], [ -8.1025994121, 31.712837219400001 ], [ -8.1027979121, 31.7127003194 ], [ -8.103050012100001, 31.712399119400001 ], [ -8.1031626121, 31.712152619400001 ], [ -8.103323612100001, 31.712112519400002 ], [ -8.1035703121, 31.712083719399999 ], [ -8.103969512100001, 31.711954119400001 ], [ -8.104310612100001, 31.7117743194 ], [ -8.1049275121, 31.7117652194 ], [ -8.1054050121, 31.711931319400001 ], [ -8.1056678121, 31.712004819400001 ], [ -8.105962912100001, 31.712090119399999 ], [ -8.1062901121, 31.712063219400001 ], [ -8.106467112100001, 31.712063219400001 ], [ -8.1064880121, 31.7122103194 ], [ -8.1067835121, 31.712317519399999 ], [ -8.1070839121, 31.712402919399999 ], [ -8.1074058121, 31.712482319399999 ], [ -8.1076837121, 31.7125690194 ], [ -8.1079155121, 31.712493119400001 ], [ -8.108199812100001, 31.712545119400001 ], [ -8.108677312099999, 31.712689819400001 ], [ -8.109002912099999, 31.7128216194 ], [ -8.109288812100001, 31.713235619399999 ], [ -8.109346712100001, 31.713472119399999 ], [ -8.1095473121, 31.713319719400001 ], [ -8.1096739121, 31.713144019400001 ], [ -8.109933012100001, 31.712921319399999 ], [ -8.1101524121, 31.712804519399999 ], [ -8.110549412099999, 31.712815419399998 ], [ -8.110845512099999, 31.7129496194 ], [ -8.1111663121, 31.7131399194 ], [ -8.111305012100001, 31.7134303194 ], [ -8.111650512100001, 31.713504919399998 ], [ -8.1119216121, 31.713458919400001 ], [ -8.112177512100001, 31.7134351194 ], [ -8.1124194121, 31.7134397194 ], [ -8.112672612100001, 31.7134023194 ], [ -8.112881812099999, 31.7133831194 ], [ -8.1130159121, 31.713432819400001 ], [ -8.1131661121, 31.713371219399999 ], [ -8.1133035121, 31.713337019400001 ], [ -8.113477312100001, 31.713436819399998 ], [ -8.1136677121, 31.7133105194 ], [ -8.113890312100001, 31.713146219399999 ], [ -8.114109712099999, 31.713180019399999 ], [ -8.114466412100001, 31.713313719399999 ], [ -8.114923512100001, 31.713350219399999 ], [ -8.115307612100001, 31.713331519299999 ], [ -8.1155436121, 31.7133401193 ], [ -8.115795712100001, 31.7133292193 ], [ -8.1165210121, 31.713329619300001 ], [ -8.116712512099999, 31.7133675193 ], [ -8.116940512099999, 31.713429119299999 ], [ -8.1171701121, 31.713505319300001 ], [ -8.117341812099999, 31.713629019300001 ], [ -8.1174185121, 31.713714819300002 ], [ -8.1176293121, 31.7139083193 ], [ -8.1177661121, 31.7140214193 ], [ -8.117849212099999, 31.7141497193 ], [ -8.118074012099999, 31.714313119300002 ], [ -8.1182253121, 31.714445419299999 ], [ -8.118471012100001, 31.7146367193 ], [ -8.118559512099999, 31.7147854193 ], [ -8.118664712099999, 31.714871219300001 ], [ -8.118852912099999, 31.714945219299999 ], [ -8.1191448121, 31.715218519299999 ], [ -8.119292312100001, 31.715346719300001 ], [ -8.119657112100001, 31.715506419299999 ], [ -8.1198180121, 31.715653819300002 ], [ -8.119989712100001, 31.715717719299999 ], [ -8.120247212100001, 31.715812219299998 ], [ -8.1204403121, 31.715925819300001 ], [ -8.120654912099999, 31.715971919299999 ], [ -8.1209123121, 31.715965519299999 ], [ -8.121191312100001, 31.7160112193 ], [ -8.1216097121, 31.715987019300002 ], [ -8.121856512100001, 31.7161252193 ], [ -8.1220893121, 31.716173619300001 ], [ -8.122360712100001, 31.716328319300001 ], [ -8.122578712099999, 31.716409919299998 ], [ -8.1228065121, 31.7163520193 ], [ -8.1230878121, 31.7163976193 ], [ -8.123432212100001, 31.7163821193 ], [ -8.123706612099999, 31.716359519299999 ], [ -8.124083712099999, 31.716237919299999 ], [ -8.124536512100001, 31.716059919300001 ], [ -8.1248903121, 31.715918919300002 ], [ -8.125332112100001, 31.7158154193 ], [ -8.125898812100001, 31.715800719299999 ], [ -8.1263604121, 31.715869419299999 ], [ -8.1267177121, 31.716144119300001 ], [ -8.1268357121, 31.716546019300001 ], [ -8.1269538121, 31.716790119300001 ], [ -8.1271291121, 31.717146919299999 ], [ -8.1273917121, 31.717587319300002 ], [ -8.127530912099999, 31.7180824193 ], [ -8.127895712100001, 31.718282319299998 ], [ -8.127888712100001, 31.7186530193 ], [ -8.1278474121, 31.719078519300002 ], [ -8.1279362121, 31.7194888193 ], [ -8.1279408121, 31.719843319300001 ], [ -8.128062012099999, 31.720111219300001 ], [ -8.1283582121, 31.7203494193 ], [ -8.1288511121, 31.720565719300001 ], [ -8.1293132121, 31.720835619300001 ], [ -8.129943512100001, 31.720757819300001 ], [ -8.1303118121, 31.720303019300001 ], [ -8.130820612100001, 31.719930919300001 ], [ -8.1311990121, 31.719426619299998 ], [ -8.131691612099999, 31.7192702193 ], [ -8.1325285121, 31.718895119300001 ], [ -8.133140712099999, 31.718497919299999 ], [ -8.1336442121, 31.718200819300002 ], [ -8.1339929121, 31.7181143193 ], [ -8.134356912099999, 31.717990719300001 ], [ -8.134756212099999, 31.7180237193 ], [ -8.135079212100001, 31.7181335193 ], [ -8.135342612100001, 31.718302419299999 ], [ -8.1357074121, 31.7182891193 ], [ -8.136007812100001, 31.718381319300001 ], [ -8.1362406121, 31.718205419299998 ], [ -8.136428112100001, 31.7181736193 ], [ -8.1363771121, 31.7179599193 ], [ -8.136963812099999, 31.718286919299999 ], [ -8.1371022121, 31.718233019300001 ], [ -8.137210512099999, 31.718103019299999 ], [ -8.137350012100001, 31.718082919299999 ], [ -8.1374358121, 31.7180085193 ], [ -8.137542012100001, 31.7179131193 ], [ -8.1378639121, 31.718015319300001 ], [ -8.1381278121, 31.717988919300002 ], [ -8.1383853121, 31.718047719299999 ], [ -8.138589312100001, 31.718083119300001 ], [ -8.1388790121, 31.718242819299999 ], [ -8.1397962121, 31.7183302193 ], [ -8.1405963121, 31.718446519299999 ], [ -8.141014012099999, 31.718767619299999 ], [ -8.141802612099999, 31.719045919300001 ], [ -8.1425744121, 31.719346019300001 ], [ -8.1435293121, 31.719325919300001 ], [ -8.1440045121, 31.719418919300001 ], [ -8.1444202121, 31.719468019299999 ], [ -8.1449328121, 31.719528219299999 ], [ -8.145595012099999, 31.7194018193 ], [ -8.146131412100001, 31.719707619299999 ], [ -8.146549412100001, 31.719838319299999 ], [ -8.147070512100001, 31.720235519300001 ], [ -8.147193612100001, 31.720579119300002 ], [ -8.1473395121, 31.720823919299999 ], [ -8.148395412099999, 31.721624019299998 ], [ -8.148890912100001, 31.7218166193 ], [ -8.148992812099999, 31.721833719300001 ], [ -8.149163212099999, 31.721915619299999 ], [ -8.1497675121, 31.7222088193 ], [ -8.1501411121, 31.722385919299999 ], [ -8.1507824121, 31.722711219299999 ], [ -8.151449012100001, 31.722895719299999 ], [ -8.1517489121, 31.723186919300002 ], [ -8.152077712100001, 31.723238019299998 ], [ -8.152368712099999, 31.723308519300002 ], [ -8.152937912100001, 31.723619219300002 ], [ -8.1534451121, 31.723863319300001 ], [ -8.153804512100001, 31.7240103193 ], [ -8.154199312099999, 31.724138719300001 ], [ -8.1543935121, 31.724350019300001 ], [ -8.1547089121, 31.724344719299999 ], [ -8.155149312100001, 31.724470219299999 ], [ -8.155469612099999, 31.724444919300002 ], [ -8.155697612100001, 31.7243256193 ], [ -8.155955112099999, 31.724206019299999 ], [ -8.1561420121, 31.724132619300001 ], [ -8.156309412100001, 31.7240605193 ], [ -8.1565092121, 31.7239106193 ], [ -8.1567587121, 31.723913819300002 ], [ -8.1569207121, 31.723923619299999 ], [ -8.1571299121, 31.7238592193 ], [ -8.157527612100001, 31.723842619300001 ], [ -8.157768512100001, 31.7238136193 ], [ -8.1579589121, 31.723829619299998 ], [ -8.1581118121, 31.723808619300002 ], [ -8.1582950121, 31.723832119299999 ], [ -8.158482212099999, 31.723859919300001 ], [ -8.158659012099999, 31.723797619300001 ], [ -8.1587784121, 31.723831219299999 ], [ -8.1589573121, 31.7238170193 ], [ -8.159185512100001, 31.723815419299999 ], [ -8.1595621121, 31.723875019299999 ], [ -8.159971112099999, 31.723796519299999 ], [ -8.1602091121, 31.723626519300002 ], [ -8.1605119121, 31.7234333193 ], [ -8.1608195121, 31.7233680193 ], [ -8.161280312100001, 31.7236422193 ], [ -8.162369312099999, 31.7242195193 ], [ -8.162700812100001, 31.724454419299999 ], [ -8.163099412099999, 31.7248628193 ], [ -8.163549512099999, 31.725246619299998 ], [ -8.163731912099999, 31.725567319300001 ], [ -8.164167212100001, 31.725339419299999 ], [ -8.164614012099999, 31.725338119300002 ], [ -8.1649681121, 31.7255945193 ], [ -8.164991512, 31.726301019299999 ], [ -8.165552812, 31.726874819300001 ], [ -8.165935812, 31.727164119299999 ], [ -8.166388612, 31.7274584193 ], [ -8.166925612, 31.727631319299999 ], [ -8.167316612, 31.727482119299999 ], [ -8.167729212, 31.7271851193 ], [ -8.168002712, 31.726916319299999 ], [ -8.168308512, 31.726910419300001 ], [ -8.168645712, 31.726255919300002 ], [ -8.169087412, 31.725866419300001 ], [ -8.169528412, 31.725511519299999 ], [ -8.169839512, 31.7254298193 ], [ -8.170182812, 31.725346719299999 ], [ -8.170548212, 31.725383219299999 ], [ -8.171005712, 31.725628719300001 ], [ -8.171459612, 31.725976019299999 ], [ -8.171787912, 31.7266458193 ], [ -8.172030912, 31.727056419299998 ], [ -8.172368812, 31.7271344193 ], [ -8.172587712, 31.727327519300001 ], [ -8.172825912, 31.727549219299998 ], [ -8.173151512, 31.727651919300001 ], [ -8.173528112, 31.727874519299998 ], [ -8.173922412, 31.728016419300001 ], [ -8.174168112, 31.728042019299998 ], [ -8.174505012, 31.728148319300001 ], [ -8.174822012, 31.728005919299999 ], [ -8.175144412, 31.727997319299998 ], [ -8.175357412, 31.7278777193 ], [ -8.175651112, 31.7276074193 ], [ -8.176419612, 31.7278093193 ], [ -8.177053112, 31.727642819300002 ], [ -8.177795212, 31.727094019300001 ], [ -8.178872212, 31.727550619300001 ], [ -8.179268912, 31.728179519299999 ], [ -8.179291712, 31.728895719299999 ], [ -8.177939012, 31.7292257193 ], [ -8.176874912, 31.729800519299999 ], [ -8.176088612, 31.730282319299999 ], [ -8.176297212, 31.7305670193 ], [ -8.176585812, 31.730648219300001 ], [ -8.177137312, 31.730775919300001 ], [ -8.177759612, 31.730859919299998 ], [ -8.178296012, 31.7308886193 ], [ -8.178953712, 31.730731219300001 ], [ -8.179602212, 31.7305870193 ], [ -8.180152612, 31.730841619300001 ], [ -8.180309812, 31.731013619300001 ], [ -8.180371512, 31.7314179193 ], [ -8.180289412, 31.7318627193 ], [ -8.180526312, 31.732204219300002 ], [ -8.180795612, 31.732103819300001 ], [ -8.181234612, 31.732347319300001 ], [ -8.181558612, 31.732347319300001 ], [ -8.181853712, 31.7322907193 ], [ -8.182136912, 31.7325394193 ], [ -8.182432012, 31.732570819300001 ], [ -8.183081112, 31.732594619299999 ], [ -8.183625012, 31.732429419300001 ], [ -8.184027412, 31.7321904193 ], [ -8.184560612, 31.732018819299999 ], [ -8.185181812, 31.7317414193 ], [ -8.185815812, 31.731495019299999 ], [ -8.186332012, 31.731616819300001 ], [ -8.186777212, 31.731987819299999 ], [ -8.187099112, 31.732323119299998 ], [ -8.187593112, 31.732705919299999 ], [ -8.188039412, 31.732686719299998 ], [ -8.188263612, 31.732523419300001 ], [ -8.188344012, 31.7323053193 ], [ -8.188896612, 31.731972219300001 ], [ -8.189241612, 31.731526519300001 ], [ -8.189765212, 31.731520119300001 ], [ -8.190103112, 31.732024719199998 ], [ -8.190711912, 31.7321045192 ], [ -8.191452212, 31.7321392192 ], [ -8.192839212, 31.732285019199999 ], [ -8.193561312, 31.732112319199999 ], [ -8.194361612, 31.7317409192 ], [ -8.194955712, 31.7318221192 ], [ -8.195337412, 31.731977919199998 ], [ -8.195725312, 31.7319932192 ], [ -8.195984412, 31.7320498192 ], [ -8.196143412, 31.732146519200001 ], [ -8.196660812, 31.732478919199998 ], [ -8.197166112, 31.732571119199999 ], [ -8.197551812, 31.732816119199999 ], [ -8.197871412, 31.733075919200001 ], [ -8.198166612, 31.733120419199999 ], [ -8.198456512, 31.733051919200001 ], [ -8.198732812, 31.733016119199998 ], [ -8.198973112, 31.733101019199999 ], [ -8.199375212, 31.733085719200002 ], [ -8.199618212, 31.732986719199999 ], [ -8.199756912, 31.732849419200001 ], [ -8.200017912, 31.732937019200001 ], [ -8.200244512, 31.7329144192 ], [ -8.200456712, 31.732903719199999 ], [ -8.200736712, 31.7328861192 ], [ -8.200986112, 31.732888419199998 ], [ -8.201322012, 31.732755219200001 ], [ -8.201567612, 31.732675819200001 ], [ -8.201891412, 31.7326438192 ], [ -8.202234212, 31.732685119199999 ], [ -8.202439612, 31.732701519199999 ], [ -8.202739212, 31.732757019200001 ], [ -8.203033512, 31.732857819199999 ], [ -8.203328012, 31.732994919199999 ], [ -8.203719612, 31.733106919200001 ], [ -8.204362012, 31.733141119199999 ], [ -8.204893912, 31.7330561192 ], [ -8.205725612, 31.732799619200001 ], [ -8.205977712, 31.732337219200001 ], [ -8.206387312, 31.732072419200001 ], [ -8.207262012, 31.731735019199999 ], [ -8.207992612, 31.731665619200001 ], [ -8.208884412, 31.731251419199999 ], [ -8.209549612, 31.730608019200002 ], [ -8.209721212, 31.7303662192 ], [ -8.210165012, 31.7299667192 ], [ -8.210658712, 31.729291619200001 ], [ -8.211082512, 31.7286847192 ], [ -8.211775912, 31.7283588192 ], [ -8.212370512, 31.7281387192 ], [ -8.212858012, 31.728152119200001 ], [ -8.213291212, 31.728332219199999 ], [ -8.213143212, 31.7287564192 ], [ -8.213759112, 31.729279719200001 ], [ -8.214668512, 31.729489919199999 ], [ -8.215312712, 31.729541019199999 ], [ -8.215935512, 31.729418719200002 ], [ -8.216818712, 31.730090919199998 ], [ -8.217448912, 31.730797519199999 ], [ -8.217900112, 31.7314782192 ], [ -8.217975212, 31.731965419200002 ], [ -8.218259612, 31.7322802192 ], [ -8.218833612, 31.732318619200001 ], [ -8.219826912, 31.7323994192 ], [ -8.220391512, 31.732464819200001 ], [ -8.220852812, 31.732720319199998 ], [ -8.221507312, 31.7325651192 ], [ -8.222719612, 31.732081519200001 ], [ -8.223041512, 31.731762119199999 ], [ -8.223245312, 31.731442819200002 ], [ -8.224296812, 31.730977419199998 ], [ -8.224897612, 31.731032119200002 ], [ -8.225246812, 31.731194519199999 ], [ -8.225654512, 31.7313588192 ], [ -8.226045612, 31.731743919199999 ], [ -8.226109912, 31.732327919199999 ], [ -8.226946812, 31.732930119199999 ], [ -8.227150612, 31.733203919200001 ], [ -8.227601312, 31.734070719200002 ], [ -8.227697812, 31.734645619199998 ], [ -8.227740712, 31.735366519199999 ], [ -8.227740712, 31.735986919199998 ], [ -8.227858712, 31.736406719200001 ], [ -8.228336712, 31.736614719199999 ], [ -8.228802912, 31.736634819199999 ], [ -8.229253512, 31.736580019200002 ], [ -8.229624212, 31.736477919199999 ], [ -8.229846312, 31.736309519199999 ], [ -8.230174812, 31.737766519200001 ], [ -8.222798212, 31.7476556192 ], [ -8.212584412, 31.756048919200001 ], [ -8.200439312, 31.765101819200002 ], [ -8.194989112, 31.777648919200001 ], [ -8.188423012, 31.787356319200001 ], [ -8.190397112, 31.7938493192 ], [ -8.188508912, 31.805010219100001 ], [ -8.1874789119, 31.8139088191 ], [ -8.1802691119, 31.8250673191 ], [ -8.178466711900001, 31.831120119099999 ], [ -8.1902255119, 31.833380619100001 ], [ -8.1986798119, 31.838991719100001 ], [ -8.1826295119, 31.853428019100001 ], [ -8.1534041119, 31.853941919099999 ], [ -8.131431511900001, 31.8641480191 ], [ -8.111347111900001, 31.8693235191 ], [ -8.084310411900001, 31.871728919100001 ], [ -8.0691322119, 31.8737294192 ], [ -8.0531996119, 31.8783078192 ] ] ] ] } },
{ "type": "Feature", "properties": { "com_fr": "Loudaya" }, "geometry": { "type": "MultiPolygon", "coordinates": [ [ [ [ -8.199149612, 31.716047719300001 ], [ -8.218118112, 31.713784319199998 ], [ -8.232623512, 31.710060519199999 ], [ -8.239146712, 31.689467219299999 ], [ -8.245669812099999, 31.675224519299999 ], [ -8.2364001121, 31.672302619300002 ], [ -8.2240748121, 31.665231319299998 ], [ -8.231078612099999, 31.659007019299999 ], [ -8.2198348121, 31.653454419300001 ], [ -8.2165732121, 31.647317019300001 ], [ -8.2123675121, 31.642056019399998 ], [ -8.210221712099999, 31.637744719400001 ], [ -8.2110285121, 31.6320593194 ], [ -8.236056812099999, 31.633360119399999 ], [ -8.237515912099999, 31.6284638194 ], [ -8.2433524121, 31.6226170194 ], [ -8.2463908121, 31.620731419399998 ], [ -8.2534804121, 31.6222516194 ], [ -8.2478156121, 31.611218519400001 ], [ -8.229533612199999, 31.593747019399999 ], [ -8.2152857122, 31.582487519400001 ], [ -8.2093634122, 31.5805133195 ], [ -8.204299412199999, 31.574882919499998 ], [ -8.201552812199999, 31.556015019499998 ], [ -8.208762612199999, 31.552504319499999 ], [ -8.222581312200001, 31.561792819499999 ], [ -8.230992712200001, 31.561134619499999 ], [ -8.246442312199999, 31.572616119399999 ], [ -8.2537379122, 31.576564819400001 ], [ -8.2563986122, 31.573054819399999 ], [ -8.255368712199999, 31.5646450194 ], [ -8.2557120122, 31.5599644194 ], [ -8.2608103122, 31.5620232194 ], [ -8.2673850122, 31.5671315194 ], [ -8.273084112199999, 31.575917619399998 ], [ -8.277761912100001, 31.582242619399999 ], [ -8.285581112099999, 31.5904918194 ], [ -8.2941212121, 31.597071619299999 ], [ -8.3012452121, 31.601128919299999 ], [ -8.3078970121, 31.603029619299999 ], [ -8.3116221121, 31.606039519300001 ], [ -8.317158212100001, 31.608488319300001 ], [ -8.3223166121, 31.610631919300001 ], [ -8.3241963121, 31.613568519299999 ], [ -8.3237242121, 31.6162363193 ], [ -8.3216729121, 31.618343219300002 ], [ -8.319741712100001, 31.624226719300001 ], [ -8.3194413121, 31.6274771193 ], [ -8.321793012100001, 31.6318035193 ], [ -8.3250632121, 31.637890919299998 ], [ -8.3282389121, 31.640083119300002 ], [ -8.331491912100001, 31.640390019200002 ], [ -8.337251112, 31.641654119199998 ], [ -8.340117912, 31.6423264192 ], [ -8.345877112, 31.6526142192 ], [ -8.350554912, 31.659043519200001 ], [ -8.340718712, 31.6613594192 ], [ -8.335405812, 31.662586819200001 ], [ -8.334633312, 31.664814919200001 ], [ -8.334597612, 31.6679744192 ], [ -8.334590412, 31.668613619199999 ], [ -8.334968012, 31.672171119200001 ], [ -8.340426912, 31.6765393192 ], [ -8.348057212, 31.6788182192 ], [ -8.353988112, 31.680739219199999 ], [ -8.358580112, 31.681798319199999 ], [ -8.362648412, 31.682652919199999 ], [ -8.366431612, 31.684503019200001 ], [ -8.375014712, 31.693997519100002 ], [ -8.385743512, 31.701592319100001 ], [ -8.391541412, 31.705312819100001 ], [ -8.3960046119, 31.710497219099999 ], [ -8.3982748119, 31.714662819099999 ], [ -8.403214311899999, 31.721814219100001 ], [ -8.4056691119, 31.725464619099998 ], [ -8.408450011899999, 31.726997719 ], [ -8.408952211900001, 31.730106319 ], [ -8.4085587119, 31.730653819 ], [ -8.4081403119, 31.731082719 ], [ -8.407834511900001, 31.731365619 ], [ -8.4071586119, 31.731461419 ], [ -8.406042811900001, 31.731406719 ], [ -8.4050611119, 31.731543519 ], [ -8.404615911900001, 31.731648519 ], [ -8.4041331119, 31.732081919 ], [ -8.4032855119, 31.732798219 ], [ -8.4022877119, 31.733267919 ], [ -8.4011290119, 31.733637519 ], [ -8.400050711900001, 31.733747019 ], [ -8.3994714119, 31.733893019 ], [ -8.3990798119, 31.733847419 ], [ -8.3989135119, 31.733637519 ], [ -8.3986882119, 31.733559919 ], [ -8.3984897119, 31.733733319 ], [ -8.3982644119, 31.733970519 ], [ -8.3981410119, 31.734066419 ], [ -8.397953211900001, 31.734107419 ], [ -8.397298811900001, 31.734162219 ], [ -8.3970627119, 31.734075519 ], [ -8.396504911899999, 31.733961419 ], [ -8.396204411899999, 31.733943219 ], [ -8.395791411899999, 31.733847419 ], [ -8.3952710119, 31.734070919 ], [ -8.3948192119, 31.733756519 ], [ -8.3936403119, 31.734372019 ], [ -8.3931575119, 31.734331019100001 ], [ -8.392775311899999, 31.734886619 ], [ -8.3918323119, 31.734840119099999 ], [ -8.391236811900001, 31.734681319100002 ], [ -8.390665011899999, 31.734525719099999 ], [ -8.390324311900001, 31.734462819099999 ], [ -8.389832411900001, 31.7341899191 ], [ -8.3895647119, 31.734053519100001 ], [ -8.389542111900001, 31.7337424191 ], [ -8.3894134119, 31.733747019100001 ], [ -8.3891666119, 31.733801719100001 ], [ -8.3888823119, 31.7337424191 ], [ -8.388630211900001, 31.7336375191 ], [ -8.388463911900001, 31.733345519099998 ], [ -8.3877718119, 31.732104719100001 ], [ -8.387494111900001, 31.732137719099999 ], [ -8.3871759119, 31.7322491191 ], [ -8.3869421119, 31.732332119100001 ], [ -8.386618611899999, 31.732440719100001 ], [ -8.386168511899999, 31.732641419099998 ], [ -8.385796211900001, 31.733007419100002 ], [ -8.385112811899999, 31.733341819100001 ], [ -8.3847029119, 31.733259119100001 ], [ -8.3843811119, 31.733779219100001 ], [ -8.3841665119, 31.734198919099999 ], [ -8.383911211899999, 31.734155319100001 ], [ -8.383360211899999, 31.734179919100001 ], [ -8.3824596119, 31.7341890191 ], [ -8.3810557119, 31.734372419100001 ], [ -8.379424911899999, 31.7347283191 ], [ -8.3778579119, 31.7352843191 ], [ -8.376935211899999, 31.735485119100002 ], [ -8.3765823119, 31.7353132191 ], [ -8.375903711899999, 31.735184119100001 ], [ -8.375154311899999, 31.7349934191 ], [ -8.3742552119, 31.734903019099999 ], [ -8.373518711899999, 31.735095119099999 ], [ -8.3726850119, 31.7352840191 ], [ -8.372006711899999, 31.7353311191 ], [ -8.3714206119, 31.735412119100001 ], [ -8.3703668119, 31.735831619100001 ], [ -8.369175411900001, 31.736120419100001 ], [ -8.366764311900001, 31.735923119100001 ], [ -8.3660133119, 31.735722319099999 ], [ -8.365122811899999, 31.735603719099998 ], [ -8.3638246119, 31.736379319099999 ], [ -8.3629770119, 31.737091019099999 ], [ -8.3620428119, 31.737566319100001 ], [ -8.3617754119, 31.737702319099999 ], [ -8.3608205119, 31.737565519099999 ], [ -8.359661811900001, 31.737693219099999 ], [ -8.358867911899999, 31.737656719099999 ], [ -8.3576019119, 31.7366256191 ], [ -8.3557351119, 31.7349745191 ], [ -8.3522668119, 31.7349739191 ], [ -8.350913311899999, 31.7336056191 ], [ -8.351597311900001, 31.732783419099999 ], [ -8.3520119119, 31.731927519100001 ], [ -8.3522115119, 31.731589919099999 ], [ -8.351890711899999, 31.730961219099999 ], [ -8.3512668119, 31.7302888191 ], [ -8.3509717119, 31.730156519099999 ], [ -8.3507303119, 31.729709419100001 ], [ -8.3502368119, 31.729257719100001 ], [ -8.349770211899999, 31.729129819099999 ], [ -8.348863511899999, 31.728879019099999 ], [ -8.348273411899999, 31.728906419099999 ], [ -8.347420511899999, 31.7292029191 ], [ -8.346755311900001, 31.7295497191 ], [ -8.346090111900001, 31.729818919100001 ], [ -8.345317612, 31.729919319099999 ], [ -8.344250112, 31.7300197191 ], [ -8.343177212, 31.730074419099999 ], [ -8.342082912, 31.7301657191 ], [ -8.340897312, 31.7301702191 ], [ -8.340183912, 31.730142819099999 ], [ -8.338692612, 31.729663819100001 ], [ -8.337668012, 31.729558819099999 ], [ -8.337099512, 31.7294455191 ], [ -8.336515812, 31.729065919100002 ], [ -8.335997112, 31.728605119099999 ], [ -8.335376712, 31.727533919100001 ], [ -8.334891812, 31.727177619100001 ], [ -8.334465812, 31.7268413191 ], [ -8.333997512, 31.726387319099999 ], [ -8.333014812, 31.725881719099998 ], [ -8.332401612, 31.725716619100002 ], [ -8.331794912, 31.725632619100001 ], [ -8.331276112, 31.725753119099998 ], [ -8.330904412, 31.726239019099999 ], [ -8.331035512, 31.7269200191 ], [ -8.330530512, 31.727700519100001 ], [ -8.330067012, 31.728164519100002 ], [ -8.329736612, 31.728536419099999 ], [ -8.329363912, 31.728431819099999 ], [ -8.329095612, 31.728764919100001 ], [ -8.328681912, 31.7290314191 ], [ -8.327979712, 31.7293257191 ], [ -8.327596712, 31.729705819100001 ], [ -8.327153612, 31.7299553191 ], [ -8.326969112, 31.730162519099999 ], [ -8.326649912, 31.7302651191 ], [ -8.326571512, 31.730345419100001 ], [ -8.326313012, 31.730391119099998 ], [ -8.326046412, 31.730500619099999 ], [ -8.325882312, 31.730859219100001 ], [ -8.324718312, 31.731210519099999 ], [ -8.324069212, 31.7314158191 ], [ -8.323661512, 31.731534419100001 ], [ -8.323229812, 31.731913919099998 ], [ -8.322768412, 31.732266519100001 ], [ -8.322439312, 31.732298719100001 ], [ -8.322087412, 31.732123919100001 ], [ -8.321703912, 31.731725619100001 ], [ -8.321155112, 31.731192719100001 ], [ -8.320700412, 31.730549219099998 ], [ -8.320770112, 31.7302295191 ], [ -8.320770112, 31.729891919100002 ], [ -8.320791512, 31.729522319099999 ], [ -8.320748612, 31.729102619100001 ], [ -8.320527712, 31.728868819100001 ], [ -8.320432112, 31.728687419100002 ], [ -8.319956412, 31.728380119099999 ], [ -8.319178012, 31.7282647191 ], [ -8.318699512, 31.7284568191 ], [ -8.318431212, 31.728459219099999 ], [ -8.318086112, 31.728301419099999 ], [ -8.317409112, 31.7282188191 ], [ -8.316793312, 31.728054519099999 ], [ -8.316247812, 31.728226519100001 ], [ -8.315617112, 31.728139219100001 ], [ -8.315233612, 31.728181219100001 ], [ -8.314810812, 31.728118219100001 ], [ -8.314630612, 31.7281470191 ], [ -8.314419812, 31.728123719100001 ], [ -8.314166512, 31.728149019100002 ], [ -8.313758812, 31.728130719100001 ], [ -8.312836112, 31.728390819099999 ], [ -8.311634412, 31.728910919099999 ], [ -8.311257512, 31.729165419099999 ], [ -8.310318712, 31.729034919099998 ], [ -8.309712512, 31.7290180191 ], [ -8.309031212, 31.729162219100001 ], [ -8.308698612, 31.729436819099998 ], [ -8.308303112, 31.7295953191 ], [ -8.307985212, 31.729828319100001 ], [ -8.307593612, 31.729990719100002 ], [ -8.307207312, 31.730075619099999 ], [ -8.306912312, 31.730291419099999 ], [ -8.306515312, 31.7303092191 ], [ -8.305860812, 31.730595719099998 ], [ -8.305447012, 31.7305727191 ], [ -8.304858012, 31.730873319099999 ], [ -8.304071612, 31.731267519100001 ], [ -8.303678412, 31.731904519099999 ], [ -8.303437512, 31.732151319100002 ], [ -8.303176212, 31.7324917191 ], [ -8.302856012, 31.732765419100001 ], [ -8.302497112, 31.7329817191 ], [ -8.302217612, 31.7330374191 ], [ -8.301858712, 31.7333298191 ], [ -8.301620012, 31.733468519100001 ], [ -8.301111512, 31.7336852191 ], [ -8.300694112, 31.733821619099999 ], [ -8.300306312, 31.734013719099998 ], [ -8.299953312, 31.733968519099999 ], [ -8.299597612, 31.734132819100001 ], [ -8.299143312, 31.734078519099999 ], [ -8.298567712, 31.7339777191 ], [ -8.298065612, 31.7334110191 ], [ -8.297441712, 31.733110819099998 ], [ -8.296927212, 31.733128119100002 ], [ -8.296438012, 31.733483119100001 ], [ -8.295980712, 31.733763519099998 ], [ -8.295457912, 31.733830319100001 ], [ -8.295026112, 31.733712119100002 ], [ -8.294005812, 31.733593519100001 ], [ -8.293777312, 31.733203419100001 ], [ -8.293261212, 31.7329808191 ], [ -8.292969412, 31.733000419100001 ], [ -8.292593912, 31.732917819099999 ], [ -8.291952812, 31.732843419200002 ], [ -8.291263012, 31.732955219200001 ], [ -8.290800512, 31.7333111192 ], [ -8.290627012, 31.733686819199999 ], [ -8.290420712, 31.733886419099999 ], [ -8.290171312, 31.734195319099999 ], [ -8.289910012, 31.734406119100001 ], [ -8.289584412, 31.734626919099998 ], [ -8.289261512, 31.7349545191 ], [ -8.288844712, 31.735036619100001 ], [ -8.288196912, 31.735096219199999 ], [ -8.287617512, 31.735261819200002 ], [ -8.287242012, 31.735233519200001 ], [ -8.286979212, 31.735230819200002 ], [ -8.286874912, 31.7350261192 ], [ -8.286663512, 31.734860019199999 ], [ -8.286391012, 31.734825819200001 ], [ -8.286007412, 31.7346150192 ], [ -8.285836312, 31.7344503192 ], [ -8.285298312, 31.7341684192 ], [ -8.285114812, 31.7339590192 ], [ -8.284968912, 31.733705819200001 ], [ -8.284733912, 31.733267819200002 ], [ -8.284520912, 31.7331035192 ], [ -8.284326212, 31.732892719199999 ], [ -8.284385212, 31.732700219200002 ], [ -8.284293012, 31.732409619199998 ], [ -8.284124012, 31.731933719200001 ], [ -8.284012412, 31.731582419199999 ], [ -8.283873612, 31.731278919200001 ], [ -8.283600012, 31.730704019200001 ], [ -8.283310312, 31.730275219199999 ], [ -8.283176312, 31.730051419199999 ], [ -8.283015412, 31.7299536192 ], [ -8.282772912, 31.729884419200001 ], [ -8.282563712, 31.729836119200002 ], [ -8.282377012, 31.7298326192 ], [ -8.282194612, 31.7298290192 ], [ -8.282098912, 31.730074419200001 ], [ -8.281932612, 31.730242819200001 ], [ -8.281544812, 31.730288419200001 ], [ -8.281163412, 31.730345919200001 ], [ -8.280872612, 31.730291619199999 ], [ -8.280422512, 31.7303473192 ], [ -8.280319012, 31.7304002192 ], [ -8.279646412, 31.7302704192 ], [ -8.279147512, 31.730325219200001 ], [ -8.278600412, 31.7302430192 ], [ -8.278407212, 31.730115319199999 ], [ -8.278318112, 31.7295757192 ], [ -8.278068112, 31.729240819200001 ], [ -8.277746212, 31.7288288192 ], [ -8.276889512, 31.728444619200001 ], [ -8.276180912, 31.7284451192 ], [ -8.275601712, 31.728723719200001 ], [ -8.275016912, 31.728910719200002 ], [ -8.274679012, 31.729262119200001 ], [ -8.274448312, 31.729795919200001 ], [ -8.274255212, 31.7303160192 ], [ -8.274182612, 31.7309477192 ], [ -8.273630612, 31.731386219200001 ], [ -8.273410712, 31.731522119200001 ], [ -8.273084012, 31.731669119199999 ], [ -8.272651212, 31.731766919199998 ], [ -8.272238212, 31.7319175192 ], [ -8.271433512, 31.7319221192 ], [ -8.271113112, 31.731924119199999 ], [ -8.270243012, 31.731719219199999 ], [ -8.270055312, 31.731722019199999 ], [ -8.269902912, 31.731568719199998 ], [ -8.269317112, 31.731510719199999 ], [ -8.268693812, 31.7313150192 ], [ -8.267716012, 31.7308590192 ], [ -8.267109812, 31.730539619200002 ], [ -8.266616312, 31.7302339192 ], [ -8.265972512, 31.730101619199999 ], [ -8.265597012, 31.730037719199998 ], [ -8.265103512, 31.730037719199998 ], [ -8.264883712, 31.730191919199999 ], [ -8.264051612, 31.729686019199999 ], [ -8.263606412, 31.730071519199999 ], [ -8.263317112, 31.730430119200001 ], [ -8.263081112, 31.7306674192 ], [ -8.262920212, 31.7308635192 ], [ -8.262432012, 31.730995919200002 ], [ -8.261761512, 31.731297019199999 ], [ -8.261187512, 31.7313381192 ], [ -8.260388212, 31.731283319199999 ], [ -8.259594212, 31.731000419200001 ], [ -8.258500012, 31.730610819199999 ], [ -8.257383712, 31.730231619200001 ], [ -8.257174512, 31.729593819200002 ], [ -8.256649212, 31.7291617192 ], [ -8.255925012, 31.728783019200002 ], [ -8.255372012, 31.728688119200001 ], [ -8.254320612, 31.728296219200001 ], [ -8.254162112, 31.7282557192 ], [ -8.253690012, 31.728602519199999 ], [ -8.253393412, 31.7292568192 ], [ -8.253065312, 31.7296435192 ], [ -8.253017012, 31.7301126192 ], [ -8.253011712, 31.730424619200001 ], [ -8.253006312, 31.730958019199999 ], [ -8.252995012, 31.7315977192 ], [ -8.253177412, 31.7320142192 ], [ -8.253140812, 31.732378319199999 ], [ -8.253038912, 31.7326292192 ], [ -8.252491712, 31.7330536192 ], [ -8.252078712, 31.733080919199999 ], [ -8.251461812, 31.732925819199998 ], [ -8.250329912, 31.732524319199999 ], [ -8.249734412, 31.732414819199999 ], [ -8.249321412, 31.732150219200001 ], [ -8.248978012, 31.7320863192 ], [ -8.248361112, 31.732319019199998 ], [ -8.247320412, 31.732788919200001 ], [ -8.247422012, 31.733005719200001 ], [ -8.247239612, 31.733293619200001 ], [ -8.247008912, 31.733442319200002 ], [ -8.246815212, 31.7338748192 ], [ -8.246783012, 31.7341946192 ], [ -8.246761612, 31.734449719200001 ], [ -8.246719612, 31.734627619200001 ], [ -8.246617712, 31.734937819199999 ], [ -8.246456812, 31.735261819200002 ], [ -8.246279712, 31.735535519199999 ], [ -8.245898912, 31.735804719200001 ], [ -8.245485812, 31.735996319200002 ], [ -8.245319512, 31.736073919199999 ], [ -8.245206912, 31.736064719200002 ], [ -8.245067412, 31.736110419199999 ], [ -8.244901112, 31.736178819199999 ], [ -8.244375012, 31.736254119200002 ], [ -8.243704412, 31.7360114192 ], [ -8.243157212, 31.7356870192 ], [ -8.242728112, 31.735232119199999 ], [ -8.242235012, 31.7350610192 ], [ -8.241435712, 31.734650419200001 ], [ -8.240656912, 31.733979319199999 ], [ -8.240104912, 31.7338000192 ], [ -8.239654312, 31.733906819200001 ], [ -8.239359812, 31.734204219199999 ], [ -8.239209912, 31.735220519199999 ], [ -8.239011912, 31.735793519200001 ], [ -8.238582812, 31.7361220192 ], [ -8.237939012, 31.736268019200001 ], [ -8.237310912, 31.7360691192 ], [ -8.236495512, 31.7356493192 ], [ -8.235186512, 31.735101919200002 ], [ -8.234188812, 31.7348646192 ], [ -8.233212412, 31.7349467192 ], [ -8.231860612, 31.735120119200001 ], [ -8.231013012, 31.735193119200002 ], [ -8.230444412, 31.7355946192 ], [ -8.230074812, 31.735921319199999 ], [ -8.229846312, 31.736309519199999 ], [ -8.229624212, 31.736477919199999 ], [ -8.229253512, 31.736580019200002 ], [ -8.228802912, 31.736634819199999 ], [ -8.228336712, 31.736614719199999 ], [ -8.227858712, 31.736406719200001 ], [ -8.227740712, 31.735986919199998 ], [ -8.227740712, 31.735366519199999 ], [ -8.227697812, 31.734645619199998 ], [ -8.227601312, 31.734070719200002 ], [ -8.227150612, 31.733203919200001 ], [ -8.226946812, 31.732930119199999 ], [ -8.226109912, 31.732327919199999 ], [ -8.226045612, 31.731743919199999 ], [ -8.225654512, 31.7313588192 ], [ -8.225246812, 31.731194519199999 ], [ -8.224897612, 31.731032119200002 ], [ -8.224296812, 31.730977419199998 ], [ -8.223245312, 31.731442819200002 ], [ -8.223041512, 31.731762119199999 ], [ -8.222719612, 31.732081519200001 ], [ -8.221507312, 31.7325651192 ], [ -8.220852812, 31.732720319199998 ], [ -8.220391512, 31.732464819200001 ], [ -8.219826912, 31.7323994192 ], [ -8.218833612, 31.732318619200001 ], [ -8.218259612, 31.7322802192 ], [ -8.217975212, 31.731965419200002 ], [ -8.217900112, 31.7314782192 ], [ -8.217448912, 31.730797519199999 ], [ -8.216818712, 31.730090919199998 ], [ -8.215935512, 31.729418719200002 ], [ -8.215312712, 31.729541019199999 ], [ -8.214668512, 31.729489919199999 ], [ -8.213759112, 31.729279719200001 ], [ -8.213143212, 31.7287564192 ], [ -8.213291212, 31.728332219199999 ], [ -8.212858012, 31.728152119200001 ], [ -8.212370512, 31.7281387192 ], [ -8.211775912, 31.7283588192 ], [ -8.211082512, 31.7286847192 ], [ -8.210658712, 31.729291619200001 ], [ -8.210165012, 31.7299667192 ], [ -8.209721212, 31.7303662192 ], [ -8.209549612, 31.730608019200002 ], [ -8.208884412, 31.731251419199999 ], [ -8.207992612, 31.731665619200001 ], [ -8.207262012, 31.731735019199999 ], [ -8.206387312, 31.732072419200001 ], [ -8.205977712, 31.732337219200001 ], [ -8.205725612, 31.732799619200001 ], [ -8.204893912, 31.7330561192 ], [ -8.204362012, 31.733141119199999 ], [ -8.203719612, 31.733106919200001 ], [ -8.203328012, 31.732994919199999 ], [ -8.203033512, 31.732857819199999 ], [ -8.202739212, 31.732757019200001 ], [ -8.202439612, 31.732701519199999 ], [ -8.202234212, 31.732685119199999 ], [ -8.201891412, 31.7326438192 ], [ -8.201567612, 31.732675819200001 ], [ -8.201322012, 31.732755219200001 ], [ -8.200986112, 31.732888419199998 ], [ -8.200736712, 31.7328861192 ], [ -8.200456712, 31.732903719199999 ], [ -8.200244512, 31.7329144192 ], [ -8.200017912, 31.732937019200001 ], [ -8.199756912, 31.732849419200001 ], [ -8.200177012, 31.730396419200002 ], [ -8.199578712, 31.727072119199999 ], [ -8.198119612, 31.7232758193 ], [ -8.197604612, 31.7195523193 ], [ -8.199149612, 31.716047719300001 ] ] ] ] } },
{ "type": "Feature", "properties": { "com_fr": "Sidi Zouine" }, "geometry": { "type": "MultiPolygon", "coordinates": [ [ [ [ -8.366431612, 31.684503019200001 ], [ -8.362648412, 31.682652919199999 ], [ -8.358580112, 31.681798319199999 ], [ -8.353988112, 31.680739219199999 ], [ -8.348057212, 31.6788182192 ], [ -8.340426912, 31.6765393192 ], [ -8.334968012, 31.672171119200001 ], [ -8.334590412, 31.668613619199999 ], [ -8.334597612, 31.6679744192 ], [ -8.334633312, 31.664814919200001 ], [ -8.335405812, 31.662586819200001 ], [ -8.340718712, 31.6613594192 ], [ -8.350554912, 31.659043519200001 ], [ -8.345877112, 31.6526142192 ], [ -8.340117912, 31.6423264192 ], [ -8.337251112, 31.641654119199998 ], [ -8.331491912100001, 31.640390019200002 ], [ -8.3282389121, 31.640083119300002 ], [ -8.3250632121, 31.637890919299998 ], [ -8.321793012100001, 31.6318035193 ], [ -8.3194413121, 31.6274771193 ], [ -8.319741712100001, 31.624226719300001 ], [ -8.3216729121, 31.618343219300002 ], [ -8.3237242121, 31.6162363193 ], [ -8.326350612100001, 31.616113919299998 ], [ -8.3389248121, 31.613190219300002 ], [ -8.357893412099999, 31.609060319299999 ], [ -8.377162412100001, 31.604893719300001 ], [ -8.382197512099999, 31.603157819300002 ], [ -8.3936871121, 31.6084358192 ], [ -8.402871012, 31.611871319199999 ], [ -8.401411912, 31.616841619199999 ], [ -8.399648112, 31.625688919200002 ], [ -8.402613512, 31.628681619200002 ], [ -8.416814212, 31.630512319200001 ], [ -8.424195712, 31.631681619199998 ], [ -8.424109812, 31.642131419199998 ], [ -8.426045312, 31.647461819099998 ], [ -8.417376412, 31.6498729192 ], [ -8.404025412, 31.652872219199999 ], [ -8.399905612, 31.658278719199998 ], [ -8.390120912, 31.666899219200001 ], [ -8.386773512, 31.672231819099999 ], [ -8.381022812, 31.678294619100001 ], [ -8.370598712, 31.681650819200001 ], [ -8.366431612, 31.684503019200001 ] ] ] ] } },
{ "type": "Feature", "properties": { "com_fr": "Oulad Hassoun" }, "geometry": { "type": "MultiPolygon", "coordinates": [ [ [ [ -7.7444133124, 31.5805714199 ], [ -7.7532620124, 31.582337919899999 ], [ -7.7674241124, 31.590965419900002 ], [ -7.7836461124, 31.601785319800001 ], [ -7.8007092124, 31.610476819799999 ], [ -7.8172917124, 31.6135541198 ], [ -7.8251023124, 31.607925719800001 ], [ -7.8293080123, 31.611434319800001 ], [ -7.8373761123, 31.6198399198 ], [ -7.8433843123, 31.631387219699999 ], [ -7.8507657123, 31.646805819699999 ], [ -7.8618207123, 31.6408798197 ], [ -7.8774590123, 31.643079219699999 ], [ -7.8872437123, 31.644029219699998 ], [ -7.8869004123, 31.6498746197 ], [ -7.8804459123, 31.6514016197 ], [ -7.8813214123, 31.657546119700001 ], [ -7.8815789123, 31.660395319700001 ], [ -7.8683610123, 31.660541519700001 ], [ -7.8614774123, 31.663529419700001 ], [ -7.8602071123, 31.667773819699999 ], [ -7.8707642123, 31.675151719599999 ], [ -7.8767724122, 31.682017719600001 ], [ -7.8788323122, 31.687203319599998 ], [ -7.8798444122, 31.691922519599999 ], [ -7.8748467122, 31.6920549196 ], [ -7.8666016122, 31.692273219600001 ], [ -7.8608587122, 31.692425319600002 ], [ -7.8466738123, 31.691949819600001 ], [ -7.8357904123, 31.691933919699999 ], [ -7.8167360123, 31.691906019699999 ], [ -7.8045481123, 31.678131119700002 ], [ -7.7693545123, 31.684576119700001 ], [ -7.7595986123, 31.6863627197 ], [ -7.7532676123, 31.682055319700002 ], [ -7.7414370123, 31.674005619799999 ], [ -7.7360500123, 31.670340019800001 ], [ -7.7397015124, 31.641978519799999 ], [ -7.7418232124, 31.614332319900001 ], [ -7.7444133124, 31.5805714199 ] ] ] ] } },
{ "type": "Feature", "properties": { "com_fr": "Al Ouidane" }, "geometry": { "type": "MultiPolygon", "coordinates": [ [ [ [ -7.7979622124, 31.578439919899999 ], [ -7.7947986124, 31.571084919899999 ], [ -7.8036746124, 31.570126019899998 ], [ -7.8193108124, 31.569236619800002 ], [ -7.8234457124, 31.5767173198 ], [ -7.8316605124, 31.575759619799999 ], [ -7.8419602124, 31.5735659198 ], [ -7.8560879124, 31.5760448198 ], [ -7.8658211124, 31.577222119799998 ], [ -7.8823006124, 31.5835104198 ], [ -7.8889954123, 31.5858501198 ], [ -7.8972867123, 31.588182419700001 ], [ -7.8995183123, 31.5909607197 ], [ -7.9042376123, 31.5875330197 ], [ -7.9153098123, 31.590024319699999 ], [ -7.9139365123, 31.596596919700001 ], [ -7.9153580123, 31.6054511197 ], [ -7.9172806123, 31.610812919699999 ], [ -7.9198588123, 31.615310419699998 ], [ -7.9183139123, 31.628173719700001 ], [ -7.9159106123, 31.6319008197 ], [ -7.9147090123, 31.637673919699999 ], [ -7.9147090123, 31.644688819599999 ], [ -7.9172839123, 31.655137119599999 ], [ -7.9199101122, 31.6641961196 ], [ -7.9208030122, 31.6670453196 ], [ -7.9235495122, 31.675226719600001 ], [ -7.9250945122, 31.681289319600001 ], [ -7.9224123122, 31.683469419600002 ], [ -7.9249025122, 31.6877759196 ], [ -7.9270096122, 31.6906902196 ], [ -7.9277021122, 31.6914049196 ], [ -7.9268416122, 31.6913797196 ], [ -7.9262827122, 31.6909574196 ], [ -7.9257483122, 31.690791319599999 ], [ -7.9249586122, 31.6905722196 ], [ -7.9231155122, 31.6904302196 ], [ -7.9222599122, 31.690150919600001 ], [ -7.9212160122, 31.689784319600001 ], [ -7.9201275122, 31.688911619599999 ], [ -7.9190069122, 31.688272119600001 ], [ -7.9182114122, 31.6881894196 ], [ -7.9177403122, 31.6883739196 ], [ -7.9170364122, 31.688600319599999 ], [ -7.9162811122, 31.689199219599999 ], [ -7.9155687122, 31.690155919599999 ], [ -7.9151392122, 31.690700919600001 ], [ -7.9145974122, 31.691066119599999 ], [ -7.9138447122, 31.6912076196 ], [ -7.9132552122, 31.6911857196 ], [ -7.9127525122, 31.690917719600002 ], [ -7.9123180122, 31.6906105196 ], [ -7.9119388122, 31.690295119599998 ], [ -7.9114683122, 31.689931819600002 ], [ -7.9109420122, 31.6898131196 ], [ -7.9099432122, 31.689888919600001 ], [ -7.9092340122, 31.6899724196 ], [ -7.9086203122, 31.6901034196 ], [ -7.9081701122, 31.690367719600001 ], [ -7.9073977122, 31.6906306196 ], [ -7.9055449122, 31.691595619600001 ], [ -7.9043692122, 31.688798419600001 ], [ -7.8946703122, 31.691529919600001 ], [ -7.8853133122, 31.691777719600001 ], [ -7.8798444122, 31.691922519599999 ], [ -7.8788323122, 31.687203319599998 ], [ -7.8767724122, 31.682017719600001 ], [ -7.8707642123, 31.675151719599999 ], [ -7.8602071123, 31.667773819699999 ], [ -7.8614774123, 31.663529419700001 ], [ -7.8683610123, 31.660541519700001 ], [ -7.8815789123, 31.660395319700001 ], [ -7.8813214123, 31.657546119700001 ], [ -7.8804459123, 31.6514016197 ], [ -7.8869004123, 31.6498746197 ], [ -7.8872437123, 31.644029219699998 ], [ -7.8774590123, 31.643079219699999 ], [ -7.8618207123, 31.6408798197 ], [ -7.8507657123, 31.646805819699999 ], [ -7.8433843123, 31.631387219699999 ], [ -7.8373761123, 31.6198399198 ], [ -7.8293080123, 31.611434319800001 ], [ -7.8251023124, 31.607925719800001 ], [ -7.8172917124, 31.6135541198 ], [ -7.8007092124, 31.610476819799999 ], [ -7.7836461124, 31.601785319800001 ], [ -7.7674241124, 31.590965419900002 ], [ -7.7532620124, 31.582337919899999 ], [ -7.7444133124, 31.5805714199 ], [ -7.7447229124, 31.5688472199 ], [ -7.7701011124, 31.574210919900001 ], [ -7.7884912124, 31.578097519899998 ], [ -7.7939285124, 31.581646619899999 ], [ -7.7979622124, 31.578439919899999 ] ] ] ] } },
{ "type": "Feature", "properties": { "com_fr": "Ouahat Sidi Brahim" }, "geometry": { "type": "MultiPolygon", "coordinates": [ [ [ [ -7.9055449122, 31.691595619600001 ], [ -7.9073977122, 31.6906306196 ], [ -7.9081701122, 31.690367719600001 ], [ -7.9086203122, 31.6901034196 ], [ -7.9092340122, 31.6899724196 ], [ -7.9099432122, 31.689888919600001 ], [ -7.9109420122, 31.6898131196 ], [ -7.9114683122, 31.689931819600002 ], [ -7.9119388122, 31.690295119599998 ], [ -7.9123180122, 31.6906105196 ], [ -7.9127525122, 31.690917719600002 ], [ -7.9132552122, 31.6911857196 ], [ -7.9138447122, 31.6912076196 ], [ -7.9145974122, 31.691066119599999 ], [ -7.9151392122, 31.690700919600001 ], [ -7.9155687122, 31.690155919599999 ], [ -7.9162811122, 31.689199219599999 ], [ -7.9170364122, 31.688600319599999 ], [ -7.9177403122, 31.6883739196 ], [ -7.9182114122, 31.6881894196 ], [ -7.9190069122, 31.688272119600001 ], [ -7.9201275122, 31.688911619599999 ], [ -7.9212160122, 31.689784319600001 ], [ -7.9222599122, 31.690150919600001 ], [ -7.9231155122, 31.6904302196 ], [ -7.9249586122, 31.6905722196 ], [ -7.9257483122, 31.690791319599999 ], [ -7.9262827122, 31.6909574196 ], [ -7.9268416122, 31.6913797196 ], [ -7.9277021122, 31.6914049196 ], [ -7.9288437122, 31.691599319600002 ], [ -7.9301263122, 31.6920348196 ], [ -7.9319534122, 31.692899619599999 ], [ -7.9335091122, 31.693531319600002 ], [ -7.9344635122, 31.6938154196 ], [ -7.9351501122, 31.6942362196 ], [ -7.9356265122, 31.6942517196 ], [ -7.9361509122, 31.694289519600002 ], [ -7.9371122122, 31.6938513196 ], [ -7.9381508122, 31.693573819600001 ], [ -7.9400391122, 31.693040719500001 ], [ -7.9412365122, 31.6925253195 ], [ -7.9419273122, 31.692244619499998 ], [ -7.9423050122, 31.691799119500001 ], [ -7.9425453122, 31.691222219499998 ], [ -7.9428416122, 31.6909542195 ], [ -7.9433501122, 31.6902819196 ], [ -7.9437053122, 31.690170219599999 ], [ -7.9441237122, 31.689424319600001 ], [ -7.9450641122, 31.688778419599998 ], [ -7.9459991122, 31.6886797196 ], [ -7.9472200122, 31.688541119500002 ], [ -7.9477458122, 31.688456619499998 ], [ -7.9483466122, 31.688348919500001 ], [ -7.9491543122, 31.6883227195 ], [ -7.9506306122, 31.687789619499998 ], [ -7.9516605122, 31.6876508195 ], [ -7.9533686122, 31.6875997195 ], [ -7.9543814122, 31.687848019499999 ], [ -7.9551710122, 31.6883446195 ], [ -7.9559263122, 31.688958119500001 ], [ -7.9564500122, 31.689633719500002 ], [ -7.9568577122, 31.690026319499999 ], [ -7.9574112122, 31.6904115195 ], [ -7.9577777122, 31.690412019499998 ], [ -7.9582095122, 31.690431119500001 ], [ -7.9586387122, 31.690269119500002 ], [ -7.9590367122, 31.690300119500002 ], [ -7.9593575122, 31.6902440195 ], [ -7.9601295122, 31.690268219499998 ], [ -7.9609388122, 31.690243519500001 ], [ -7.9614899122, 31.690247619499999 ], [ -7.9621014122, 31.690198319499999 ], [ -7.9628271122, 31.690199719500001 ], [ -7.9646381122, 31.689958719500002 ], [ -7.9680714122, 31.689929519500001 ], [ -7.9688799122, 31.689952319500001 ], [ -7.9698777122, 31.690150019499999 ], [ -7.9711592122, 31.690509619499998 ], [ -7.9728092122, 31.690491919500001 ], [ -7.9739079122, 31.6904699195 ], [ -7.9752554122, 31.690199719500001 ], [ -7.9759249122, 31.690323919499999 ], [ -7.9770233122, 31.6903395195 ], [ -7.9784951122, 31.690340319499999 ], [ -7.9795984122, 31.6901486195 ], [ -7.9811176122, 31.690637919499999 ], [ -7.9825338122, 31.6910396195 ], [ -7.9832634122, 31.690952019499999 ], [ -7.9839758122, 31.6907621195 ], [ -7.9848684122, 31.690659819499999 ], [ -7.9862246122, 31.690857019500001 ], [ -7.9878553122, 31.691419419500001 ], [ -7.9887384122, 31.691573919500001 ], [ -7.9889691122, 31.691656719499999 ], [ -7.9896879122, 31.691889119500001 ], [ -7.9908440122, 31.692663219500002 ], [ -7.9918894122, 31.6933182195 ], [ -7.9931082122, 31.693537319499999 ], [ -7.9938807122, 31.693851319499998 ], [ -7.9946188122, 31.693829419499998 ], [ -7.9956011122, 31.6936368195 ], [ -7.9961981122, 31.693142919500001 ], [ -7.9975710122, 31.6926600195 ], [ -7.9981785122, 31.692523319500001 ], [ -7.9984744122, 31.692258619499999 ], [ -7.9989100122, 31.692093419500001 ], [ -7.9995843122, 31.6918410195 ], [ -8.0005306122, 31.691732319500002 ], [ -8.0012172122, 31.692366819499998 ], [ -8.001968312200001, 31.693387919500001 ], [ -8.0023642122, 31.694247819499999 ], [ -8.003052412200001, 31.695994619499999 ], [ -8.0030987122, 31.6960291195 ], [ -8.0038077122, 31.696587919500001 ], [ -8.004671912199999, 31.696616219500001 ], [ -8.005127912200001, 31.696641819500002 ], [ -8.0057073122, 31.696539619500001 ], [ -8.0064422122, 31.696365719500001 ], [ -8.0070001122, 31.696038419499999 ], [ -8.0073220122, 31.695865419499999 ], [ -8.007742612199999, 31.695669219500001 ], [ -8.0079871122, 31.695494819499999 ], [ -8.008405612200001, 31.6953159195 ], [ -8.008813312199999, 31.695262919499999 ], [ -8.0095536122, 31.6952237195 ], [ -8.0103904122, 31.6952177195 ], [ -8.011216512200001, 31.6956226195 ], [ -8.0118710122, 31.695992819499999 ], [ -8.0121928122, 31.6966742195 ], [ -8.0122250122, 31.697170819499998 ], [ -8.012331812199999, 31.697879219499999 ], [ -8.013276512199999, 31.697937619499999 ], [ -8.0136985122, 31.697882519499998 ], [ -8.014302412199999, 31.697821419499999 ], [ -8.014715112199999, 31.697731019500001 ], [ -8.015099212200001, 31.697541619500001 ], [ -8.0158643122, 31.6973622195 ], [ -8.016927412199999, 31.6969308195 ], [ -8.018019712199999, 31.696174019499999 ], [ -8.0190700122, 31.6958284195 ], [ -8.019638712200001, 31.695901519500001 ], [ -8.0201644122, 31.6959923195 ], [ -8.020385812200001, 31.6962106195 ], [ -8.020718412200001, 31.696207019500001 ], [ -8.021170612200001, 31.6963498195 ], [ -8.0219801122, 31.6966748195 ], [ -8.0233760122, 31.6973543195 ], [ -8.0236416122, 31.6979097195 ], [ -8.024310012200001, 31.6985679195 ], [ -8.0246661122, 31.698390519499998 ], [ -8.0254579122, 31.698275919499999 ], [ -8.026012512199999, 31.698322319500001 ], [ -8.026724012200001, 31.698224919499999 ], [ -8.027288412200001, 31.698209519500001 ], [ -8.0278661122, 31.6980848195 ], [ -8.028259712200001, 31.6979851195 ], [ -8.028715312199999, 31.6976656195 ], [ -8.0293375122, 31.697440119500001 ], [ -8.030024212200001, 31.6976510195 ], [ -8.030582112199999, 31.697776919500001 ], [ -8.0308144122, 31.6981140195 ], [ -8.0314969122, 31.698046419499999 ], [ -8.032297612100001, 31.698224219499998 ], [ -8.033158112100001, 31.698116519500001 ], [ -8.0346956121, 31.697544119500002 ], [ -8.035976812099999, 31.697341019500001 ], [ -8.036336912099999, 31.697383819399999 ], [ -8.0362930121, 31.697169919499999 ], [ -8.0364829121, 31.6971535194 ], [ -8.036890612100001, 31.697226519400001 ], [ -8.037191012099999, 31.6971635194 ], [ -8.0375129121, 31.6972064194 ], [ -8.037920612100001, 31.697339719399999 ], [ -8.038178112100001, 31.697630019399998 ], [ -8.038459212099999, 31.697924819400001 ], [ -8.038827212099999, 31.698240719400001 ], [ -8.0390364121, 31.698639619400002 ], [ -8.0392799121, 31.699460219399999 ], [ -8.039103412099999, 31.700210719400001 ], [ -8.0394119121, 31.700724519400001 ], [ -8.039699412099999, 31.7008952194 ], [ -8.040204812100001, 31.700942619399999 ], [ -8.0406200121, 31.701268519399999 ], [ -8.038777212099999, 31.707357419400001 ], [ -8.037017712100001, 31.714954819399999 ], [ -8.0331553121, 31.722328919399999 ], [ -8.0295075121, 31.7291878194 ], [ -8.0249456121, 31.736221319399998 ], [ -8.0112885121, 31.726129819400001 ], [ -8.002559512099999, 31.746386519400001 ], [ -7.9851530121, 31.744452319400001 ], [ -7.9833849121, 31.7609248194 ], [ -7.9497479121, 31.767135019400001 ], [ -7.9385173122, 31.740760919500001 ], [ -7.9360981122, 31.7350785195 ], [ -7.9328821122, 31.727524219500001 ], [ -7.9210872122, 31.731498519500001 ], [ -7.9118450122, 31.734612619499998 ], [ -7.9095230122, 31.728788919500001 ], [ -7.9055566122, 31.718840419500001 ], [ -7.8960436122, 31.7061060196 ], [ -7.9066060122, 31.695023019600001 ], [ -7.9055449122, 31.691595619600001 ] ] ] ] } },
{ "type": "Feature", "properties": { "com_fr": "Souihla" }, "geometry": { "type": "MultiPolygon", "coordinates": [ [ [ [ -8.199149612, 31.716047719300001 ], [ -8.199836212, 31.709038219300002 ], [ -8.197862112099999, 31.702101219300001 ], [ -8.195888012099999, 31.693484019300001 ], [ -8.1976904121, 31.686618819300001 ], [ -8.1967463121, 31.679899219300001 ], [ -8.1945147121, 31.6713530193 ], [ -8.1933131121, 31.6641209193 ], [ -8.190480712099999, 31.651774019400001 ], [ -8.1833567121, 31.644759619399998 ], [ -8.1783785121, 31.639644619399999 ], [ -8.169623812099999, 31.641033019399998 ], [ -8.1637873121, 31.6378909194 ], [ -8.161469912099999, 31.633944719399999 ], [ -8.1594100122, 31.6294138194 ], [ -8.177091112099999, 31.630437019399999 ], [ -8.1838717121, 31.629340719399998 ], [ -8.1873049121, 31.625905919400001 ], [ -8.184300912199999, 31.619035719399999 ], [ -8.1766619122, 31.613338219399999 ], [ -8.1707739122, 31.607062919499999 ], [ -8.1613841122, 31.5949168195 ], [ -8.1546893122, 31.5859971195 ], [ -8.1485095122, 31.579343419499999 ], [ -8.1547242122, 31.5695583195 ], [ -8.155290112199999, 31.5686672195 ], [ -8.165418112199999, 31.553382019499999 ], [ -8.174087012199999, 31.538094319599999 ], [ -8.1761469123, 31.5304129196 ], [ -8.1788935123, 31.522950419600001 ], [ -8.1888585123, 31.5110750196 ], [ -8.1913390123, 31.5194384196 ], [ -8.1952013122, 31.5288766195 ], [ -8.2002654122, 31.5508220195 ], [ -8.201552812199999, 31.556015019499998 ], [ -8.204299412199999, 31.574882919499998 ], [ -8.2093634122, 31.5805133195 ], [ -8.2152857122, 31.582487519400001 ], [ -8.229533612199999, 31.593747019399999 ], [ -8.2478156121, 31.611218519400001 ], [ -8.2534804121, 31.6222516194 ], [ -8.2463908121, 31.620731419399998 ], [ -8.2433524121, 31.6226170194 ], [ -8.237515912099999, 31.6284638194 ], [ -8.236056812099999, 31.633360119399999 ], [ -8.2110285121, 31.6320593194 ], [ -8.210221712099999, 31.637744719400001 ], [ -8.2123675121, 31.642056019399998 ], [ -8.2165732121, 31.647317019300001 ], [ -8.2198348121, 31.653454419300001 ], [ -8.231078612099999, 31.659007019299999 ], [ -8.2240748121, 31.665231319299998 ], [ -8.2364001121, 31.672302619300002 ], [ -8.245669812099999, 31.675224519299999 ], [ -8.239146712, 31.689467219299999 ], [ -8.232623512, 31.710060519199999 ], [ -8.218118112, 31.713784319199998 ], [ -8.199149612, 31.716047719300001 ] ] ] ] } },
{ "type": "Feature", "properties": { "com_fr": "Agafay" }, "geometry": { "type": "MultiPolygon", "coordinates": [ [ [ [ -8.1470890124, 31.433203819700001 ], [ -8.1555519124, 31.439575019700001 ], [ -8.1657056124, 31.4314608197 ], [ -8.1757950124, 31.417467919700002 ], [ -8.195072612400001, 31.414351219699999 ], [ -8.2045784124, 31.409776619700001 ], [ -8.2189325124, 31.395734919700001 ], [ -8.222923612400001, 31.3857851197 ], [ -8.2270949124, 31.373496619699999 ], [ -8.2341159124, 31.378186519700002 ], [ -8.244415612399999, 31.3774464197 ], [ -8.2507499124, 31.375761019700001 ], [ -8.254397712399999, 31.371393419699999 ], [ -8.2618210124, 31.363278619700001 ], [ -8.2638562124, 31.3756877197 ], [ -8.2655728124, 31.3876022197 ], [ -8.265642612300001, 31.401114119700001 ], [ -8.2650246123, 31.409868219700002 ], [ -8.2695286123, 31.421840719599999 ], [ -8.282818712299999, 31.435442519599999 ], [ -8.283120912299999, 31.451296719599998 ], [ -8.287082012300001, 31.465463819499998 ], [ -8.2886227123, 31.473403119499999 ], [ -8.292506512199999, 31.481349019500001 ], [ -8.288609812200001, 31.488298819499999 ], [ -8.2913349122, 31.497509519499999 ], [ -8.292562312199999, 31.5053290195 ], [ -8.2942489122, 31.510897719500001 ], [ -8.2942446122, 31.513005119500001 ], [ -8.2932447122, 31.514900319500001 ], [ -8.290249212200001, 31.515807619499999 ], [ -8.290343612199999, 31.5201867195 ], [ -8.2863353122, 31.523951119500001 ], [ -8.285661512200001, 31.535898019400001 ], [ -8.283172412200001, 31.543209519400001 ], [ -8.2824000122, 31.546940019400001 ], [ -8.2809451122, 31.551613919400001 ], [ -8.2793959122, 31.555644019399999 ], [ -8.2774218122, 31.558569519399999 ], [ -8.2781127122, 31.560098019400002 ], [ -8.285232412199999, 31.5614218194 ], [ -8.285489912199999, 31.566833619400001 ], [ -8.2832626122, 31.568727619400001 ], [ -8.2839492122, 31.570190219400001 ], [ -8.2870391121, 31.571360219399999 ], [ -8.286867412099999, 31.573480919400001 ], [ -8.2824901121, 31.574212119399998 ], [ -8.276911112200001, 31.574212119399998 ], [ -8.273084112199999, 31.575917619399998 ], [ -8.2673850122, 31.5671315194 ], [ -8.2608103122, 31.5620232194 ], [ -8.2557120122, 31.5599644194 ], [ -8.255368712199999, 31.5646450194 ], [ -8.2563986122, 31.573054819399999 ], [ -8.2537379122, 31.576564819400001 ], [ -8.246442312199999, 31.572616119399999 ], [ -8.230992712200001, 31.561134619499999 ], [ -8.222581312200001, 31.561792819499999 ], [ -8.208762612199999, 31.552504319499999 ], [ -8.201552812199999, 31.556015019499998 ], [ -8.2002654122, 31.5508220195 ], [ -8.1952013122, 31.5288766195 ], [ -8.1913390123, 31.5194384196 ], [ -8.1888585123, 31.5110750196 ], [ -8.182179212299999, 31.504441619600001 ], [ -8.173266612300001, 31.494996519600001 ], [ -8.160443512300001, 31.495289319600001 ], [ -8.150779012299999, 31.4894342196 ], [ -8.1447709123, 31.472891519699999 ], [ -8.1376126124, 31.447413119699998 ], [ -8.1339569124, 31.435518019700002 ], [ -8.1470890124, 31.433203819700001 ] ] ] ] } },
{ "type": "Feature", "properties": { "com_fr": "Ait Imour" }, "geometry": { "type": "MultiPolygon", "coordinates": [ [ [ [ -8.412161212099999, 31.532301419300001 ], [ -8.408848212100001, 31.541204219299999 ], [ -8.4143070121, 31.553759619299999 ], [ -8.413963712099999, 31.562400819299999 ], [ -8.4021576121, 31.571428719299998 ], [ -8.385897012099999, 31.571809019300002 ], [ -8.380919712100001, 31.582761419299999 ], [ -8.3862446121, 31.592121319299999 ], [ -8.384713512099999, 31.598863119299999 ], [ -8.382197512099999, 31.603157819300002 ], [ -8.377162412100001, 31.604893719300001 ], [ -8.357893412099999, 31.609060319299999 ], [ -8.3389248121, 31.613190219300002 ], [ -8.326350612100001, 31.616113919299998 ], [ -8.3237242121, 31.6162363193 ], [ -8.3241963121, 31.613568519299999 ], [ -8.3223166121, 31.610631919300001 ], [ -8.317158212100001, 31.608488319300001 ], [ -8.3116221121, 31.606039519300001 ], [ -8.3078970121, 31.603029619299999 ], [ -8.3012452121, 31.601128919299999 ], [ -8.2941212121, 31.597071619299999 ], [ -8.285581112099999, 31.5904918194 ], [ -8.277761912100001, 31.582242619399999 ], [ -8.273084112199999, 31.575917619399998 ], [ -8.276911112200001, 31.574212119399998 ], [ -8.2824901121, 31.574212119399998 ], [ -8.286867412099999, 31.573480919400001 ], [ -8.2870391121, 31.571360219399999 ], [ -8.2839492122, 31.570190219400001 ], [ -8.2832626122, 31.568727619400001 ], [ -8.285489912199999, 31.566833619400001 ], [ -8.285232412199999, 31.5614218194 ], [ -8.2781127122, 31.560098019400002 ], [ -8.2774218122, 31.558569519399999 ], [ -8.2793959122, 31.555644019399999 ], [ -8.2809451122, 31.551613919400001 ], [ -8.2824000122, 31.546940019400001 ], [ -8.283172412200001, 31.543209519400001 ], [ -8.285661512200001, 31.535898019400001 ], [ -8.2863353122, 31.523951119500001 ], [ -8.290343612199999, 31.5201867195 ], [ -8.290249212200001, 31.515807619499999 ], [ -8.2932447122, 31.514900319500001 ], [ -8.2942446122, 31.513005119500001 ], [ -8.2942489122, 31.510897719500001 ], [ -8.292562312199999, 31.5053290195 ], [ -8.2913349122, 31.497509519499999 ], [ -8.288609812200001, 31.488298819499999 ], [ -8.292506512199999, 31.481349019500001 ], [ -8.3051150122, 31.493433119500001 ], [ -8.315840212199999, 31.497442319499999 ], [ -8.327985012199999, 31.508900919399998 ], [ -8.3391987122, 31.5169066194 ], [ -8.356543712200001, 31.523776919399999 ], [ -8.3641517122, 31.5288628194 ], [ -8.3806614121, 31.532312319399999 ], [ -8.412161212099999, 31.532301419300001 ] ] ] ] } },
{ "type": "Feature", "properties": { "com_fr": "Saâda" }, "geometry": { "type": "MultiPolygon", "coordinates": [ [ [ [ -8.199149612, 31.716047719300001 ], [ -8.197604612, 31.7195523193 ], [ -8.198119612, 31.7232758193 ], [ -8.199578712, 31.727072119199999 ], [ -8.200177012, 31.730396419200002 ], [ -8.199756912, 31.732849419200001 ], [ -8.199618212, 31.732986719199999 ], [ -8.199375212, 31.733085719200002 ], [ -8.198973112, 31.733101019199999 ], [ -8.198732812, 31.733016119199998 ], [ -8.198456512, 31.733051919200001 ], [ -8.198166612, 31.733120419199999 ], [ -8.197871412, 31.733075919200001 ], [ -8.197551812, 31.732816119199999 ], [ -8.197166112, 31.732571119199999 ], [ -8.196660812, 31.732478919199998 ], [ -8.196143412, 31.732146519200001 ], [ -8.195984412, 31.7320498192 ], [ -8.195725312, 31.7319932192 ], [ -8.195337412, 31.731977919199998 ], [ -8.194955712, 31.7318221192 ], [ -8.194361612, 31.7317409192 ], [ -8.193561312, 31.732112319199999 ], [ -8.192839212, 31.732285019199999 ], [ -8.191452212, 31.7321392192 ], [ -8.190711912, 31.7321045192 ], [ -8.190103112, 31.732024719199998 ], [ -8.189765212, 31.731520119300001 ], [ -8.189241612, 31.731526519300001 ], [ -8.188896612, 31.731972219300001 ], [ -8.188344012, 31.7323053193 ], [ -8.188263612, 31.732523419300001 ], [ -8.188039412, 31.732686719299998 ], [ -8.187593112, 31.732705919299999 ], [ -8.187099112, 31.732323119299998 ], [ -8.186777212, 31.731987819299999 ], [ -8.186332012, 31.731616819300001 ], [ -8.185815812, 31.731495019299999 ], [ -8.185181812, 31.7317414193 ], [ -8.184560612, 31.732018819299999 ], [ -8.184027412, 31.7321904193 ], [ -8.183625012, 31.732429419300001 ], [ -8.183081112, 31.732594619299999 ], [ -8.182432012, 31.732570819300001 ], [ -8.182136912, 31.7325394193 ], [ -8.181853712, 31.7322907193 ], [ -8.181558612, 31.732347319300001 ], [ -8.181234612, 31.732347319300001 ], [ -8.180795612, 31.732103819300001 ], [ -8.180526312, 31.732204219300002 ], [ -8.180289412, 31.7318627193 ], [ -8.180371512, 31.7314179193 ], [ -8.180309812, 31.731013619300001 ], [ -8.180152612, 31.730841619300001 ], [ -8.179602212, 31.7305870193 ], [ -8.178953712, 31.730731219300001 ], [ -8.178296012, 31.7308886193 ], [ -8.177759612, 31.730859919299998 ], [ -8.177137312, 31.730775919300001 ], [ -8.176585812, 31.730648219300001 ], [ -8.176297212, 31.7305670193 ], [ -8.176088612, 31.730282319299999 ], [ -8.176874912, 31.729800519299999 ], [ -8.177939012, 31.7292257193 ], [ -8.179291712, 31.728895719299999 ], [ -8.179268912, 31.728179519299999 ], [ -8.178872212, 31.727550619300001 ], [ -8.177795212, 31.727094019300001 ], [ -8.177053112, 31.727642819300002 ], [ -8.176419612, 31.7278093193 ], [ -8.175651112, 31.7276074193 ], [ -8.175357412, 31.7278777193 ], [ -8.175144412, 31.727997319299998 ], [ -8.174822012, 31.728005919299999 ], [ -8.174505012, 31.728148319300001 ], [ -8.174168112, 31.728042019299998 ], [ -8.173922412, 31.728016419300001 ], [ -8.173528112, 31.727874519299998 ], [ -8.173151512, 31.727651919300001 ], [ -8.172825912, 31.727549219299998 ], [ -8.172587712, 31.727327519300001 ], [ -8.172368812, 31.7271344193 ], [ -8.172030912, 31.727056419299998 ], [ -8.171787912, 31.7266458193 ], [ -8.171459612, 31.725976019299999 ], [ -8.171005712, 31.725628719300001 ], [ -8.170548212, 31.725383219299999 ], [ -8.170182812, 31.725346719299999 ], [ -8.169839512, 31.7254298193 ], [ -8.169528412, 31.725511519299999 ], [ -8.169087412, 31.725866419300001 ], [ -8.168645712, 31.726255919300002 ], [ -8.168308512, 31.726910419300001 ], [ -8.168002712, 31.726916319299999 ], [ -8.167729212, 31.7271851193 ], [ -8.167316612, 31.727482119299999 ], [ -8.166925612, 31.727631319299999 ], [ -8.166388612, 31.7274584193 ], [ -8.165935812, 31.727164119299999 ], [ -8.165552812, 31.726874819300001 ], [ -8.164991512, 31.726301019299999 ], [ -8.1649681121, 31.7255945193 ], [ -8.164614012099999, 31.725338119300002 ], [ -8.164167212100001, 31.725339419299999 ], [ -8.163731912099999, 31.725567319300001 ], [ -8.163549512099999, 31.725246619299998 ], [ -8.163099412099999, 31.7248628193 ], [ -8.162700812100001, 31.724454419299999 ], [ -8.162369312099999, 31.7242195193 ], [ -8.161280312100001, 31.7236422193 ], [ -8.1608195121, 31.7233680193 ], [ -8.1605119121, 31.7234333193 ], [ -8.1602091121, 31.723626519300002 ], [ -8.159971112099999, 31.723796519299999 ], [ -8.1595621121, 31.723875019299999 ], [ -8.159185512100001, 31.723815419299999 ], [ -8.1589573121, 31.7238170193 ], [ -8.1587784121, 31.723831219299999 ], [ -8.158659012099999, 31.723797619300001 ], [ -8.158482212099999, 31.723859919300001 ], [ -8.1582950121, 31.723832119299999 ], [ -8.1581118121, 31.723808619300002 ], [ -8.1579589121, 31.723829619299998 ], [ -8.157768512100001, 31.7238136193 ], [ -8.157527612100001, 31.723842619300001 ], [ -8.1571299121, 31.7238592193 ], [ -8.1569207121, 31.723923619299999 ], [ -8.1567587121, 31.723913819300002 ], [ -8.1565092121, 31.7239106193 ], [ -8.156309412100001, 31.7240605193 ], [ -8.1561420121, 31.724132619300001 ], [ -8.155955112099999, 31.724206019299999 ], [ -8.155697612100001, 31.7243256193 ], [ -8.155469612099999, 31.724444919300002 ], [ -8.155149312100001, 31.724470219299999 ], [ -8.1547089121, 31.724344719299999 ], [ -8.1543935121, 31.724350019300001 ], [ -8.154199312099999, 31.724138719300001 ], [ -8.153804512100001, 31.7240103193 ], [ -8.1534451121, 31.723863319300001 ], [ -8.152937912100001, 31.723619219300002 ], [ -8.152368712099999, 31.723308519300002 ], [ -8.152077712100001, 31.723238019299998 ], [ -8.1517489121, 31.723186919300002 ], [ -8.151449012100001, 31.722895719299999 ], [ -8.1507824121, 31.722711219299999 ], [ -8.1501411121, 31.722385919299999 ], [ -8.1497675121, 31.7222088193 ], [ -8.149163212099999, 31.721915619299999 ], [ -8.148992812099999, 31.721833719300001 ], [ -8.148890912100001, 31.7218166193 ], [ -8.148395412099999, 31.721624019299998 ], [ -8.1473395121, 31.720823919299999 ], [ -8.147193612100001, 31.720579119300002 ], [ -8.147070512100001, 31.720235519300001 ], [ -8.146549412100001, 31.719838319299999 ], [ -8.146131412100001, 31.719707619299999 ], [ -8.145595012099999, 31.7194018193 ], [ -8.1449328121, 31.719528219299999 ], [ -8.1444202121, 31.719468019299999 ], [ -8.1440045121, 31.719418919300001 ], [ -8.1435293121, 31.719325919300001 ], [ -8.1425744121, 31.719346019300001 ], [ -8.141802612099999, 31.719045919300001 ], [ -8.141014012099999, 31.718767619299999 ], [ -8.1405963121, 31.718446519299999 ], [ -8.1397962121, 31.7183302193 ], [ -8.1388790121, 31.718242819299999 ], [ -8.138589312100001, 31.718083119300001 ], [ -8.1383853121, 31.718047719299999 ], [ -8.1381278121, 31.717988919300002 ], [ -8.1378639121, 31.718015319300001 ], [ -8.137542012100001, 31.7179131193 ], [ -8.1374358121, 31.7180085193 ], [ -8.137350012100001, 31.718082919299999 ], [ -8.137210512099999, 31.718103019299999 ], [ -8.1371022121, 31.718233019300001 ], [ -8.136963812099999, 31.718286919299999 ], [ -8.1363771121, 31.7179599193 ], [ -8.136428112100001, 31.7181736193 ], [ -8.1362406121, 31.718205419299998 ], [ -8.136007812100001, 31.718381319300001 ], [ -8.1357074121, 31.7182891193 ], [ -8.135342612100001, 31.718302419299999 ], [ -8.135079212100001, 31.7181335193 ], [ -8.134756212099999, 31.7180237193 ], [ -8.134356912099999, 31.717990719300001 ], [ -8.1339929121, 31.7181143193 ], [ -8.1336442121, 31.718200819300002 ], [ -8.133140712099999, 31.718497919299999 ], [ -8.1325285121, 31.718895119300001 ], [ -8.131691612099999, 31.7192702193 ], [ -8.1311990121, 31.719426619299998 ], [ -8.130820612100001, 31.719930919300001 ], [ -8.1303118121, 31.720303019300001 ], [ -8.129943512100001, 31.720757819300001 ], [ -8.1293132121, 31.720835619300001 ], [ -8.1288511121, 31.720565719300001 ], [ -8.1283582121, 31.7203494193 ], [ -8.128062012099999, 31.720111219300001 ], [ -8.1279408121, 31.719843319300001 ], [ -8.1279362121, 31.7194888193 ], [ -8.1278474121, 31.719078519300002 ], [ -8.127888712100001, 31.7186530193 ], [ -8.127895712100001, 31.718282319299998 ], [ -8.127530912099999, 31.7180824193 ], [ -8.1273917121, 31.717587319300002 ], [ -8.1271291121, 31.717146919299999 ], [ -8.1269538121, 31.716790119300001 ], [ -8.1268357121, 31.716546019300001 ], [ -8.1267177121, 31.716144119300001 ], [ -8.1263604121, 31.715869419299999 ], [ -8.125898812100001, 31.715800719299999 ], [ -8.125332112100001, 31.7158154193 ], [ -8.1248903121, 31.715918919300002 ], [ -8.124536512100001, 31.716059919300001 ], [ -8.124083712099999, 31.716237919299999 ], [ -8.123706612099999, 31.716359519299999 ], [ -8.123432212100001, 31.7163821193 ], [ -8.1230878121, 31.7163976193 ], [ -8.1228065121, 31.7163520193 ], [ -8.122578712099999, 31.716409919299998 ], [ -8.122360712100001, 31.716328319300001 ], [ -8.1220893121, 31.716173619300001 ], [ -8.121856512100001, 31.7161252193 ], [ -8.1216097121, 31.715987019300002 ], [ -8.121191312100001, 31.7160112193 ], [ -8.1209123121, 31.715965519299999 ], [ -8.120654912099999, 31.715971919299999 ], [ -8.1204403121, 31.715925819300001 ], [ -8.120247212100001, 31.715812219299998 ], [ -8.119989712100001, 31.715717719299999 ], [ -8.1198180121, 31.715653819300002 ], [ -8.119657112100001, 31.715506419299999 ], [ -8.119292312100001, 31.715346719300001 ], [ -8.1191448121, 31.715218519299999 ], [ -8.118852912099999, 31.714945219299999 ], [ -8.118664712099999, 31.714871219300001 ], [ -8.118559512099999, 31.7147854193 ], [ -8.118471012100001, 31.7146367193 ], [ -8.1182253121, 31.714445419299999 ], [ -8.118074012099999, 31.714313119300002 ], [ -8.117849212099999, 31.7141497193 ], [ -8.1177661121, 31.7140214193 ], [ -8.1176293121, 31.7139083193 ], [ -8.1174185121, 31.713714819300002 ], [ -8.117341812099999, 31.713629019300001 ], [ -8.1171701121, 31.713505319300001 ], [ -8.116940512099999, 31.713429119299999 ], [ -8.116712512099999, 31.7133675193 ], [ -8.1165210121, 31.713329619300001 ], [ -8.115795712100001, 31.7133292193 ], [ -8.1155436121, 31.7133401193 ], [ -8.115307612100001, 31.713331519299999 ], [ -8.114923512100001, 31.713350219399999 ], [ -8.114466412100001, 31.713313719399999 ], [ -8.114109712099999, 31.713180019399999 ], [ -8.113890312100001, 31.713146219399999 ], [ -8.1136677121, 31.7133105194 ], [ -8.113477312100001, 31.713436819399998 ], [ -8.1133035121, 31.713337019400001 ], [ -8.1131661121, 31.713371219399999 ], [ -8.1130159121, 31.713432819400001 ], [ -8.112881812099999, 31.7133831194 ], [ -8.112672612100001, 31.7134023194 ], [ -8.1124194121, 31.7134397194 ], [ -8.112177512100001, 31.7134351194 ], [ -8.1119216121, 31.713458919400001 ], [ -8.111650512100001, 31.713504919399998 ], [ -8.111305012100001, 31.7134303194 ], [ -8.1111663121, 31.7131399194 ], [ -8.110845512099999, 31.7129496194 ], [ -8.110549412099999, 31.712815419399998 ], [ -8.1101524121, 31.712804519399999 ], [ -8.109933012100001, 31.712921319399999 ], [ -8.1096739121, 31.713144019400001 ], [ -8.1095473121, 31.713319719400001 ], [ -8.109346712100001, 31.713472119399999 ], [ -8.109288812100001, 31.713235619399999 ], [ -8.109002912099999, 31.7128216194 ], [ -8.108677312099999, 31.712689819400001 ], [ -8.108199812100001, 31.712545119400001 ], [ -8.1079155121, 31.712493119400001 ], [ -8.1076837121, 31.7125690194 ], [ -8.1074058121, 31.712482319399999 ], [ -8.1070839121, 31.712402919399999 ], [ -8.1067835121, 31.712317519399999 ], [ -8.1064880121, 31.7122103194 ], [ -8.106467112100001, 31.712063219400001 ], [ -8.1062901121, 31.712063219400001 ], [ -8.105962912100001, 31.712090119399999 ], [ -8.1056678121, 31.712004819400001 ], [ -8.1054050121, 31.711931319400001 ], [ -8.1049275121, 31.7117652194 ], [ -8.104310612100001, 31.7117743194 ], [ -8.103969512100001, 31.711954119400001 ], [ -8.1035703121, 31.712083719399999 ], [ -8.103323612100001, 31.712112519400002 ], [ -8.1031626121, 31.712152619400001 ], [ -8.103050012100001, 31.712399119400001 ], [ -8.1027979121, 31.7127003194 ], [ -8.1025994121, 31.712837219400001 ], [ -8.102315112099999, 31.713121519400001 ], [ -8.102121912099999, 31.713504819400001 ], [ -8.1018806121, 31.713743519400001 ], [ -8.1014568121, 31.713935619400001 ], [ -8.101226112100001, 31.714046019400001 ], [ -8.100802312100001, 31.714189819400001 ], [ -8.1004429121, 31.714186119400001 ], [ -8.0999708121, 31.714356819399999 ], [ -8.0996221121, 31.714466819399998 ], [ -8.0991340121, 31.714606919400001 ], [ -8.0985332121, 31.715066919400002 ], [ -8.0980450121, 31.715193319400001 ], [ -8.097310112100001, 31.714992519399999 ], [ -8.0965918121, 31.714664419399998 ], [ -8.0962962121, 31.7142295194 ], [ -8.0961460121, 31.713720219399999 ], [ -8.096600412100001, 31.713269819400001 ], [ -8.0966824121, 31.7131028194 ], [ -8.096912612100001, 31.712723519400001 ], [ -8.097079412099999, 31.712396819399999 ], [ -8.0972403121, 31.712012119400001 ], [ -8.0974817121, 31.711415219399999 ], [ -8.0977392121, 31.710649419399999 ], [ -8.0978358121, 31.710359219400001 ], [ -8.097884112099999, 31.709799719399999 ], [ -8.097782112100001, 31.7090987194 ], [ -8.097615812100001, 31.708516419399999 ], [ -8.097551512100001, 31.708002519400001 ], [ -8.0973208121, 31.707840019399999 ], [ -8.096655612099999, 31.707664819400001 ], [ -8.0959260121, 31.707607319400001 ], [ -8.0954095121, 31.707595019399999 ], [ -8.0952501121, 31.7079705194 ], [ -8.095486212100001, 31.708826719400001 ], [ -8.095336012100001, 31.7093200194 ], [ -8.0952823121, 31.709701119399998 ], [ -8.095046312099999, 31.709995419399998 ], [ -8.094713712100001, 31.710131019399999 ], [ -8.0942631121, 31.710055219400001 ], [ -8.093547512100001, 31.710057119399998 ], [ -8.0929166121, 31.710073519400002 ], [ -8.092498212100001, 31.7100849194 ], [ -8.0919296121, 31.7101597194 ], [ -8.091446812099999, 31.710445419399999 ], [ -8.0914414121, 31.710796819399999 ], [ -8.0911394121, 31.711142519399999 ], [ -8.0898911121, 31.7115466194 ], [ -8.089354612099999, 31.711425219399999 ], [ -8.088850412099999, 31.711128119400001 ], [ -8.0886787121, 31.710723819399998 ], [ -8.0888933121, 31.710183019399999 ], [ -8.0896448121, 31.7094273194 ], [ -8.0902612121, 31.708597619399999 ], [ -8.0903471121, 31.708142119400001 ], [ -8.090206012099999, 31.707447519399999 ], [ -8.089869612099999, 31.706711419400001 ], [ -8.089390612100001, 31.7064134194 ], [ -8.0887468121, 31.7062167194 ], [ -8.0881686121, 31.706166919400001 ], [ -8.0882645121, 31.705157119399999 ], [ -8.089331512099999, 31.700858419399999 ], [ -8.0882994121, 31.692388919399999 ], [ -8.088471112100001, 31.684537719400002 ], [ -8.084308312099999, 31.684318619399999 ], [ -8.070963712099999, 31.6832212194 ], [ -8.0706204121, 31.681577819400001 ], [ -8.0707063121, 31.679057919400002 ], [ -8.0743786121, 31.677687519399999 ], [ -8.0745686122, 31.674675219400001 ], [ -8.0745031122, 31.671791319499999 ], [ -8.0682708122, 31.668520919500001 ], [ -8.068506812200001, 31.6662198195 ], [ -8.068439212199999, 31.664559719500001 ], [ -8.0686431122, 31.6632265195 ], [ -8.068624912200001, 31.661699619499998 ], [ -8.068224712199999, 31.660486919499998 ], [ -8.0676131122, 31.659400119499999 ], [ -8.066894312200001, 31.6584687195 ], [ -8.0668312122, 31.6581565195 ], [ -8.066725912200001, 31.657635819500001 ], [ -8.0666583122, 31.656532619499998 ], [ -8.066572412199999, 31.655619319500001 ], [ -8.066164712200001, 31.654048519500002 ], [ -8.0657892122, 31.653135219500001 ], [ -8.0698769122, 31.654505219499999 ], [ -8.070091512199999, 31.653391019499999 ], [ -8.0686785122, 31.652229319500002 ], [ -8.068289012199999, 31.651016419499999 ], [ -8.0677022122, 31.6497633195 ], [ -8.068442512200001, 31.645744719500001 ], [ -8.068878612200001, 31.6439485195 ], [ -8.069585612199999, 31.641629419499999 ], [ -8.0694188122, 31.6387298195 ], [ -8.0696763122, 31.637871219499999 ], [ -8.070845712200001, 31.632774119499999 ], [ -8.070735212200001, 31.631972119499999 ], [ -8.0698506122, 31.629063019499998 ], [ -8.0696457122, 31.6279748195 ], [ -8.0768753122, 31.628078719499999 ], [ -8.0800698122, 31.628149519499999 ], [ -8.083443112199999, 31.628217219500002 ], [ -8.0880673122, 31.628297219499999 ], [ -8.087741512199999, 31.6279161195 ], [ -8.0873965122, 31.6256734195 ], [ -8.085860612199999, 31.623336119499999 ], [ -8.0821034122, 31.6215747195 ], [ -8.080906112199999, 31.6199914195 ], [ -8.0789389122, 31.6174867195 ], [ -8.076283112200001, 31.6158933195 ], [ -8.0762852122, 31.611944419499999 ], [ -8.077098512199999, 31.608730019500001 ], [ -8.0763711122, 31.603830519500001 ], [ -8.0751673122, 31.601200719600001 ], [ -8.0734936122, 31.5972530196 ], [ -8.0725066122, 31.591367719600001 ], [ -8.0743948122, 31.5869810196 ], [ -8.0756823122, 31.583690819600001 ], [ -8.0766286122, 31.5815319196 ], [ -8.0768774123, 31.577350419599998 ], [ -8.0746522123, 31.576480319600002 ], [ -8.0749527123, 31.573344119600002 ], [ -8.0826775123, 31.5678596196 ], [ -8.079587612299999, 31.564788119599999 ], [ -8.0801013123, 31.560836719600001 ], [ -8.0752090123, 31.5539544196 ], [ -8.070059112299999, 31.547005819599999 ], [ -8.0661967123, 31.539482519700002 ], [ -8.064136812299999, 31.538813119699999 ], [ -8.0655101123, 31.532898619699999 ], [ -8.0653844123, 31.527583219699999 ], [ -8.071441012299999, 31.5303088197 ], [ -8.074578112299999, 31.535210319699999 ], [ -8.078294612300001, 31.540151819599998 ], [ -8.0887530123, 31.547737319599999 ], [ -8.0940387123, 31.551424319599999 ], [ -8.094499412299999, 31.551745619599998 ], [ -8.0986751123, 31.550158419599999 ], [ -8.101906612300001, 31.545235719600001 ], [ -8.107206612300001, 31.5418635196 ], [ -8.115000112300001, 31.5394898196 ], [ -8.1229051123, 31.537942619599999 ], [ -8.1282566123, 31.533743619599999 ], [ -8.1338184123, 31.5315964196 ], [ -8.1448224123, 31.5345089196 ], [ -8.1821020123, 31.504863219600001 ], [ -8.182179212299999, 31.504441619600001 ], [ -8.1888585123, 31.5110750196 ], [ -8.1788935123, 31.522950419600001 ], [ -8.1761469123, 31.5304129196 ], [ -8.174087012199999, 31.538094319599999 ], [ -8.165418112199999, 31.553382019499999 ], [ -8.155290112199999, 31.5686672195 ], [ -8.1547242122, 31.5695583195 ], [ -8.1485095122, 31.579343419499999 ], [ -8.1546893122, 31.5859971195 ], [ -8.1613841122, 31.5949168195 ], [ -8.1707739122, 31.607062919499999 ], [ -8.1766619122, 31.613338219399999 ], [ -8.184300912199999, 31.619035719399999 ], [ -8.1873049121, 31.625905919400001 ], [ -8.1838717121, 31.629340719399998 ], [ -8.177091112099999, 31.630437019399999 ], [ -8.1594100122, 31.6294138194 ], [ -8.161469912099999, 31.633944719399999 ], [ -8.1637873121, 31.6378909194 ], [ -8.169623812099999, 31.641033019399998 ], [ -8.1783785121, 31.639644619399999 ], [ -8.1833567121, 31.644759619399998 ], [ -8.190480712099999, 31.651774019400001 ], [ -8.1933131121, 31.6641209193 ], [ -8.1945147121, 31.6713530193 ], [ -8.1967463121, 31.679899219300001 ], [ -8.1976904121, 31.686618819300001 ], [ -8.195888012099999, 31.693484019300001 ], [ -8.197862112099999, 31.702101219300001 ], [ -8.199836212, 31.709038219300002 ], [ -8.199149612, 31.716047719300001 ] ] ] ] } },
{ "type": "Feature", "properties": { "com_fr": "Tasoultante" }, "geometry": { "type": "MultiPolygon", "coordinates": [ [ [ [ -7.9273561123, 31.562246719800001 ], [ -7.9247812124, 31.556503719799998 ], [ -7.9205090124, 31.554249219799999 ], [ -7.9205948124, 31.546867219799999 ], [ -7.9236783124, 31.536975519799999 ], [ -7.9119624124, 31.516621919799999 ], [ -7.9150094124, 31.505164719900002 ], [ -7.9129385124, 31.491979119900002 ], [ -7.9135844124, 31.4902111199 ], [ -7.9383284124, 31.4944474198 ], [ -7.9790397124, 31.5028588198 ], [ -7.9844945124, 31.521591519800001 ], [ -8.0362418123, 31.5320207197 ], [ -8.0454128123, 31.548984419699998 ], [ -8.0485628123, 31.545663619700001 ], [ -8.046811912300001, 31.537891419699999 ], [ -8.0551203123, 31.543399719699998 ], [ -8.0605105123, 31.530129619699998 ], [ -8.062085512299999, 31.5247156197 ], [ -8.0653844123, 31.527583219699999 ], [ -8.0655101123, 31.532898619699999 ], [ -8.064136812299999, 31.538813119699999 ], [ -8.0661967123, 31.539482519700002 ], [ -8.070059112299999, 31.547005819599999 ], [ -8.0752090123, 31.5539544196 ], [ -8.0801013123, 31.560836719600001 ], [ -8.079587612299999, 31.564788119599999 ], [ -8.0826775123, 31.5678596196 ], [ -8.0749527123, 31.573344119600002 ], [ -8.071862812299999, 31.569980319599999 ], [ -8.0686034123, 31.572793819600001 ], [ -8.0632061123, 31.570740319599999 ], [ -8.055487212299999, 31.569319719599999 ], [ -8.0530447123, 31.5718905196 ], [ -8.0494368123, 31.572266019600001 ], [ -8.0484517123, 31.573645119599998 ], [ -8.0469000123, 31.574468919600001 ], [ -8.0465159123, 31.575736119599998 ], [ -8.0440380123, 31.577168319599998 ], [ -8.040921712299999, 31.578799719599999 ], [ -8.0376758123, 31.580543719600001 ], [ -8.033636212299999, 31.582627519599999 ], [ -8.032619712300001, 31.582837619599999 ], [ -8.029666112299999, 31.5834481196 ], [ -8.0304493123, 31.5857559196 ], [ -8.0306165123, 31.586259219599999 ], [ -8.030844912299999, 31.586946319599999 ], [ -8.0310345123, 31.587357519600001 ], [ -8.0311345123, 31.5875742196 ], [ -8.0317838123, 31.588223919600001 ], [ -8.0333026123, 31.5886388196 ], [ -8.036143712299999, 31.5889115196 ], [ -8.0359785123, 31.588957819600001 ], [ -8.0354368123, 31.589163419599998 ], [ -8.035086512299999, 31.589282219600001 ], [ -8.034112112300001, 31.590060619599999 ], [ -8.032060812299999, 31.591752019600001 ], [ -8.0318142123, 31.591955419600001 ], [ -8.029396712300001, 31.593908119599998 ], [ -8.027084712300001, 31.595708419600001 ], [ -8.025688112299999, 31.596538419600002 ], [ -8.0253781123, 31.596685519600001 ], [ -8.0240036123, 31.597315119600001 ], [ -8.0221226123, 31.5982717196 ], [ -8.0200948123, 31.599519019599999 ], [ -8.0200446123, 31.599554619599999 ], [ -8.0198799123, 31.599409319599999 ], [ -8.018992112299999, 31.598152719600002 ], [ -8.018900112300001, 31.598022419599999 ], [ -8.0181146123, 31.596917919599999 ], [ -8.017298712300001, 31.595740319600001 ], [ -8.016621712299999, 31.5947972196 ], [ -8.007737712300001, 31.590800719600001 ], [ -8.0075283123, 31.590703419600001 ], [ -8.010385512299999, 31.586304719600001 ], [ -8.0144625123, 31.579916019599999 ], [ -8.014360612300001, 31.579838419600001 ], [ -8.013850912300001, 31.579449919599998 ], [ -8.012897112299999, 31.578994719600001 ], [ -8.0119122123, 31.578179419600001 ], [ -8.010753512300001, 31.577450019699999 ], [ -8.0102997123, 31.575537819699999 ], [ -8.005847212300001, 31.5748706197 ], [ -8.003175712299999, 31.5745872197 ], [ -8.002782012300001, 31.576175819700001 ], [ -8.0023925123, 31.5769363197 ], [ -7.9971890123, 31.5794864197 ], [ -7.9909400123, 31.582696519700001 ], [ -7.9893248123, 31.583526219700001 ], [ -7.9846310123, 31.581757519699998 ], [ -7.9803019123, 31.580126219699999 ], [ -7.9797761123, 31.575181419700002 ], [ -7.9810743123, 31.574916319700002 ], [ -7.9800658123, 31.572466619699998 ], [ -7.9772506123, 31.5710598197 ], [ -7.9762056123, 31.567220619699999 ], [ -7.9788331123, 31.5639708197 ], [ -7.9754599123, 31.556459819699999 ], [ -7.9688467123, 31.556964419700002 ], [ -7.9611133123, 31.5549970197 ], [ -7.9518265123, 31.553121019700001 ], [ -7.9364542124, 31.5523237198 ], [ -7.9356216124, 31.5562111198 ], [ -7.9297680124, 31.5591037198 ], [ -7.9273561123, 31.562246719800001 ] ] ] ] } },
{ "type": "Feature", "properties": { "com_fr": "Timezgadiouine" }, "geometry": { "type": "MultiPolygon", "coordinates": [ [ [ [ -9.1683864125, 30.827684819600002 ], [ -9.167948712399999, 30.840622719599999 ], [ -9.1662407124, 30.859932219600001 ], [ -9.1655895124, 30.9042651195 ], [ -9.165215012399999, 30.929750919500002 ], [ -9.1539899124, 30.927315519499999 ], [ -9.1042666124, 30.916526919500001 ], [ -9.1019921124, 30.914317819499999 ], [ -9.085353812399999, 30.9033304196 ], [ -9.0711918124, 30.901342019600001 ], [ -9.064840312399999, 30.9299865196 ], [ -9.056171412399999, 30.947066019499999 ], [ -9.0510215124, 30.9673072195 ], [ -9.0510215124, 30.974445819500001 ], [ -9.044240912399999, 30.976947819500001 ], [ -9.0374603124, 30.983423519500001 ], [ -9.028362212399999, 30.990045819500001 ], [ -9.0208091124, 30.994166119500001 ], [ -9.0155735124, 30.997550519499999 ], [ -9.0133419124, 30.9937982195 ], [ -9.0062179124, 30.995343319500002 ], [ -9.0050163124, 30.989162819499999 ], [ -9.0072479124, 30.983938519500001 ], [ -9.008792812399999, 30.980774419500001 ], [ -9.0050163124, 30.973268319599999 ], [ -9.0012397124, 30.9694415196 ], [ -8.9957466124, 30.9642897196 ], [ -8.9912834124, 30.9603889196 ], [ -8.9813270124, 30.961860919599999 ], [ -8.975318912400001, 30.964584119600001 ], [ -8.9681949124, 30.969588719600001 ], [ -8.963984912400001, 30.9732389196 ], [ -8.9568653124, 30.9747401196 ], [ -8.9492263124, 30.975255319599999 ], [ -8.943213912399999, 30.978758119599998 ], [ -8.9354934124, 30.979229119599999 ], [ -8.933948512400001, 30.9824669196 ], [ -8.927682812400001, 30.986734719600001 ], [ -8.923387012399999, 30.9907521196 ], [ -8.9195246124, 30.992150119600002 ], [ -8.912834112400001, 30.9913702196 ], [ -8.907684312400001, 30.9918852196 ], [ -8.9025302124, 30.995387519600001 ], [ -8.896268812400001, 30.996888419600001 ], [ -8.8910288124, 30.9951667196 ], [ -8.883136712400001, 30.995490519600001 ], [ -8.8716354124, 30.994092519700001 ], [ -8.8639106124, 30.993430419700001 ], [ -8.855155912500001, 30.9927682197 ], [ -8.8465728125, 30.991149519699999 ], [ -8.843997912500001, 30.987912019700001 ], [ -8.8439121125, 30.9829820197 ], [ -8.8453712125, 30.9805536197 ], [ -8.8458862125, 30.9787140197 ], [ -8.844770412500001, 30.975917619699999 ], [ -8.839363112499999, 30.972238019700001 ], [ -8.831123312500001, 30.973875519700002 ], [ -8.826201812500001, 30.974928019699998 ], [ -8.8305225125, 30.972252719699998 ], [ -8.841508812500001, 30.968271319700001 ], [ -8.8521776125, 30.960583919699999 ], [ -8.8654994125, 30.9494428197 ], [ -8.8780961125, 30.940656819699999 ], [ -8.896345312499999, 30.928404119700001 ], [ -8.916419512499999, 30.914924219700001 ], [ -8.9548137125, 30.904358619700002 ], [ -8.986092512500001, 30.890074119699999 ], [ -8.9918668125, 30.873612419699999 ], [ -8.996332112499999, 30.846489319700002 ], [ -8.9967239125, 30.831451519800002 ], [ -8.9968364125, 30.827130519800001 ], [ -8.996881412500001, 30.825404419800002 ], [ -9.0014841125, 30.8242432198 ], [ -9.0212402125, 30.8192590198 ], [ -9.0400071125, 30.822192719699999 ], [ -9.078034412499999, 30.826467619700001 ], [ -9.1039252125, 30.826854619700001 ], [ -9.132871612500001, 30.8278938196 ], [ -9.1515894125, 30.821887819600001 ], [ -9.1683864125, 30.827684819600002 ] ] ] ] } },
{ "type": "Feature", "properties": { "com_fr": "Timlilt" }, "geometry": { "type": "MultiPolygon", "coordinates": [ [ [ [ -9.214743612199999, 31.035139019300001 ], [ -9.212808112199999, 31.034844819300002 ], [ -9.204654212199999, 31.0344771193 ], [ -9.199676012199999, 31.035212619300001 ], [ -9.199676012199999, 31.041095919299998 ], [ -9.201392612199999, 31.0485966193 ], [ -9.2037100122, 31.057493819299999 ], [ -9.2017359122, 31.059111419200001 ], [ -9.1945262122, 31.064111019199999 ], [ -9.1867156122, 31.069110319299998 ], [ -9.1801924122, 31.074624019200002 ], [ -9.1765017122, 31.079549319200002 ], [ -9.1732401122, 31.080651919200001 ], [ -9.1649146122, 31.0810195193 ], [ -9.1601081122, 31.081093019299999 ], [ -9.1559882122, 31.082930719299998 ], [ -9.1546149122, 31.086826519300001 ], [ -9.152812412199999, 31.0910896193 ], [ -9.1517825122, 31.093882619199999 ], [ -9.1494650122, 31.0956466192 ], [ -9.1462035122, 31.095426119300001 ], [ -9.134959712200001, 31.095132119300001 ], [ -9.121827612200001, 31.097704519299999 ], [ -9.108613912199999, 31.1039514193 ], [ -9.0988292122, 31.1085812193 ], [ -9.096511812199999, 31.111006319299999 ], [ -9.0867271122, 31.111373719300001 ], [ -9.074710812199999, 31.111226819300001 ], [ -9.0667286122, 31.111373719300001 ], [ -9.0485325122, 31.1127699193 ], [ -9.041747512200001, 31.113401919299999 ], [ -9.0394301122, 31.109360219300001 ], [ -9.0391726122, 31.106273719299999 ], [ -9.0414085122, 31.102922619299999 ], [ -9.048270712200001, 31.0988510193 ], [ -9.053678012200001, 31.095470219300001 ], [ -9.0562572122, 31.092927219300002 ], [ -9.054454812199999, 31.089399119300001 ], [ -9.052137312199999, 31.086826519399999 ], [ -9.0463867123, 31.083077719399999 ], [ -9.0408935123, 31.083151219400001 ], [ -9.0354004123, 31.0847684194 ], [ -9.0306797123, 31.086826519399999 ], [ -9.0287914123, 31.0829307194 ], [ -9.0287056123, 31.079475819399999 ], [ -9.027418112299999, 31.0731537194 ], [ -9.0268173123, 31.065066819399998 ], [ -9.0280189123, 31.055508619400001 ], [ -9.028104712299999, 31.044111019399999 ], [ -9.0295639123, 31.034991919399999 ], [ -9.0097370123, 31.033079819499999 ], [ -9.0133419123, 31.0176339195 ], [ -9.016517612399999, 31.0023327195 ], [ -9.0155735124, 30.997550519499999 ], [ -9.0208091124, 30.994166119500001 ], [ -9.028362212399999, 30.990045819500001 ], [ -9.0374603124, 30.983423519500001 ], [ -9.044240912399999, 30.976947819500001 ], [ -9.0510215124, 30.974445819500001 ], [ -9.0510215124, 30.9673072195 ], [ -9.056171412399999, 30.947066019499999 ], [ -9.064840312399999, 30.9299865196 ], [ -9.0711918124, 30.901342019600001 ], [ -9.085353812399999, 30.9033304196 ], [ -9.1019921124, 30.914317819499999 ], [ -9.1042666124, 30.916526919500001 ], [ -9.143886112300001, 30.962861919400002 ], [ -9.1813855123, 31.000464019399999 ], [ -9.2007918122, 31.014323819299999 ], [ -9.214743612199999, 31.035139019300001 ] ] ] ] } },
{ "type": "Feature", "properties": { "com_fr": "Kouzemt" }, "geometry": { "type": "MultiPolygon", "coordinates": [ [ [ [ -9.321339012099999, 31.086181719100001 ], [ -9.3172381121, 31.095509219099998 ], [ -9.3179977121, 31.105621919099999 ], [ -9.323962912100001, 31.111475219100001 ], [ -9.3241132121, 31.118011519100001 ], [ -9.322993612099999, 31.121776819 ], [ -9.320812912099999, 31.129110019 ], [ -9.309941912099999, 31.129625819 ], [ -9.299992312100001, 31.130097819100001 ], [ -9.290988712100001, 31.130525019099998 ], [ -9.2630233121, 31.1318518191 ], [ -9.258461412100001, 31.132446919100001 ], [ -9.254693512099999, 31.132682019099999 ], [ -9.2525177121, 31.132810619099999 ], [ -9.248170312099999, 31.1297432191 ], [ -9.2379565121, 31.124894019100001 ], [ -9.2280001121, 31.121808119099999 ], [ -9.2210478121, 31.1195302191 ], [ -9.213752212099999, 31.121661119199999 ], [ -9.208602412099999, 31.126877819099999 ], [ -9.206370812099999, 31.1286412191 ], [ -9.201907612099999, 31.1265105192 ], [ -9.2015643121, 31.123571519199999 ], [ -9.2030234121, 31.117840219200001 ], [ -9.205083312099999, 31.110491919200001 ], [ -9.207572412199999, 31.101055819199999 ], [ -9.2102332122, 31.097190019199999 ], [ -9.2149539122, 31.0929272192 ], [ -9.224137712099999, 31.094029619200001 ], [ -9.2299742121, 31.0932653192 ], [ -9.2337508121, 31.089766619199999 ], [ -9.238042312099999, 31.086826519199999 ], [ -9.239758912199999, 31.082019219199999 ], [ -9.239758912199999, 31.078373119199998 ], [ -9.237098212199999, 31.075800219200001 ], [ -9.231605012199999, 31.072786219200001 ], [ -9.2260260122, 31.0711688192 ], [ -9.2216487122, 31.071904019200002 ], [ -9.218215412199999, 31.068007619199999 ], [ -9.2104048122, 31.064625619200001 ], [ -9.2017359122, 31.059111419200001 ], [ -9.2037100122, 31.057493819299999 ], [ -9.201392612199999, 31.0485966193 ], [ -9.199676012199999, 31.041095919299998 ], [ -9.199676012199999, 31.035212619300001 ], [ -9.204654212199999, 31.0344771193 ], [ -9.212808112199999, 31.034844819300002 ], [ -9.214743612199999, 31.035139019300001 ], [ -9.2348580122, 31.042235819199998 ], [ -9.2537665122, 31.031454419199999 ], [ -9.2787123122, 31.0428145192 ], [ -9.280210912199999, 31.043496919199999 ], [ -9.2984070122, 31.0490084192 ], [ -9.3129000121, 31.0618500191 ], [ -9.320525612100001, 31.081607619100001 ], [ -9.321339012099999, 31.086181719100001 ] ] ] ] } },
{ "type": "Feature", "properties": { "com_fr": "Ichamraren" }, "geometry": { "type": "MultiPolygon", "coordinates": [ [ [ [ -9.2017359122, 31.059111419200001 ], [ -9.2104048122, 31.064625619200001 ], [ -9.218215412199999, 31.068007619199999 ], [ -9.2216487122, 31.071904019200002 ], [ -9.2260260122, 31.0711688192 ], [ -9.231605012199999, 31.072786219200001 ], [ -9.237098212199999, 31.075800219200001 ], [ -9.239758912199999, 31.078373119199998 ], [ -9.239758912199999, 31.082019219199999 ], [ -9.238042312099999, 31.086826519199999 ], [ -9.2337508121, 31.089766619199999 ], [ -9.2299742121, 31.0932653192 ], [ -9.224137712099999, 31.094029619200001 ], [ -9.2149539122, 31.0929272192 ], [ -9.2102332122, 31.097190019199999 ], [ -9.207572412199999, 31.101055819199999 ], [ -9.205083312099999, 31.110491919200001 ], [ -9.2030234121, 31.117840219200001 ], [ -9.2015643121, 31.123571519199999 ], [ -9.201907612099999, 31.1265105192 ], [ -9.206370812099999, 31.1286412191 ], [ -9.208602412099999, 31.126877819099999 ], [ -9.213752212099999, 31.121661119199999 ], [ -9.2210478121, 31.1195302191 ], [ -9.2280001121, 31.121808119099999 ], [ -9.2379565121, 31.124894019100001 ], [ -9.248170312099999, 31.1297432191 ], [ -9.2525177121, 31.132810619099999 ], [ -9.247942912099999, 31.134357119099999 ], [ -9.2419605121, 31.1355252191 ], [ -9.234334412100001, 31.135598719099999 ], [ -9.224884512099999, 31.137145219099999 ], [ -9.2166705121, 31.1386328191 ], [ -9.204139212099999, 31.1394409191 ], [ -9.1992468121, 31.142085619100001 ], [ -9.194440312099999, 31.147595019099999 ], [ -9.1853423121, 31.158392619099999 ], [ -9.1699786121, 31.173154719100001 ], [ -9.1646571121, 31.181599619100002 ], [ -9.165687012099999, 31.183729019099999 ], [ -9.1660304121, 31.185491319099999 ], [ -9.163455512100001, 31.1914388191 ], [ -9.1584773121, 31.187253619100002 ], [ -9.1518983121, 31.1839273191 ], [ -9.141534312099999, 31.1780124191 ], [ -9.123462612100001, 31.1694166192 ], [ -9.1136264121, 31.159101419199999 ], [ -9.1068115122, 31.150680219200002 ], [ -9.0911903122, 31.142820219200001 ], [ -9.078659012199999, 31.133637119300001 ], [ -9.070762612199999, 31.1293024193 ], [ -9.063123712199999, 31.1273187193 ], [ -9.0520515122, 31.1259227193 ], [ -9.0426917122, 31.1261872193 ], [ -9.031881312199999, 31.1270983193 ], [ -9.0262165122, 31.1249675193 ], [ -9.0141143122, 31.122102019300002 ], [ -9.0099902122, 31.121190819300001 ], [ -9.0052738122, 31.118795419400001 ], [ -9.0036430122, 31.118354619400002 ], [ -9.0061321122, 31.1139457194 ], [ -9.0183200122, 31.1111533194 ], [ -9.0225258122, 31.1063031194 ], [ -9.023723112300001, 31.097895619399999 ], [ -9.0227832123, 31.094250119400002 ], [ -9.026903112299999, 31.088296619400001 ], [ -9.0306797123, 31.086826519399999 ], [ -9.0354004123, 31.0847684194 ], [ -9.0408935123, 31.083151219400001 ], [ -9.0463867123, 31.083077719399999 ], [ -9.052137312199999, 31.086826519399999 ], [ -9.054454812199999, 31.089399119300001 ], [ -9.0562572122, 31.092927219300002 ], [ -9.053678012200001, 31.095470219300001 ], [ -9.048270712200001, 31.0988510193 ], [ -9.0414085122, 31.102922619299999 ], [ -9.0391726122, 31.106273719299999 ], [ -9.0394301122, 31.109360219300001 ], [ -9.041747512200001, 31.113401919299999 ], [ -9.0485325122, 31.1127699193 ], [ -9.0667286122, 31.111373719300001 ], [ -9.074710812199999, 31.111226819300001 ], [ -9.0867271122, 31.111373719300001 ], [ -9.096511812199999, 31.111006319299999 ], [ -9.0988292122, 31.1085812193 ], [ -9.108613912199999, 31.1039514193 ], [ -9.121827612200001, 31.097704519299999 ], [ -9.134959712200001, 31.095132119300001 ], [ -9.1462035122, 31.095426119300001 ], [ -9.1494650122, 31.0956466192 ], [ -9.1517825122, 31.093882619199999 ], [ -9.152812412199999, 31.0910896193 ], [ -9.1546149122, 31.086826519300001 ], [ -9.1559882122, 31.082930719299998 ], [ -9.1601081122, 31.081093019299999 ], [ -9.1649146122, 31.0810195193 ], [ -9.1732401122, 31.080651919200001 ], [ -9.1765017122, 31.079549319200002 ], [ -9.1801924122, 31.074624019200002 ], [ -9.1867156122, 31.069110319299998 ], [ -9.1945262122, 31.064111019199999 ], [ -9.2017359122, 31.059111419200001 ] ] ] ] } },
{ "type": "Feature", "properties": { "com_fr": "Bouabout Amdlane" }, "geometry": { "type": "MultiPolygon", "coordinates": [ [ [ [ -9.169682512, 31.239966419 ], [ -9.168605312, 31.235262219 ], [ -9.166888712, 31.224003719100001 ], [ -9.1666312121, 31.2180876191 ], [ -9.166974512099999, 31.2107177191 ], [ -9.1660304121, 31.204800819100001 ], [ -9.1661162121, 31.200146419100001 ], [ -9.165429612100001, 31.194522519100001 ], [ -9.163455512100001, 31.1914388191 ], [ -9.1660304121, 31.185491319099999 ], [ -9.165687012099999, 31.183729019099999 ], [ -9.1646571121, 31.181599619100002 ], [ -9.1699786121, 31.173154719100001 ], [ -9.1853423121, 31.158392619099999 ], [ -9.194440312099999, 31.147595019099999 ], [ -9.1992468121, 31.142085619100001 ], [ -9.204139212099999, 31.1394409191 ], [ -9.2166705121, 31.1386328191 ], [ -9.224884512099999, 31.137145219099999 ], [ -9.234334412100001, 31.135598719099999 ], [ -9.2419605121, 31.1355252191 ], [ -9.247942912099999, 31.134357119099999 ], [ -9.2525177121, 31.132810619099999 ], [ -9.254693512099999, 31.132682019099999 ], [ -9.258461412100001, 31.132446919100001 ], [ -9.2630233121, 31.1318518191 ], [ -9.2912101121, 31.151370619 ], [ -9.275404412, 31.175299019 ], [ -9.283910212, 31.203501419 ], [ -9.280610012, 31.210427819 ], [ -9.276125312, 31.212661719 ], [ -9.264246412, 31.213448519 ], [ -9.265276412, 31.227031319 ], [ -9.265323912, 31.232003818900001 ], [ -9.265373612, 31.237210718899998 ], [ -9.258517212, 31.236961218899999 ], [ -9.252461912, 31.235922719 ], [ -9.245767112, 31.235335619 ], [ -9.237870712, 31.235702619 ], [ -9.234008312, 31.237170319 ], [ -9.230575012, 31.238784919 ], [ -9.228772612, 31.236774019 ], [ -9.231347512, 31.232840419 ], [ -9.233922412, 31.230609319 ], [ -9.231090012, 31.229244119 ], [ -9.225682712, 31.228143219 ], [ -9.219674612, 31.227042319 ], [ -9.213065612, 31.226968919 ], [ -9.206456612, 31.226822119 ], [ -9.201650112, 31.226895519 ], [ -9.194697812, 31.227189119 ], [ -9.187058912, 31.229170819 ], [ -9.183024812, 31.231225819 ], [ -9.181994912, 31.235629219 ], [ -9.181565712, 31.238638119 ], [ -9.180278312, 31.241059819 ], [ -9.176930912, 31.242644919 ], [ -9.174355912, 31.242454119 ], [ -9.170493612, 31.241133219 ], [ -9.169682512, 31.239966419 ] ] ] ] } },
{ "type": "Feature", "properties": { "com_fr": "Oulad Moumna" }, "geometry": { "type": "MultiPolygon", "coordinates": [ [ [ [ -9.163825511800001, 31.453931518699999 ], [ -9.1660800118, 31.457420018699999 ], [ -9.1796800118, 31.4712800187 ], [ -9.184070011799999, 31.486030018699999 ], [ -9.178210011699999, 31.509950018600001 ], [ -9.1720867117, 31.525248918599999 ], [ -9.1717700117, 31.5260400186 ], [ -9.1626200117, 31.541660018599998 ], [ -9.159373711700001, 31.5494380186 ], [ -9.1552927117, 31.546557418599999 ], [ -9.148610811699999, 31.542479418599999 ], [ -9.141916011699999, 31.538895018600002 ], [ -9.1376245117, 31.536188318600001 ], [ -9.127067311699999, 31.5282873186 ], [ -9.1181194118, 31.523337918700001 ], [ -9.1061246118, 31.5215563187 ], [ -9.0903318118, 31.5217758187 ], [ -9.0778863118, 31.5233123187 ], [ -9.067844111799999, 31.5249950187 ], [ -9.0637242118, 31.5228733187 ], [ -9.0566647118, 31.5180699187 ], [ -9.046107511800001, 31.516313818699999 ], [ -9.035829311800001, 31.5157760188 ], [ -9.0299928118, 31.517312618799998 ], [ -9.020723111800001, 31.520239318800002 ], [ -9.0084493118, 31.520019818800002 ], [ -8.997870711799999, 31.519240618800001 ], [ -8.9772069118, 31.517751618799998 ], [ -8.968087411799999, 31.515069918799998 ], [ -8.954955311899999, 31.514557718799999 ], [ -8.9435613119, 31.5137272188 ], [ -8.934291611900001, 31.513800418900001 ], [ -8.925880211899999, 31.515922418900001 ], [ -8.916331511899999, 31.518143118899999 ], [ -8.914786511899999, 31.513240618899999 ], [ -8.910666711899999, 31.501678718899999 ], [ -8.908971511900001, 31.489504218899999 ], [ -8.908714011900001, 31.4830632189 ], [ -8.9068043119, 31.478550518900001 ], [ -8.9013111119, 31.474012018900002 ], [ -8.8931572119, 31.468887719 ], [ -8.887256411899999, 31.464982019 ], [ -8.874295912, 31.461028619 ], [ -8.869403612, 31.460076819 ], [ -8.866180812, 31.457593219 ], [ -8.868008812, 31.456002419 ], [ -8.882449812, 31.452389019 ], [ -8.890689612, 31.452315819 ], [ -8.900560111900001, 31.451949719 ], [ -8.910688111900001, 31.452974819 ], [ -8.9365017119, 31.451462818900001 ], [ -8.9442479119, 31.448435118900001 ], [ -8.953861011900001, 31.4408928189 ], [ -8.9630448119, 31.434302018899999 ], [ -8.9554059119, 31.430859919 ], [ -8.949912811900001, 31.426465619 ], [ -8.946286412, 31.419679619 ], [ -8.947852812, 31.412548919 ], [ -8.954719312, 31.408227019 ], [ -8.960984912, 31.406029419 ], [ -8.961156612, 31.401853719 ], [ -8.964825812, 31.399315219 ], [ -8.972134612, 31.396909919 ], [ -8.979374412, 31.398979619 ], [ -8.983927712, 31.402250619 ], [ -8.990772712, 31.404463019 ], [ -9.0039005119, 31.404052818899999 ], [ -9.026323811899999, 31.402975918900001 ], [ -9.043661611899999, 31.396642518899998 ], [ -9.057630511899999, 31.3895467189 ], [ -9.0745391119, 31.381193618899999 ], [ -9.089044511899999, 31.374598618899999 ], [ -9.103206611899999, 31.3709345189 ], [ -9.113334611899999, 31.369395518899999 ], [ -9.1230292119, 31.367710018899999 ], [ -9.137448811900001, 31.366830518899999 ], [ -9.1528296119, 31.3654051189 ], [ -9.1431500119, 31.410370018799998 ], [ -9.1464600118, 31.425120018800001 ], [ -9.1535500118, 31.438030018799999 ], [ -9.163825511800001, 31.453931518699999 ] ] ] ] } },
{ "type": "Feature", "properties": { "com_fr": "Rahhala" }, "geometry": { "type": "MultiPolygon", "coordinates": [ [ [ [ -9.1528296119, 31.3654051189 ], [ -9.137448811900001, 31.366830518899999 ], [ -9.1230292119, 31.367710018899999 ], [ -9.113334611899999, 31.369395518899999 ], [ -9.103206611899999, 31.3709345189 ], [ -9.089044511899999, 31.374598618899999 ], [ -9.0745391119, 31.381193618899999 ], [ -9.057630511899999, 31.3895467189 ], [ -9.043661611899999, 31.396642518899998 ], [ -9.026323811899999, 31.402975918900001 ], [ -9.0039005119, 31.404052818899999 ], [ -8.990772712, 31.404463019 ], [ -8.983927712, 31.402250619 ], [ -8.979374412, 31.398979619 ], [ -8.972134612, 31.396909919 ], [ -8.972829812, 31.391524919 ], [ -8.974799612, 31.381017819 ], [ -8.979005312, 31.372957119 ], [ -8.986300912, 31.364016319 ], [ -8.992137412, 31.353828619 ], [ -8.996347412, 31.344402119 ], [ -8.998832212, 31.337042119100001 ], [ -9.000978012, 31.3286844191 ], [ -9.004072212, 31.327174019099999 ], [ -9.010505212, 31.328977619100002 ], [ -9.018234212, 31.331866319 ], [ -9.023040712, 31.334065619 ], [ -9.029044612, 31.334476219 ], [ -9.033254612, 31.333039319 ], [ -9.037198512, 31.330297319 ], [ -9.041923512, 31.328420419 ], [ -9.047330812, 31.330253319 ], [ -9.052051512, 31.331059819 ], [ -9.050420712, 31.327467319 ], [ -9.051017212, 31.322598919 ], [ -9.052824012, 31.317202319 ], [ -9.053854012, 31.311996119 ], [ -9.057025412, 31.308886819 ], [ -9.058317112, 31.303636119 ], [ -9.058398712, 31.298913219 ], [ -9.060287012, 31.2923124191 ], [ -9.066127712, 31.286474019100002 ], [ -9.070505112, 31.283613319099999 ], [ -9.077543212, 31.282733119100001 ], [ -9.082950612, 31.282806419 ], [ -9.091018612, 31.289041219 ], [ -9.095825212, 31.292268419 ], [ -9.100803312, 31.292488419 ], [ -9.109128912, 31.290508119 ], [ -9.116682012, 31.291534919 ], [ -9.119252612, 31.297035719 ], [ -9.121484212, 31.300189319 ], [ -9.124574112, 31.299749319 ], [ -9.128179012, 31.292752519 ], [ -9.135989612, 31.290068019 ], [ -9.146890112, 31.288601119 ], [ -9.155044012, 31.288967819 ], [ -9.153499112, 31.294028619 ], [ -9.152640812, 31.310236118900001 ], [ -9.150838311899999, 31.3327460189 ], [ -9.152297511900001, 31.350999318900001 ], [ -9.1528296119, 31.3654051189 ] ] ] ] } },
{ "type": "Feature", "properties": { "com_fr": "Sidi Abdelmoumen" }, "geometry": { "type": "MultiPolygon", "coordinates": [ [ [ [ -8.921073912100001, 31.250525919200001 ], [ -8.9236488122, 31.244949119299999 ], [ -8.9254512122, 31.242821019299999 ], [ -8.933691012200001, 31.237757419299999 ], [ -8.947853112200001, 31.2293175193 ], [ -8.9608993122, 31.2215375193 ], [ -8.9730014122, 31.214931319200002 ], [ -8.9888801122, 31.2075905192 ], [ -8.9990940122, 31.204287019199999 ], [ -9.0019264122, 31.201864319199998 ], [ -9.0029564122, 31.197385919199998 ], [ -9.0050163122, 31.193788319199999 ], [ -9.0083637122, 31.190190619300001 ], [ -9.0109498122, 31.1873246193 ], [ -9.0136852122, 31.189456319200001 ], [ -9.0230407121, 31.196945419199999 ], [ -9.035572012099999, 31.2040667192 ], [ -9.044236612100001, 31.209029319199999 ], [ -9.0458717121, 31.213022719200001 ], [ -9.041236812099999, 31.217427019199999 ], [ -9.0310230121, 31.2221247192 ], [ -9.025444012099999, 31.225574419200001 ], [ -9.0222683121, 31.229757919200001 ], [ -9.021924912099999, 31.234821919200002 ], [ -9.022697412099999, 31.238858219200001 ], [ -9.024671512099999, 31.241720319199999 ], [ -9.029134712099999, 31.243775019200001 ], [ -9.0332546121, 31.2443621191 ], [ -9.0403785121, 31.2442153191 ], [ -9.0493049121, 31.241867019099999 ], [ -9.053939812099999, 31.239371919100002 ], [ -9.058574612099999, 31.237537319099999 ], [ -9.060548712099999, 31.239371919100002 ], [ -9.0614929121, 31.241793719099999 ], [ -9.063123712099999, 31.2471505191 ], [ -9.058660512099999, 31.248618119100001 ], [ -9.0525665121, 31.250379219100001 ], [ -9.052394812099999, 31.253827919100001 ], [ -9.054197312099999, 31.258303619100001 ], [ -9.055223012100001, 31.263630219100001 ], [ -9.059089612099999, 31.2643199191 ], [ -9.065526912099999, 31.264026419099999 ], [ -9.0706725121, 31.2671518191 ], [ -9.073504912, 31.270673219100001 ], [ -9.079603212, 31.274297219099999 ], [ -9.081143812, 31.278302519099999 ], [ -9.082950612, 31.282806419 ], [ -9.077543212, 31.282733119100001 ], [ -9.070505112, 31.283613319099999 ], [ -9.066127712, 31.286474019100002 ], [ -9.060287012, 31.2923124191 ], [ -9.058398712, 31.298913219 ], [ -9.058317112, 31.303636119 ], [ -9.057025412, 31.308886819 ], [ -9.053854012, 31.311996119 ], [ -9.052824012, 31.317202319 ], [ -9.051017212, 31.322598919 ], [ -9.050420712, 31.327467319 ], [ -9.052051512, 31.331059819 ], [ -9.047330812, 31.330253319 ], [ -9.041923512, 31.328420419 ], [ -9.037198512, 31.330297319 ], [ -9.033254612, 31.333039319 ], [ -9.029044612, 31.334476219 ], [ -9.023040712, 31.334065619 ], [ -9.018234212, 31.331866319 ], [ -9.010505212, 31.328977619100002 ], [ -9.004072212, 31.327174019099999 ], [ -9.000978012, 31.3286844191 ], [ -8.998832212, 31.337042119100001 ], [ -8.996347412, 31.344402119 ], [ -8.992137412, 31.353828619 ], [ -8.986300912, 31.364016319 ], [ -8.979005312, 31.372957119 ], [ -8.974799612, 31.381017819 ], [ -8.965963312, 31.375551219 ], [ -8.950342112, 31.367783219100001 ], [ -8.928197812, 31.352611819100002 ], [ -8.9144649121, 31.344108919100002 ], [ -8.899272912100001, 31.3376579191 ], [ -8.8859691121, 31.332086219200001 ], [ -8.877901012100001, 31.329007019199999 ], [ -8.888544012100001, 31.321235119200001 ], [ -8.897727912100001, 31.312509419200001 ], [ -8.9055385121, 31.305322919200002 ], [ -8.908885912100001, 31.298649219200001 ], [ -8.908885912100001, 31.2912415192 ], [ -8.9120617121, 31.280605819200002 ], [ -8.9107742121, 31.271289419199999 ], [ -8.917125712100001, 31.2577166192 ], [ -8.921073912100001, 31.250525919200001 ] ] ] ] } },
{ "type": "Feature", "properties": { "com_fr": "Oued L'Bour" }, "geometry": { "type": "MultiPolygon", "coordinates": [ [ [ [ -8.921073912100001, 31.250525919200001 ], [ -8.911890012200001, 31.251626619300001 ], [ -8.9025729122, 31.2541911193 ], [ -8.8983243122, 31.246939619300001 ], [ -8.8987536122, 31.238975719300001 ], [ -8.8944664122, 31.232546819300001 ], [ -8.891376512200001, 31.227042319300001 ], [ -8.8861365122, 31.227673519300001 ], [ -8.8787593122, 31.228290019300001 ], [ -8.8746395122, 31.228657019300002 ], [ -8.874467812200001, 31.225647819300001 ], [ -8.8741245122, 31.218601419300001 ], [ -8.8734007122, 31.216012919299999 ], [ -8.8731804122, 31.215224919299999 ], [ -8.8733520122, 31.210306619400001 ], [ -8.876956912200001, 31.204140119400002 ], [ -8.8793602122, 31.200909919400001 ], [ -8.8810768122, 31.193714919400001 ], [ -8.8796177122, 31.189750019400002 ], [ -8.875926912200001, 31.1875473194 ], [ -8.870519612200001, 31.184536819400002 ], [ -8.866361012200001, 31.182085319399999 ], [ -8.8663997123, 31.178662319400001 ], [ -8.8669147123, 31.170437419399999 ], [ -8.8668048123, 31.164825519400001 ], [ -8.866738812299999, 31.161455419399999 ], [ -8.8777251123, 31.160790719400001 ], [ -8.8851966123, 31.161036719399998 ], [ -8.8951530123, 31.158833319399999 ], [ -8.9118042123, 31.153251019399999 ], [ -8.926738712300001, 31.1497252194 ], [ -8.930429412300001, 31.1446567194 ], [ -8.9383258123, 31.141718319399999 ], [ -8.9405574123, 31.137163519400001 ], [ -8.947853112300001, 31.135914619400001 ], [ -8.9545478123, 31.135179919399999 ], [ -8.964937712199999, 31.131458819399999 ], [ -8.9692850122, 31.130525719400001 ], [ -8.9759197122, 31.128567719399999 ], [ -8.9811554122, 31.127318719400002 ], [ -8.986219412200001, 31.125702319399998 ], [ -9.0022697122, 31.123718419399999 ], [ -9.0036430122, 31.118354619400002 ], [ -9.0052738122, 31.118795419400001 ], [ -9.0099902122, 31.121190819300001 ], [ -9.0141143122, 31.122102019300002 ], [ -9.0262165122, 31.1249675193 ], [ -9.031881312199999, 31.1270983193 ], [ -9.0426917122, 31.1261872193 ], [ -9.0520515122, 31.1259227193 ], [ -9.063123712199999, 31.1273187193 ], [ -9.070762612199999, 31.1293024193 ], [ -9.0656986122, 31.1362819193 ], [ -9.0614071122, 31.142820219299999 ], [ -9.0569439122, 31.145244419299999 ], [ -9.0516224122, 31.147007419299999 ], [ -9.0457859122, 31.1504598193 ], [ -9.0423526122, 31.152957219299999 ], [ -9.040807712199999, 31.157364319300001 ], [ -9.041494312199999, 31.1597881193 ], [ -9.0460434122, 31.164121419299999 ], [ -9.0480175122, 31.1688217192 ], [ -9.049734112199999, 31.1716125192 ], [ -9.048704112199999, 31.1734484192 ], [ -9.047674112199999, 31.1757984192 ], [ -9.0443267122, 31.1785154192 ], [ -9.0365162122, 31.179690319199999 ], [ -9.0309372122, 31.1798372192 ], [ -9.0236416122, 31.179323219299999 ], [ -9.0200367122, 31.179837219300001 ], [ -9.0166034122, 31.182554219299998 ], [ -9.0121402122, 31.186005319300001 ], [ -9.0109498122, 31.1873246193 ], [ -9.0083637122, 31.190190619300001 ], [ -9.0050163122, 31.193788319199999 ], [ -9.0029564122, 31.197385919199998 ], [ -9.0019264122, 31.201864319199998 ], [ -8.9990940122, 31.204287019199999 ], [ -8.9888801122, 31.2075905192 ], [ -8.9730014122, 31.214931319200002 ], [ -8.9608993122, 31.2215375193 ], [ -8.947853112200001, 31.2293175193 ], [ -8.933691012200001, 31.237757419299999 ], [ -8.9254512122, 31.242821019299999 ], [ -8.9236488122, 31.244949119299999 ], [ -8.921073912100001, 31.250525919200001 ] ] ] ] } },
{ "type": "Feature", "properties": { "com_fr": "Nfifa" }, "geometry": { "type": "MultiPolygon", "coordinates": [ [ [ [ -8.807090712200001, 31.2582302193 ], [ -8.808635712199999, 31.255809019299999 ], [ -8.8096656122, 31.2534610194 ], [ -8.810352312199999, 31.250379219399999 ], [ -8.812583912199999, 31.245976419400002 ], [ -8.815244612200001, 31.239812319399999 ], [ -8.819021212199999, 31.239959019400001 ], [ -8.8203945122, 31.237390519400002 ], [ -8.8218536122, 31.232987219399998 ], [ -8.8226261122, 31.227923019399999 ], [ -8.823741912199999, 31.224253219400001 ], [ -8.824943512200001, 31.218968519400001 ], [ -8.8264842122, 31.214681719400001 ], [ -8.829406712200001, 31.209866219399998 ], [ -8.8318100122, 31.205461619400001 ], [ -8.832582412200001, 31.2016440194 ], [ -8.8376464122, 31.202011119400002 ], [ -8.8411655122, 31.2026719194 ], [ -8.853439312200001, 31.2016440194 ], [ -8.8612499122, 31.202304819399998 ], [ -8.864678812199999, 31.2025691194 ], [ -8.867515512200001, 31.200322619400001 ], [ -8.8663096122, 31.1866368194 ], [ -8.866361012200001, 31.182085319399999 ], [ -8.870519612200001, 31.184536819400002 ], [ -8.875926912200001, 31.1875473194 ], [ -8.8796177122, 31.189750019400002 ], [ -8.8810768122, 31.193714919400001 ], [ -8.8793602122, 31.200909919400001 ], [ -8.876956912200001, 31.204140119400002 ], [ -8.8733520122, 31.210306619400001 ], [ -8.8731804122, 31.215224919299999 ], [ -8.8734007122, 31.216012919299999 ], [ -8.8741245122, 31.218601419300001 ], [ -8.874467812200001, 31.225647819300001 ], [ -8.8746395122, 31.228657019300002 ], [ -8.8787593122, 31.228290019300001 ], [ -8.8861365122, 31.227673519300001 ], [ -8.891376512200001, 31.227042319300001 ], [ -8.8944664122, 31.232546819300001 ], [ -8.8987536122, 31.238975719300001 ], [ -8.8983243122, 31.246939619300001 ], [ -8.9025729122, 31.2541911193 ], [ -8.911890012200001, 31.251626619300001 ], [ -8.921073912100001, 31.250525919200001 ], [ -8.917125712100001, 31.2577166192 ], [ -8.9107742121, 31.271289419199999 ], [ -8.9120617121, 31.280605819200002 ], [ -8.908885912100001, 31.2912415192 ], [ -8.904680212100001, 31.293661919200002 ], [ -8.8987536121, 31.296713019199998 ], [ -8.8918013121, 31.296933019200001 ], [ -8.883651712100001, 31.2968156192 ], [ -8.8773002121, 31.295055419200001 ], [ -8.868288012100001, 31.2918283192 ], [ -8.8611598121, 31.289378619299999 ], [ -8.851722712100001, 31.285887219300001 ], [ -8.845542912200001, 31.282219619300001 ], [ -8.838075612200001, 31.2785519193 ], [ -8.835414912199999, 31.274297219299999 ], [ -8.8278618122, 31.268795119300002 ], [ -8.8196220122, 31.2650535193 ], [ -8.807090712200001, 31.2582302193 ] ] ] ] } },
{ "type": "Feature", "properties": { "com_fr": "Imintanoute" }, "geometry": { "type": "MultiPolygon", "coordinates": [ [ [ [ -8.866361012200001, 31.182085319399999 ], [ -8.8663096122, 31.1866368194 ], [ -8.867515512200001, 31.200322619400001 ], [ -8.864678812199999, 31.2025691194 ], [ -8.8612499122, 31.202304819399998 ], [ -8.853439312200001, 31.2016440194 ], [ -8.8411655122, 31.2026719194 ], [ -8.8376464122, 31.202011119400002 ], [ -8.832582412200001, 31.2016440194 ], [ -8.832324912300001, 31.197826419399998 ], [ -8.832153312299999, 31.194302219400001 ], [ -8.829664212300001, 31.190410919400001 ], [ -8.828119212300001, 31.184977319400002 ], [ -8.826231012299999, 31.181305819399999 ], [ -8.8238277123, 31.1746234194 ], [ -8.821767812299999, 31.168454519499999 ], [ -8.821424412300001, 31.163019819500001 ], [ -8.8193645123, 31.160449119500001 ], [ -8.8175578123, 31.158436719499999 ], [ -8.821681912300001, 31.158025419499999 ], [ -8.8276043123, 31.156262619500001 ], [ -8.837818112300001, 31.155821919499999 ], [ -8.845199512300001, 31.1559688195 ], [ -8.8511219123, 31.154720119499999 ], [ -8.856443412300001, 31.154279419400002 ], [ -8.8663997123, 31.153912119400001 ], [ -8.866223812299999, 31.157849119400002 ], [ -8.866738812299999, 31.161455419399999 ], [ -8.8668048123, 31.164825519400001 ], [ -8.8669147123, 31.170437419399999 ], [ -8.8663997123, 31.178662319400001 ], [ -8.866361012200001, 31.182085319399999 ] ] ] ] } },
{ "type": "Feature", "properties": { "com_fr": "Ain Tazitounte" }, "geometry": { "type": "MultiPolygon", "coordinates": [ [ [ [ -8.964937712199999, 31.131458819399999 ], [ -8.9545478123, 31.135179919399999 ], [ -8.947853112300001, 31.135914619400001 ], [ -8.9405574123, 31.137163519400001 ], [ -8.9383258123, 31.141718319399999 ], [ -8.930429412300001, 31.1446567194 ], [ -8.926738712300001, 31.1497252194 ], [ -8.9118042123, 31.153251019399999 ], [ -8.8951530123, 31.158833319399999 ], [ -8.8851966123, 31.161036719399998 ], [ -8.8777251123, 31.160790719400001 ], [ -8.866738812299999, 31.161455419399999 ], [ -8.866223812299999, 31.157849119400002 ], [ -8.8663997123, 31.153912119400001 ], [ -8.856443412300001, 31.154279419400002 ], [ -8.8511219123, 31.154720119499999 ], [ -8.845199512300001, 31.1559688195 ], [ -8.837818112300001, 31.155821919499999 ], [ -8.8276043123, 31.156262619500001 ], [ -8.821681912300001, 31.158025419499999 ], [ -8.8175578123, 31.158436719499999 ], [ -8.817047112299999, 31.150169719499999 ], [ -8.818330312300001, 31.143900019499998 ], [ -8.8157553123, 31.138750419499999 ], [ -8.805198212300001, 31.141710919499999 ], [ -8.8003916123, 31.138041419499999 ], [ -8.8075156123, 31.129783719500001 ], [ -8.8256259123, 31.1243503195 ], [ -8.8309474123, 31.118031319499998 ], [ -8.831977312299999, 31.109521919500001 ], [ -8.8363547123, 31.102165619499999 ], [ -8.8350672124, 31.095032919600001 ], [ -8.8350672124, 31.086080419599998 ], [ -8.834303612399999, 31.0821527196 ], [ -8.842538812400001, 31.082269119599999 ], [ -8.852495212399999, 31.081975119599999 ], [ -8.8582458124, 31.080872519500002 ], [ -8.8634815124, 31.0805784195 ], [ -8.865026412400001, 31.083004219500001 ], [ -8.8671722123, 31.085429919500001 ], [ -8.870429512299999, 31.0859150195 ], [ -8.8726654123, 31.083224719499999 ], [ -8.873266212400001, 31.080431419500002 ], [ -8.878068412299999, 31.080181519500002 ], [ -8.883475712299999, 31.076800019499998 ], [ -8.885707312399999, 31.071212919499999 ], [ -8.8853640124, 31.0643022195 ], [ -8.884939212400001, 31.059479019600001 ], [ -8.8851966124, 31.055435019600001 ], [ -8.894981312400001, 31.0599202195 ], [ -8.904937712300001, 31.067566519500001 ], [ -8.902963612300001, 31.074035919500002 ], [ -8.902963612300001, 31.080651919499999 ], [ -8.9027919123, 31.087047019500002 ], [ -8.906139312300001, 31.091310219499999 ], [ -8.914379112300001, 31.0939561195 ], [ -8.9233913123, 31.0927802195 ], [ -8.9271679123, 31.090354619500001 ], [ -8.9325752123, 31.087635019499999 ], [ -8.934463512300001, 31.0835188195 ], [ -8.941844912300001, 31.0788142195 ], [ -8.943819012300001, 31.084400819500001 ], [ -8.943389912300001, 31.090722119500001 ], [ -8.941844912300001, 31.094764619399999 ], [ -8.9427890123, 31.1000563194 ], [ -8.944076512300001, 31.107038019400001 ], [ -8.9459648123, 31.109610119399999 ], [ -8.9525737123, 31.115635819400001 ], [ -8.9613285123, 31.1251145194 ], [ -8.964937712199999, 31.131458819399999 ] ] ] ] } },
{ "type": "Feature", "properties": { "com_fr": "Afalla Issen" }, "geometry": { "type": "MultiPolygon", "coordinates": [ [ [ [ -9.0306797123, 31.086826519399999 ], [ -9.026903112299999, 31.088296619400001 ], [ -9.0227832123, 31.094250119400002 ], [ -9.023723112300001, 31.097895619399999 ], [ -9.0225258122, 31.1063031194 ], [ -9.0183200122, 31.1111533194 ], [ -9.0061321122, 31.1139457194 ], [ -9.001583112300001, 31.107552419400001 ], [ -8.9933433123, 31.097190019399999 ], [ -8.9854469123, 31.093294619400002 ], [ -8.9833011123, 31.0902811194 ], [ -8.985017712299999, 31.087267519400001 ], [ -8.986219412300001, 31.082857219400001 ], [ -8.982013712300001, 31.077858619400001 ], [ -8.975318912300001, 31.0697720195 ], [ -8.958496112300001, 31.060728919500001 ], [ -8.9519686123, 31.057758519499998 ], [ -8.9424457123, 31.0491849195 ], [ -8.928712812400001, 31.042272519499999 ], [ -8.920816412400001, 31.032270819600001 ], [ -8.899272912400001, 31.017633919600001 ], [ -8.886398312400001, 31.008953719600001 ], [ -8.8780727124, 31.004834019600001 ], [ -8.8615074124, 31.004834019699999 ], [ -8.8449421124, 31.003215519699999 ], [ -8.835071512500001, 31.0020384197 ], [ -8.8248534125, 31.001505019700001 ], [ -8.827771612499999, 30.9975211197 ], [ -8.8295784125, 30.9926210197 ], [ -8.8372988125, 30.986337319699999 ], [ -8.8439121125, 30.9829820197 ], [ -8.843997912500001, 30.987912019700001 ], [ -8.8465728125, 30.991149519699999 ], [ -8.855155912500001, 30.9927682197 ], [ -8.8639106124, 30.993430419700001 ], [ -8.8716354124, 30.994092519700001 ], [ -8.883136712400001, 30.995490519600001 ], [ -8.8910288124, 30.9951667196 ], [ -8.896268812400001, 30.996888419600001 ], [ -8.9025302124, 30.995387519600001 ], [ -8.907684312400001, 30.9918852196 ], [ -8.912834112400001, 30.9913702196 ], [ -8.9195246124, 30.992150119600002 ], [ -8.923387012399999, 30.9907521196 ], [ -8.927682812400001, 30.986734719600001 ], [ -8.933948512400001, 30.9824669196 ], [ -8.9354934124, 30.979229119599999 ], [ -8.943213912399999, 30.978758119599998 ], [ -8.9492263124, 30.975255319599999 ], [ -8.9568653124, 30.9747401196 ], [ -8.963984912400001, 30.9732389196 ], [ -8.9681949124, 30.969588719600001 ], [ -8.975318912400001, 30.964584119600001 ], [ -8.9813270124, 30.961860919599999 ], [ -8.9912834124, 30.9603889196 ], [ -8.9957466124, 30.9642897196 ], [ -9.0012397124, 30.9694415196 ], [ -9.0050163124, 30.973268319599999 ], [ -9.008792812399999, 30.980774419500001 ], [ -9.0072479124, 30.983938519500001 ], [ -9.0050163124, 30.989162819499999 ], [ -9.0062179124, 30.995343319500002 ], [ -9.0133419124, 30.9937982195 ], [ -9.0155735124, 30.997550519499999 ], [ -9.016517612399999, 31.0023327195 ], [ -9.0133419123, 31.0176339195 ], [ -9.0097370123, 31.033079819499999 ], [ -9.0295639123, 31.034991919399999 ], [ -9.028104712299999, 31.044111019399999 ], [ -9.0280189123, 31.055508619400001 ], [ -9.0268173123, 31.065066819399998 ], [ -9.027418112299999, 31.0731537194 ], [ -9.0287056123, 31.079475819399999 ], [ -9.0287914123, 31.0829307194 ], [ -9.0306797123, 31.086826519399999 ] ] ] ] } },
{ "type": "Feature", "properties": { "com_fr": "Irohalen" }, "geometry": { "type": "MultiPolygon", "coordinates": [ [ [ [ -9.0061321122, 31.1139457194 ], [ -9.0036430122, 31.118354619400002 ], [ -9.0022697122, 31.123718419399999 ], [ -8.986219412200001, 31.125702319399998 ], [ -8.9811554122, 31.127318719400002 ], [ -8.9759197122, 31.128567719399999 ], [ -8.9692850122, 31.130525719400001 ], [ -8.964937712199999, 31.131458819399999 ], [ -8.9613285123, 31.1251145194 ], [ -8.9525737123, 31.115635819400001 ], [ -8.9459648123, 31.109610119399999 ], [ -8.944076512300001, 31.107038019400001 ], [ -8.9427890123, 31.1000563194 ], [ -8.941844912300001, 31.094764619399999 ], [ -8.943389912300001, 31.090722119500001 ], [ -8.943819012300001, 31.084400819500001 ], [ -8.941844912300001, 31.0788142195 ], [ -8.934463512300001, 31.0835188195 ], [ -8.9325752123, 31.087635019499999 ], [ -8.9271679123, 31.090354619500001 ], [ -8.9233913123, 31.0927802195 ], [ -8.914379112300001, 31.0939561195 ], [ -8.906139312300001, 31.091310219499999 ], [ -8.9027919123, 31.087047019500002 ], [ -8.902963612300001, 31.080651919499999 ], [ -8.902963612300001, 31.074035919500002 ], [ -8.904937712300001, 31.067566519500001 ], [ -8.894981312400001, 31.0599202195 ], [ -8.8851966124, 31.055435019600001 ], [ -8.884939212400001, 31.059479019600001 ], [ -8.8853640124, 31.0643022195 ], [ -8.885707312399999, 31.071212919499999 ], [ -8.883475712299999, 31.076800019499998 ], [ -8.878068412299999, 31.080181519500002 ], [ -8.873266212400001, 31.080431419500002 ], [ -8.8726654123, 31.083224719499999 ], [ -8.870429512299999, 31.0859150195 ], [ -8.8671722123, 31.085429919500001 ], [ -8.865026412400001, 31.083004219500001 ], [ -8.8634815124, 31.0805784195 ], [ -8.8582458124, 31.080872519500002 ], [ -8.852495212399999, 31.081975119599999 ], [ -8.842538812400001, 31.082269119599999 ], [ -8.834303612399999, 31.0821527196 ], [ -8.8336081124, 31.078575319599999 ], [ -8.8336081124, 31.072837619600001 ], [ -8.8311190124, 31.067401019599998 ], [ -8.828801612399999, 31.062629519600002 ], [ -8.8258834124, 31.0569644196 ], [ -8.8226218124, 31.0520710196 ], [ -8.8154978124, 31.0512365196 ], [ -8.8072581124, 31.048453219599999 ], [ -8.8032283124, 31.042713819700001 ], [ -8.799451812399999, 31.0371247197 ], [ -8.7924137124, 31.029255319699999 ], [ -8.7929244125, 31.021282319699999 ], [ -8.7936153125, 31.0156478197 ], [ -8.794473612499999, 31.010792819700001 ], [ -8.790525412499999, 31.0082181197 ], [ -8.792757012499999, 31.0005670197 ], [ -8.810094812499999, 31.0006406197 ], [ -8.8248534125, 31.001505019700001 ], [ -8.835071512500001, 31.0020384197 ], [ -8.8449421124, 31.003215519699999 ], [ -8.8615074124, 31.004834019699999 ], [ -8.8780727124, 31.004834019600001 ], [ -8.886398312400001, 31.008953719600001 ], [ -8.899272912400001, 31.017633919600001 ], [ -8.920816412400001, 31.032270819600001 ], [ -8.928712812400001, 31.042272519499999 ], [ -8.9424457123, 31.0491849195 ], [ -8.9519686123, 31.057758519499998 ], [ -8.958496112300001, 31.060728919500001 ], [ -8.975318912300001, 31.0697720195 ], [ -8.982013712300001, 31.077858619400001 ], [ -8.986219412300001, 31.082857219400001 ], [ -8.985017712299999, 31.087267519400001 ], [ -8.9833011123, 31.0902811194 ], [ -8.9854469123, 31.093294619400002 ], [ -8.9933433123, 31.097190019399999 ], [ -9.001583112300001, 31.107552419400001 ], [ -9.0061321122, 31.1139457194 ] ] ] ] } },
{ "type": "Feature", "properties": { "com_fr": "Ait Haddou Youssef" }, "geometry": { "type": "MultiPolygon", "coordinates": [ [ [ [ -8.8003624125, 30.958618919799999 ], [ -8.780518412499999, 30.967623919800001 ], [ -8.7742356125, 30.9577872198 ], [ -8.7663606125, 30.952325719800001 ], [ -8.7552885125, 30.951295219799999 ], [ -8.748289012500001, 30.9545008198 ], [ -8.7453321125, 30.959171019799999 ], [ -8.738036512500001, 30.958434919799998 ], [ -8.7294963126, 30.957665819799999 ], [ -8.7235311126, 30.958508519799999 ], [ -8.714776412599999, 30.959980619900001 ], [ -8.710016212599999, 30.960462519899998 ], [ -8.7064113126, 30.960462519899998 ], [ -8.7036647126, 30.957739219899999 ], [ -8.695167512599999, 30.9555310199 ], [ -8.6856360126, 30.954176719900001 ], [ -8.672160612600001, 30.955740819900001 ], [ -8.657054412600001, 30.9539559199 ], [ -8.648046512600001, 30.953900719899998 ], [ -8.6381759126, 30.953617319900001 ], [ -8.634656912600001, 30.953514219900001 ], [ -8.6301078126, 30.94765492 ], [ -8.605513112600001, 30.94141242 ], [ -8.599303212600001, 30.93374502 ], [ -8.6036162127, 30.92156712 ], [ -8.6396823126, 30.91632442 ], [ -8.6527886126, 30.91220072 ], [ -8.6614318126, 30.90147462 ], [ -8.669450212599999, 30.89787942 ], [ -8.690326412699999, 30.87972082 ], [ -8.706099912699999, 30.86599842 ], [ -8.7136369127, 30.86257242 ], [ -8.7275190127, 30.85626192 ], [ -8.7247724127, 30.83865032 ], [ -8.726832312699999, 30.83017492 ], [ -8.725373212699999, 30.81941382 ], [ -8.7282056127, 30.81403282 ], [ -8.741766912699999, 30.81071562 ], [ -8.7423253127, 30.81125002 ], [ -8.7428717127, 30.81177292 ], [ -8.744020112699999, 30.81287202 ], [ -8.7477750127, 30.81646542 ], [ -8.7602205127, 30.83791332 ], [ -8.7629671126, 30.85331452 ], [ -8.764512012599999, 30.872838919900001 ], [ -8.7612032126, 30.8886875199 ], [ -8.7699644126, 30.898765119899998 ], [ -8.7718462126, 30.912770319900002 ], [ -8.775193612600001, 30.917777619900001 ], [ -8.787896612600001, 30.926650119800001 ], [ -8.7821030125, 30.9373992198 ], [ -8.7913846125, 30.9418433198 ], [ -8.797487112500001, 30.949138419800001 ], [ -8.8003624125, 30.958618919799999 ] ] ] ] } },
{ "type": "Feature", "properties": { "com_fr": "Lalla Aaziza" }, "geometry": { "type": "MultiPolygon", "coordinates": [ [ [ [ -8.8003624125, 30.958618919799999 ], [ -8.8057612125, 30.9634914198 ], [ -8.8109539125, 30.967601819799999 ], [ -8.819155112500001, 30.973474619699999 ], [ -8.826201812500001, 30.974928019699998 ], [ -8.831123312500001, 30.973875519700002 ], [ -8.839363112499999, 30.972238019700001 ], [ -8.844770412500001, 30.975917619699999 ], [ -8.8458862125, 30.9787140197 ], [ -8.8453712125, 30.9805536197 ], [ -8.8439121125, 30.9829820197 ], [ -8.8372988125, 30.986337319699999 ], [ -8.8295784125, 30.9926210197 ], [ -8.827771612499999, 30.9975211197 ], [ -8.8248534125, 31.001505019700001 ], [ -8.810094812499999, 31.0006406197 ], [ -8.792757012499999, 31.0005670197 ], [ -8.790525412499999, 31.0082181197 ], [ -8.787006312500001, 31.0074088197 ], [ -8.7840023125, 31.0080709197 ], [ -8.782629012499999, 31.013367519700001 ], [ -8.778165812499999, 31.027490119700001 ], [ -8.7743034125, 31.034403619700001 ], [ -8.765977812399999, 31.051537919699999 ], [ -8.7609138124, 31.065213819699999 ], [ -8.759025512399999, 31.076388319599999 ], [ -8.7582531124, 31.083151219600001 ], [ -8.7599697124, 31.090134119599998 ], [ -8.7646904124, 31.100938319600001 ], [ -8.7656345124, 31.109683619599998 ], [ -8.7651195124, 31.1221020196 ], [ -8.765720312399999, 31.132020819600001 ], [ -8.758081412399999, 31.1383390196 ], [ -8.7556781123, 31.1420856196 ], [ -8.7542190123, 31.146713519599999 ], [ -8.749412512299999, 31.150092519600001 ], [ -8.7490692123, 31.154573219500001 ], [ -8.742288612299999, 31.1553077196 ], [ -8.7332720123, 31.157775619599999 ], [ -8.724950812399999, 31.145391319600002 ], [ -8.711217812399999, 31.126657419600001 ], [ -8.706754612399999, 31.1182076196 ], [ -8.7049522124, 31.111814619699999 ], [ -8.699630712399999, 31.108654719699999 ], [ -8.691476812399999, 31.104612819700002 ], [ -8.6749973124, 31.099027419700001 ], [ -8.6579170124, 31.097778019700002 ], [ -8.6452140125, 31.098145519700001 ], [ -8.6319060125, 31.099879919700001 ], [ -8.624013912500001, 31.102702119700002 ], [ -8.610705812499999, 31.112152719699999 ], [ -8.603929512500001, 31.117546319700001 ], [ -8.597749712500001, 31.120558919699999 ], [ -8.587364212500001, 31.1245267197 ], [ -8.5870145125, 31.124607319700001 ], [ -8.5818013125, 31.125808719799998 ], [ -8.577608512499999, 31.1262752198 ], [ -8.575467012500001, 31.126730819799999 ], [ -8.550336812499999, 31.1305073198 ], [ -8.5443673125, 31.132200819800001 ], [ -8.5443630125, 31.120558919800001 ], [ -8.547105312499999, 31.115165519800001 ], [ -8.5495128125, 31.1111533198 ], [ -8.553027612499999, 31.109948119799999 ], [ -8.5668506125, 31.096234619800001 ], [ -8.5725112125, 31.085180019799999 ], [ -8.5821242125, 31.075476819799999 ], [ -8.5847034125, 31.066243119799999 ], [ -8.589595812500001, 31.054111519799999 ], [ -8.596977212500001, 31.037051119899999 ], [ -8.6027236126, 31.018855019899998 ], [ -8.607620212600001, 31.009100819899999 ], [ -8.6116542126, 30.997329819899999 ], [ -8.6135425126, 30.9893100199 ], [ -8.6197180126, 30.982290319899999 ], [ -8.6235847126, 30.976653519900001 ], [ -8.628219612600001, 30.971575719899999 ], [ -8.6308803126, 30.967601619900002 ], [ -8.6290779126, 30.963406519900001 ], [ -8.626503012600001, 30.9588432199 ], [ -8.6253857126, 30.9529639199 ], [ -8.634656912600001, 30.953514219900001 ], [ -8.6381759126, 30.953617319900001 ], [ -8.648046512600001, 30.953900719899998 ], [ -8.657054412600001, 30.9539559199 ], [ -8.672160612600001, 30.955740819900001 ], [ -8.6856360126, 30.954176719900001 ], [ -8.695167512599999, 30.9555310199 ], [ -8.7036647126, 30.957739219899999 ], [ -8.7064113126, 30.960462519899998 ], [ -8.710016212599999, 30.960462519899998 ], [ -8.714776412599999, 30.959980619900001 ], [ -8.7235311126, 30.958508519799999 ], [ -8.7294963126, 30.957665819799999 ], [ -8.738036512500001, 30.958434919799998 ], [ -8.7453321125, 30.959171019799999 ], [ -8.748289012500001, 30.9545008198 ], [ -8.7552885125, 30.951295219799999 ], [ -8.7663606125, 30.952325719800001 ], [ -8.7742356125, 30.9577872198 ], [ -8.780518412499999, 30.967623919800001 ], [ -8.8003624125, 30.958618919799999 ] ] ] ] } },
{ "type": "Feature", "properties": { "com_fr": "Sidi Ghanem" }, "geometry": { "type": "MultiPolygon", "coordinates": [ [ [ [ -8.834303612399999, 31.0821527196 ], [ -8.8350672124, 31.086080419599998 ], [ -8.8350672124, 31.095032919600001 ], [ -8.8363547123, 31.102165619499999 ], [ -8.831977312299999, 31.109521919500001 ], [ -8.8309474123, 31.118031319499998 ], [ -8.8256259123, 31.1243503195 ], [ -8.8075156123, 31.129783719500001 ], [ -8.8003916123, 31.138041419499999 ], [ -8.805198212300001, 31.141710919499999 ], [ -8.8157553123, 31.138750419499999 ], [ -8.818330312300001, 31.143900019499998 ], [ -8.817047112299999, 31.150169719499999 ], [ -8.8175578123, 31.158436719499999 ], [ -8.8193645123, 31.160449119500001 ], [ -8.821424412300001, 31.163019819500001 ], [ -8.821767812299999, 31.168454519499999 ], [ -8.8238277123, 31.1746234194 ], [ -8.826231012299999, 31.181305819399999 ], [ -8.828119212300001, 31.184977319400002 ], [ -8.829664212300001, 31.190410919400001 ], [ -8.832153312299999, 31.194302219400001 ], [ -8.832324912300001, 31.197826419399998 ], [ -8.832582412200001, 31.2016440194 ], [ -8.8318100122, 31.205461619400001 ], [ -8.829406712200001, 31.209866219399998 ], [ -8.8264842122, 31.214681719400001 ], [ -8.824943512200001, 31.218968519400001 ], [ -8.823741912199999, 31.224253219400001 ], [ -8.8226261122, 31.227923019399999 ], [ -8.8218536122, 31.232987219399998 ], [ -8.8203945122, 31.237390519400002 ], [ -8.819021212199999, 31.239959019400001 ], [ -8.815244612200001, 31.239812319399999 ], [ -8.812583912199999, 31.245976419400002 ], [ -8.810352312199999, 31.250379219399999 ], [ -8.8096656122, 31.2534610194 ], [ -8.808635712199999, 31.255809019299999 ], [ -8.807090712200001, 31.2582302193 ], [ -8.802970912199999, 31.255809019400001 ], [ -8.793529512199999, 31.252140219400001 ], [ -8.7864055122, 31.2486181194 ], [ -8.783830612199999, 31.244362119400002 ], [ -8.789066312199999, 31.2365832194 ], [ -8.789495412200001, 31.227556119399999 ], [ -8.792499512199999, 31.2219779194 ], [ -8.7923278122, 31.2191153194 ], [ -8.788808812299999, 31.212215219400001 ], [ -8.7845173123, 31.207296919400001 ], [ -8.773187612299999, 31.1985606195 ], [ -8.760828012299999, 31.190778019500002 ], [ -8.7560215123, 31.187767619500001 ], [ -8.7379112123, 31.165149619499999 ], [ -8.7332720123, 31.157775619599999 ], [ -8.742288612299999, 31.1553077196 ], [ -8.7490692123, 31.154573219500001 ], [ -8.749412512299999, 31.150092519600001 ], [ -8.7542190123, 31.146713519599999 ], [ -8.7556781123, 31.1420856196 ], [ -8.758081412399999, 31.1383390196 ], [ -8.765720312399999, 31.132020819600001 ], [ -8.7651195124, 31.1221020196 ], [ -8.7656345124, 31.109683619599998 ], [ -8.7646904124, 31.100938319600001 ], [ -8.7599697124, 31.090134119599998 ], [ -8.7582531124, 31.083151219600001 ], [ -8.759025512399999, 31.076388319599999 ], [ -8.7609138124, 31.065213819699999 ], [ -8.765977812399999, 31.051537919699999 ], [ -8.7743034125, 31.034403619700001 ], [ -8.778165812499999, 31.027490119700001 ], [ -8.782629012499999, 31.013367519700001 ], [ -8.7840023125, 31.0080709197 ], [ -8.787006312500001, 31.0074088197 ], [ -8.790525412499999, 31.0082181197 ], [ -8.794473612499999, 31.010792819700001 ], [ -8.7936153125, 31.0156478197 ], [ -8.7929244125, 31.021282319699999 ], [ -8.7924137124, 31.029255319699999 ], [ -8.799451812399999, 31.0371247197 ], [ -8.8032283124, 31.042713819700001 ], [ -8.8072581124, 31.048453219599999 ], [ -8.8154978124, 31.0512365196 ], [ -8.8226218124, 31.0520710196 ], [ -8.8258834124, 31.0569644196 ], [ -8.828801612399999, 31.062629519600002 ], [ -8.8311190124, 31.067401019599998 ], [ -8.8336081124, 31.072837619600001 ], [ -8.8336081124, 31.078575319599999 ], [ -8.834303612399999, 31.0821527196 ] ] ] ] } },
{ "type": "Feature", "properties": { "com_fr": "Douirane" }, "geometry": { "type": "MultiPolygon", "coordinates": [ [ [ [ -8.802970912199999, 31.255809019400001 ], [ -8.804601612200001, 31.260211319300002 ], [ -8.8054599122, 31.266887719300001 ], [ -8.807605712200001, 31.271876319299999 ], [ -8.8032283122, 31.275470919299998 ], [ -8.7951603122, 31.276204519299998 ], [ -8.7879505122, 31.273710319300001 ], [ -8.776105812200001, 31.2687951194 ], [ -8.7640895122, 31.276277919399998 ], [ -8.7470951122, 31.292855119399999 ], [ -8.730358112199999, 31.286914119399999 ], [ -8.722890812199999, 31.279138719399999 ], [ -8.715423512199999, 31.268868519400002 ], [ -8.715675712199999, 31.264393119400001 ], [ -8.7202934123, 31.254884319399999 ], [ -8.7214950123, 31.2516558194 ], [ -8.724155812299999, 31.2470330194 ], [ -8.720138912299999, 31.242600819500002 ], [ -8.7133583123, 31.234968619499998 ], [ -8.7080368123, 31.2275560195 ], [ -8.707693412299999, 31.222198019499999 ], [ -8.7090667123, 31.2171333195 ], [ -8.7061485123, 31.210967219499999 ], [ -8.707075512299999, 31.206224919499999 ], [ -8.705461812299999, 31.2012769195 ], [ -8.7021144123, 31.197238919499998 ], [ -8.6975483123, 31.1937441195 ], [ -8.689909312299999, 31.190733819599998 ], [ -8.685553412300001, 31.1877674196 ], [ -8.674116512399999, 31.180894519599999 ], [ -8.663494912399999, 31.175798219600001 ], [ -8.652680312399999, 31.173301419600001 ], [ -8.643131612399999, 31.1682635196 ], [ -8.6350635124, 31.164664819599999 ], [ -8.6285404124, 31.1623880197 ], [ -8.6257938124, 31.156879419700001 ], [ -8.6188415124, 31.154161719699999 ], [ -8.614743112399999, 31.151855319700001 ], [ -8.609764912399999, 31.150827019699999 ], [ -8.6094860124, 31.147918119700002 ], [ -8.6075977124, 31.140057919699998 ], [ -8.6061600124, 31.136649219700001 ], [ -8.605857712400001, 31.136463619699999 ], [ -8.6022118124, 31.134224819700002 ], [ -8.5973195124, 31.132167619699999 ], [ -8.5915688124, 31.131579919699998 ], [ -8.5870145125, 31.124607319700001 ], [ -8.587364212500001, 31.1245267197 ], [ -8.597749712500001, 31.120558919699999 ], [ -8.603929512500001, 31.117546319700001 ], [ -8.610705812499999, 31.112152719699999 ], [ -8.624013912500001, 31.102702119700002 ], [ -8.6319060125, 31.099879919700001 ], [ -8.6452140125, 31.098145519700001 ], [ -8.6579170124, 31.097778019700002 ], [ -8.6749973124, 31.099027419700001 ], [ -8.691476812399999, 31.104612819700002 ], [ -8.699630712399999, 31.108654719699999 ], [ -8.7049522124, 31.111814619699999 ], [ -8.706754612399999, 31.1182076196 ], [ -8.711217812399999, 31.126657419600001 ], [ -8.724950812399999, 31.145391319600002 ], [ -8.7332720123, 31.157775619599999 ], [ -8.7379112123, 31.165149619499999 ], [ -8.7560215123, 31.187767619500001 ], [ -8.760828012299999, 31.190778019500002 ], [ -8.773187612299999, 31.1985606195 ], [ -8.7845173123, 31.207296919400001 ], [ -8.788808812299999, 31.212215219400001 ], [ -8.7923278122, 31.2191153194 ], [ -8.792499512199999, 31.2219779194 ], [ -8.789495412200001, 31.227556119399999 ], [ -8.789066312199999, 31.2365832194 ], [ -8.783830612199999, 31.244362119400002 ], [ -8.7864055122, 31.2486181194 ], [ -8.793529512199999, 31.252140219400001 ], [ -8.802970912199999, 31.255809019400001 ] ] ] ] } },
{ "type": "Feature", "properties": { "com_fr": "Adassil" }, "geometry": { "type": "MultiPolygon", "coordinates": [ [ [ [ -8.415493912600001, 31.08299582 ], [ -8.4331264126, 31.08285722 ], [ -8.453554112599999, 31.089031619899998 ], [ -8.473896012499999, 31.0964551199 ], [ -8.492692912500001, 31.0952056199 ], [ -8.5039367125, 31.0957936199 ], [ -8.5211029125, 31.1003503198 ], [ -8.532346712500001, 31.104245419800002 ], [ -8.541015612500001, 31.109169119800001 ], [ -8.5495128125, 31.1111533198 ], [ -8.547105312499999, 31.115165519800001 ], [ -8.5443630125, 31.120558919800001 ], [ -8.5443673125, 31.132200819800001 ], [ -8.5416979125, 31.139852319799999 ], [ -8.5405864125, 31.145391319800002 ], [ -8.543676312500001, 31.149358019800001 ], [ -8.546165412400001, 31.152810319699999 ], [ -8.5477962124, 31.1590536197 ], [ -8.549427012400001, 31.166838819700001 ], [ -8.545650412400001, 31.172787519700002 ], [ -8.537921412399999, 31.178853219699999 ], [ -8.524106912400001, 31.187400419700001 ], [ -8.513206412400001, 31.1954770197 ], [ -8.4988684124, 31.199779319699999 ], [ -8.484796512400001, 31.202598419699999 ], [ -8.4848823124, 31.199515019700002 ], [ -8.482994012400001, 31.191145119800002 ], [ -8.4792175125, 31.185417919799999 ], [ -8.4675445125, 31.175871819800001 ], [ -8.4566440125, 31.174476519799999 ], [ -8.450120912499999, 31.178295119800001 ], [ -8.449013712499999, 31.179154319799999 ], [ -8.4418578125, 31.175999319799999 ], [ -8.4316203125, 31.1714854198 ], [ -8.4248317125, 31.1684921198 ], [ -8.4194750125, 31.166130119799998 ], [ -8.4236801125, 31.149592019899998 ], [ -8.4266690125, 31.137835619899999 ], [ -8.4286589125, 31.1300077199 ], [ -8.424250212500001, 31.120071019899999 ], [ -8.421307412599999, 31.113437719899999 ], [ -8.4110636126, 31.09034362 ], [ -8.415493912600001, 31.08299582 ] ] ] ] } },
{ "type": "Feature", "properties": { "com_fr": "Imindounit" }, "geometry": { "type": "MultiPolygon", "coordinates": [ [ [ [ -8.6253857126, 30.9529639199 ], [ -8.626503012600001, 30.9588432199 ], [ -8.6290779126, 30.963406519900001 ], [ -8.6308803126, 30.967601619900002 ], [ -8.628219612600001, 30.971575719899999 ], [ -8.6235847126, 30.976653519900001 ], [ -8.6197180126, 30.982290319899999 ], [ -8.6135425126, 30.9893100199 ], [ -8.6116542126, 30.997329819899999 ], [ -8.607620212600001, 31.009100819899999 ], [ -8.6027236126, 31.018855019899998 ], [ -8.596977212500001, 31.037051119899999 ], [ -8.589595812500001, 31.054111519799999 ], [ -8.5847034125, 31.066243119799999 ], [ -8.5821242125, 31.075476819799999 ], [ -8.5725112125, 31.085180019799999 ], [ -8.5668506125, 31.096234619800001 ], [ -8.553027612499999, 31.109948119799999 ], [ -8.5495128125, 31.1111533198 ], [ -8.541015612500001, 31.109169119800001 ], [ -8.532346712500001, 31.104245419800002 ], [ -8.5211029125, 31.1003503198 ], [ -8.5039367125, 31.0957936199 ], [ -8.492692912500001, 31.0952056199 ], [ -8.473896012499999, 31.0964551199 ], [ -8.453554112599999, 31.089031619899998 ], [ -8.4331264126, 31.08285722 ], [ -8.415493912600001, 31.08299582 ], [ -8.4242816126, 31.06841932 ], [ -8.4227842126, 31.04603022 ], [ -8.4358687126, 31.02341542 ], [ -8.4384653126, 31.01906242 ], [ -8.4463529127, 31.00583822 ], [ -8.4469494127, 30.9886257201 ], [ -8.4512324127, 30.978831720100001 ], [ -8.4533953127, 30.9667663201 ], [ -8.460949812699999, 30.9607107201 ], [ -8.4687976127, 30.954419620100001 ], [ -8.522557712699999, 30.95822502 ], [ -8.562670712599999, 30.95389332 ], [ -8.580154412600001, 30.95027912 ], [ -8.6253857126, 30.9529639199 ] ] ] ] } },
{ "type": "Feature", "properties": { "com_fr": "M'Zouda" }, "geometry": { "type": "MultiPolygon", "coordinates": [ [ [ [ -8.484796512400001, 31.202598419699999 ], [ -8.4988684124, 31.199779319699999 ], [ -8.513206412400001, 31.1954770197 ], [ -8.524106912400001, 31.187400419700001 ], [ -8.537921412399999, 31.178853219699999 ], [ -8.545650412400001, 31.172787519700002 ], [ -8.549427012400001, 31.166838819700001 ], [ -8.5477962124, 31.1590536197 ], [ -8.546165412400001, 31.152810319699999 ], [ -8.543676312500001, 31.149358019800001 ], [ -8.5405864125, 31.145391319800002 ], [ -8.5416979125, 31.139852319799999 ], [ -8.5443673125, 31.132200819800001 ], [ -8.550336812499999, 31.1305073198 ], [ -8.575467012500001, 31.126730819799999 ], [ -8.5798315125, 31.134761119699998 ], [ -8.577153512400001, 31.142526219699999 ], [ -8.5755657124, 31.151954519699999 ], [ -8.5727504124, 31.160919119700001 ], [ -8.5776642124, 31.169115419699999 ], [ -8.581076012400001, 31.178251019699999 ], [ -8.580840012399999, 31.182480619700002 ], [ -8.5772995124, 31.189412219699999 ], [ -8.5758403124, 31.192789619700001 ], [ -8.5795311124, 31.1955062197 ], [ -8.5789517124, 31.1987807197 ], [ -8.576805912399999, 31.203112219600001 ], [ -8.5760978124, 31.212171119600001 ], [ -8.5788659124, 31.2155918196 ], [ -8.5769561124, 31.225089919599998 ], [ -8.5775570123, 31.234851219599999 ], [ -8.5823849123, 31.238784719600002 ], [ -8.5927704123, 31.244508719599999 ], [ -8.5963539123, 31.2514357196 ], [ -8.5948304123, 31.264393119499999 ], [ -8.594980612300001, 31.280708419500002 ], [ -8.594036412299999, 31.290097219500002 ], [ -8.595753112300001, 31.295891419499998 ], [ -8.6033062123, 31.3002185195 ], [ -8.6124257123, 31.302242619499999 ], [ -8.620558112299999, 31.304472119500002 ], [ -8.631308412199999, 31.309136119400002 ], [ -8.6413506122, 31.314195819399998 ], [ -8.646225812200001, 31.3166633194 ], [ -8.6455692122, 31.3226061194 ], [ -8.645024212199999, 31.3265911194 ], [ -8.6413807122, 31.332163119400001 ], [ -8.6389130122, 31.337954719399999 ], [ -8.635085012199999, 31.341176619399999 ], [ -8.6322311122, 31.340326219400001 ], [ -8.624871112199999, 31.338610819399999 ], [ -8.617039112200001, 31.337760419399999 ], [ -8.610859312200001, 31.337467219400001 ], [ -8.6042503122, 31.3369540194 ], [ -8.6022762122, 31.3343881194 ], [ -8.591483012199999, 31.332306019400001 ], [ -8.582363512200001, 31.3307958195 ], [ -8.5779217122, 31.331719519499998 ], [ -8.5685447123, 31.332408719499998 ], [ -8.561184712299999, 31.329813319500001 ], [ -8.554811812300001, 31.3289629195 ], [ -8.5507134123, 31.329226819500001 ], [ -8.5441903123, 31.331792819499999 ], [ -8.537839912300001, 31.332159519499999 ], [ -8.533376712300001, 31.333039319499999 ], [ -8.528913512300001, 31.3323794195 ], [ -8.526424412300001, 31.329226919500002 ], [ -8.5247936123, 31.332012919499999 ], [ -8.521875312300001, 31.3326727195 ], [ -8.518013012300001, 31.331573019499999 ], [ -8.5141506123, 31.327661619499999 ], [ -8.487028112300001, 31.297329019599999 ], [ -8.465656212400001, 31.2833199196 ], [ -8.458274812399999, 31.2778183197 ], [ -8.4576740124, 31.269895619700002 ], [ -8.4603347124, 31.258670519700001 ], [ -8.465913712400001, 31.2544149197 ], [ -8.4648838124, 31.249205119700001 ], [ -8.468741912400001, 31.240370019699998 ], [ -8.466510312400001, 31.234058719699998 ], [ -8.466767812400001, 31.226279019700002 ], [ -8.4714026124, 31.219526319700002 ], [ -8.4786124124, 31.210497519699999 ], [ -8.482903912399999, 31.205799319699999 ], [ -8.484796512400001, 31.202598419699999 ] ] ] ] } },
{ "type": "Feature", "properties": { "com_fr": "Assif El Mal" }, "geometry": { "type": "MultiPolygon", "coordinates": [ [ [ [ -8.484796512400001, 31.202598419699999 ], [ -8.482903912399999, 31.205799319699999 ], [ -8.4786124124, 31.210497519699999 ], [ -8.4714026124, 31.219526319700002 ], [ -8.466767812400001, 31.226279019700002 ], [ -8.466510312400001, 31.234058719699998 ], [ -8.468741912400001, 31.240370019699998 ], [ -8.4648838124, 31.249205119700001 ], [ -8.465913712400001, 31.2544149197 ], [ -8.4603347124, 31.258670519700001 ], [ -8.4576740124, 31.269895619700002 ], [ -8.458274812399999, 31.2778183197 ], [ -8.465656212400001, 31.2833199196 ], [ -8.487028112300001, 31.297329019599999 ], [ -8.5141506123, 31.327661619499999 ], [ -8.497495112299999, 31.341367319500002 ], [ -8.4843673123, 31.3456483195 ], [ -8.472033512299999, 31.3493940195 ], [ -8.4568500123, 31.348389819600001 ], [ -8.4500436123, 31.347609119600001 ], [ -8.4426493123, 31.348873619599999 ], [ -8.441276012299999, 31.345402719599999 ], [ -8.440602312299999, 31.3409897196 ], [ -8.439477912299999, 31.3364299196 ], [ -8.4327788123, 31.3122527196 ], [ -8.4173336124, 31.307258919700001 ], [ -8.4076304124, 31.285788119700001 ], [ -8.4064288124, 31.247341319699999 ], [ -8.416213512400001, 31.227181819799998 ], [ -8.4239382125, 31.2031601198 ], [ -8.449013712499999, 31.179154319799999 ], [ -8.450120912499999, 31.178295119800001 ], [ -8.4566440125, 31.174476519799999 ], [ -8.4675445125, 31.175871819800001 ], [ -8.4792175125, 31.185417919799999 ], [ -8.482994012400001, 31.191145119800002 ], [ -8.4848823124, 31.199515019700002 ], [ -8.484796512400001, 31.202598419699999 ] ] ] ] } },
{ "type": "Feature", "properties": { "com_fr": "Zaouia Annahlia" }, "geometry": { "type": "MultiPolygon", "coordinates": [ [ [ [ -8.715423512199999, 31.268868519400002 ], [ -8.6888160123, 31.270482519400002 ], [ -8.6735371123, 31.271509419499999 ], [ -8.6728505123, 31.2747372195 ], [ -8.6713914123, 31.2800922194 ], [ -8.669674712200001, 31.283539819400001 ], [ -8.664782412199999, 31.2857404194 ], [ -8.6586884123, 31.282953019499999 ], [ -8.6537961123, 31.281559319500001 ], [ -8.6500839123, 31.2834225195 ], [ -8.6478523123, 31.286503219499998 ], [ -8.648388712299999, 31.289407819499999 ], [ -8.6509636122, 31.291754919399999 ], [ -8.652165312199999, 31.2944686194 ], [ -8.6514786122, 31.3008492194 ], [ -8.649178412199999, 31.307944419399998 ], [ -8.646225812200001, 31.3166633194 ], [ -8.6413506122, 31.314195819399998 ], [ -8.631308412199999, 31.309136119400002 ], [ -8.620558112299999, 31.304472119500002 ], [ -8.6124257123, 31.302242619499999 ], [ -8.6033062123, 31.3002185195 ], [ -8.595753112300001, 31.295891419499998 ], [ -8.594036412299999, 31.290097219500002 ], [ -8.594980612300001, 31.280708419500002 ], [ -8.5948304123, 31.264393119499999 ], [ -8.5963539123, 31.2514357196 ], [ -8.5927704123, 31.244508719599999 ], [ -8.5823849123, 31.238784719600002 ], [ -8.5775570123, 31.234851219599999 ], [ -8.5769561124, 31.225089919599998 ], [ -8.5788659124, 31.2155918196 ], [ -8.5760978124, 31.212171119600001 ], [ -8.576805912399999, 31.203112219600001 ], [ -8.5789517124, 31.1987807197 ], [ -8.5795311124, 31.1955062197 ], [ -8.5758403124, 31.192789619700001 ], [ -8.5772995124, 31.189412219699999 ], [ -8.580840012399999, 31.182480619700002 ], [ -8.581076012400001, 31.178251019699999 ], [ -8.5776642124, 31.169115419699999 ], [ -8.5727504124, 31.160919119700001 ], [ -8.5755657124, 31.151954519699999 ], [ -8.577153512400001, 31.142526219699999 ], [ -8.5798315125, 31.134761119699998 ], [ -8.575467012500001, 31.126730819799999 ], [ -8.577608512499999, 31.1262752198 ], [ -8.5818013125, 31.125808719799998 ], [ -8.5870145125, 31.124607319700001 ], [ -8.5915688124, 31.131579919699998 ], [ -8.5973195124, 31.132167619699999 ], [ -8.6022118124, 31.134224819700002 ], [ -8.605857712400001, 31.136463619699999 ], [ -8.6061600124, 31.136649219700001 ], [ -8.6075977124, 31.140057919699998 ], [ -8.6094860124, 31.147918119700002 ], [ -8.609764912399999, 31.150827019699999 ], [ -8.614743112399999, 31.151855319700001 ], [ -8.6188415124, 31.154161719699999 ], [ -8.6257938124, 31.156879419700001 ], [ -8.6285404124, 31.1623880197 ], [ -8.6350635124, 31.164664819599999 ], [ -8.643131612399999, 31.1682635196 ], [ -8.652680312399999, 31.173301419600001 ], [ -8.663494912399999, 31.175798219600001 ], [ -8.674116512399999, 31.180894519599999 ], [ -8.685553412300001, 31.1877674196 ], [ -8.689909312299999, 31.190733819599998 ], [ -8.6975483123, 31.1937441195 ], [ -8.7021144123, 31.197238919499998 ], [ -8.705461812299999, 31.2012769195 ], [ -8.707075512299999, 31.206224919499999 ], [ -8.7061485123, 31.210967219499999 ], [ -8.7090667123, 31.2171333195 ], [ -8.707693412299999, 31.222198019499999 ], [ -8.7080368123, 31.2275560195 ], [ -8.7133583123, 31.234968619499998 ], [ -8.720138912299999, 31.242600819500002 ], [ -8.724155812299999, 31.2470330194 ], [ -8.7214950123, 31.2516558194 ], [ -8.7202934123, 31.254884319399999 ], [ -8.715675712199999, 31.264393119400001 ], [ -8.715423512199999, 31.268868519400002 ] ] ] ] } },
{ "type": "Feature", "properties": { "com_fr": "Saidate" }, "geometry": { "type": "MultiPolygon", "coordinates": [ [ [ [ -8.715423512199999, 31.268868519400002 ], [ -8.722890812199999, 31.279138719399999 ], [ -8.730358112199999, 31.286914119399999 ], [ -8.7470951122, 31.292855119399999 ], [ -8.7640895122, 31.276277919399998 ], [ -8.776105812200001, 31.2687951194 ], [ -8.7879505122, 31.273710319300001 ], [ -8.7951603122, 31.276204519299998 ], [ -8.8032283122, 31.275470919299998 ], [ -8.807605712200001, 31.271876319299999 ], [ -8.8054599122, 31.266887719300001 ], [ -8.804601612200001, 31.260211319300002 ], [ -8.802970912199999, 31.255809019400001 ], [ -8.807090712200001, 31.2582302193 ], [ -8.8196220122, 31.2650535193 ], [ -8.8278618122, 31.268795119300002 ], [ -8.835414912199999, 31.274297219299999 ], [ -8.838075612200001, 31.2785519193 ], [ -8.845542912200001, 31.282219619300001 ], [ -8.851722712100001, 31.285887219300001 ], [ -8.8611598121, 31.289378619299999 ], [ -8.868288012100001, 31.2918283192 ], [ -8.8773002121, 31.295055419200001 ], [ -8.883651712100001, 31.2968156192 ], [ -8.8918013121, 31.296933019200001 ], [ -8.8987536121, 31.296713019199998 ], [ -8.904680212100001, 31.293661919200002 ], [ -8.908885912100001, 31.2912415192 ], [ -8.908885912100001, 31.298649219200001 ], [ -8.9055385121, 31.305322919200002 ], [ -8.897727912100001, 31.312509419200001 ], [ -8.888544012100001, 31.321235119200001 ], [ -8.877901012100001, 31.329007019199999 ], [ -8.8859691121, 31.332086219200001 ], [ -8.899272912100001, 31.3376579191 ], [ -8.9144649121, 31.344108919100002 ], [ -8.928197812, 31.352611819100002 ], [ -8.950342112, 31.367783219100001 ], [ -8.965963312, 31.375551219 ], [ -8.974799612, 31.381017819 ], [ -8.972829812, 31.391524919 ], [ -8.972134612, 31.396909919 ], [ -8.964825812, 31.399315219 ], [ -8.961156612, 31.401853719 ], [ -8.960984912, 31.406029419 ], [ -8.954719312, 31.408227019 ], [ -8.947852812, 31.412548919 ], [ -8.946286412, 31.419679619 ], [ -8.949912811900001, 31.426465619 ], [ -8.9554059119, 31.430859919 ], [ -8.9630448119, 31.434302018899999 ], [ -8.953861011900001, 31.4408928189 ], [ -8.9442479119, 31.448435118900001 ], [ -8.9365017119, 31.451462818900001 ], [ -8.910688111900001, 31.452974819 ], [ -8.900560111900001, 31.451949719 ], [ -8.890689612, 31.452315819 ], [ -8.882449812, 31.452389019 ], [ -8.868008812, 31.456002419 ], [ -8.866180812, 31.457593219 ], [ -8.859511612, 31.463397019 ], [ -8.852666612, 31.470106619 ], [ -8.843740212, 31.473840019 ], [ -8.834620712, 31.477818519 ], [ -8.830350612, 31.481013719 ], [ -8.824943312, 31.479256919 ], [ -8.821510012, 31.477060919 ], [ -8.822282512, 31.472156319 ], [ -8.823226712, 31.467910419 ], [ -8.823634412, 31.464714819 ], [ -8.821424212, 31.461541119 ], [ -8.814965512, 31.462152419 ], [ -8.810695412, 31.463591019 ], [ -8.806489712, 31.462346419100001 ], [ -8.802198112, 31.455391019099999 ], [ -8.797906612, 31.451364019100001 ], [ -8.794022812, 31.448973319099998 ], [ -8.789473712, 31.445678219099999 ], [ -8.794301712, 31.440966019099999 ], [ -8.799537412, 31.438329819100002 ], [ -8.802627312, 31.435766619100001 ], [ -8.802863312, 31.432423519099999 ], [ -8.804944712, 31.431665519100001 ], [ -8.811017212, 31.4327164191 ], [ -8.813077212, 31.431178519100001 ], [ -8.816446012, 31.4287360191 ], [ -8.819021012, 31.417822919100001 ], [ -8.820201112, 31.4116955191 ], [ -8.821145312, 31.406348019100001 ], [ -8.819257012, 31.4021723191 ], [ -8.8143646121, 31.3939670191 ], [ -8.8053524121, 31.387592619199999 ], [ -8.799279912099999, 31.378481019199999 ], [ -8.789902912100001, 31.368906819199999 ], [ -8.7840879121, 31.362798319199999 ], [ -8.774732312099999, 31.353563319199999 ], [ -8.774989812099999, 31.348579019199999 ], [ -8.763123712100001, 31.338635219299999 ], [ -8.7604844121, 31.344547319299998 ], [ -8.7630379121, 31.348824519299999 ], [ -8.7632310121, 31.354589519299999 ], [ -8.7614286121, 31.359500219200001 ], [ -8.7567722121, 31.3663161192 ], [ -8.7512546121, 31.369862319199999 ], [ -8.744645612099999, 31.3703515192 ], [ -8.7397533121, 31.3791195192 ], [ -8.724861712099999, 31.3756901193 ], [ -8.718124012100001, 31.358918519300001 ], [ -8.7067557122, 31.349903019300001 ], [ -8.6976351122, 31.346435919299999 ], [ -8.6930215122, 31.341761719299999 ], [ -8.6855550122, 31.336042519399999 ], [ -8.676027812199999, 31.330034519400002 ], [ -8.673023712199999, 31.328348219399999 ], [ -8.6721654122, 31.325562119400001 ], [ -8.6731954122, 31.321602819399999 ], [ -8.6768002122, 31.3181566194 ], [ -8.680748512199999, 31.316250219400001 ], [ -8.680233512199999, 31.3097972194 ], [ -8.677486912199999, 31.298063519399999 ], [ -8.675512812199999, 31.2842745194 ], [ -8.6749120122, 31.279506619399999 ], [ -8.6728505123, 31.2747372195 ], [ -8.6735371123, 31.271509419499999 ], [ -8.6888160123, 31.270482519400002 ], [ -8.715423512199999, 31.268868519400002 ] ] ] ] } },
{ "type": "Feature", "properties": { "com_fr": "Ait Hadi" }, "geometry": { "type": "MultiPolygon", "coordinates": [ [ [ [ -8.799537412, 31.438329819100002 ], [ -8.793443412, 31.434668119099999 ], [ -8.787349412, 31.430127519100001 ], [ -8.777371612, 31.426125019099999 ], [ -8.771191812, 31.425978519099999 ], [ -8.769496612, 31.427051519100001 ], [ -8.770676812, 31.431837619100001 ], [ -8.768466712, 31.430859919100001 ], [ -8.759862212, 31.427956019100002 ], [ -8.7555706121, 31.426564519199999 ], [ -8.7508714121, 31.424561319199999 ], [ -8.7498414121, 31.420825919199999 ], [ -8.7495839121, 31.4147464192 ], [ -8.7513005121, 31.411157119199999 ], [ -8.7565362121, 31.4091793192 ], [ -8.7584030121, 31.405175919200001 ], [ -8.755162912099999, 31.3989232192 ], [ -8.7583387121, 31.3926958192 ], [ -8.7578237121, 31.383097419199999 ], [ -8.7578237121, 31.377015419199999 ], [ -8.7591970121, 31.368280219199999 ], [ -8.7567722121, 31.3663161192 ], [ -8.7614286121, 31.359500219200001 ], [ -8.7632310121, 31.354589519299999 ], [ -8.7630379121, 31.348824519299999 ], [ -8.7604844121, 31.344547319299998 ], [ -8.763123712100001, 31.338635219299999 ], [ -8.774989812099999, 31.348579019199999 ], [ -8.774732312099999, 31.353563319199999 ], [ -8.7840879121, 31.362798319199999 ], [ -8.789902912100001, 31.368906819199999 ], [ -8.799279912099999, 31.378481019199999 ], [ -8.8053524121, 31.387592619199999 ], [ -8.8143646121, 31.3939670191 ], [ -8.819257012, 31.4021723191 ], [ -8.821145312, 31.406348019100001 ], [ -8.820201112, 31.4116955191 ], [ -8.819021012, 31.417822919100001 ], [ -8.816446012, 31.4287360191 ], [ -8.813077212, 31.431178519100001 ], [ -8.811017212, 31.4327164191 ], [ -8.804944712, 31.431665519100001 ], [ -8.802863312, 31.432423519099999 ], [ -8.802627312, 31.435766619100001 ], [ -8.799537412, 31.438329819100002 ] ] ] ] } },
{ "type": "Feature", "properties": { "com_fr": "Sidi M'Hamed Dalil" }, "geometry": { "type": "MultiPolygon", "coordinates": [ [ [ [ -8.7567722121, 31.3663161192 ], [ -8.7591970121, 31.368280219199999 ], [ -8.7578237121, 31.377015419199999 ], [ -8.7578237121, 31.383097419199999 ], [ -8.7583387121, 31.3926958192 ], [ -8.755162912099999, 31.3989232192 ], [ -8.7584030121, 31.405175919200001 ], [ -8.7565362121, 31.4091793192 ], [ -8.7513005121, 31.411157119199999 ], [ -8.7495839121, 31.4147464192 ], [ -8.7498414121, 31.420825919199999 ], [ -8.7508714121, 31.424561319199999 ], [ -8.7471807121, 31.426612119200001 ], [ -8.7424385121, 31.428981419199999 ], [ -8.734821012099999, 31.433203419200002 ], [ -8.7372887121, 31.437696319200001 ], [ -8.735915412, 31.441431019199999 ], [ -8.730014512, 31.4445542192 ], [ -8.728469612, 31.447190319200001 ], [ -8.728898712, 31.4499727191 ], [ -8.734906912, 31.451730119099999 ], [ -8.739026812, 31.451656819099998 ], [ -8.747330912, 31.4530736191 ], [ -8.750163312, 31.455416619099999 ], [ -8.751536612, 31.4601024191 ], [ -8.752502212, 31.4709851191 ], [ -8.751965712, 31.475036919099999 ], [ -8.752652412, 31.483235219099999 ], [ -8.754218812, 31.487747619099999 ], [ -8.757544712, 31.491725519100001 ], [ -8.756793712, 31.494041919099999 ], [ -8.753167412, 31.4986782191 ], [ -8.749583912, 31.505385319 ], [ -8.743554312, 31.512289419 ], [ -8.739370112, 31.515849219 ], [ -8.736537712, 31.518629619 ], [ -8.734799612, 31.520923419 ], [ -8.732138812, 31.519386919 ], [ -8.734306112, 31.515190719 ], [ -8.737224312, 31.511971119 ], [ -8.731902812, 31.509410019099999 ], [ -8.727267912, 31.507068419100001 ], [ -8.725787412, 31.5039473191 ], [ -8.721603112, 31.505165719099999 ], [ -8.720058212, 31.507068419100001 ], [ -8.714908312, 31.506995219099998 ], [ -8.710531012, 31.505678019099999 ], [ -8.703063712, 31.5047998191 ], [ -8.693020712, 31.503849819100001 ], [ -8.687870812, 31.5059720191 ], [ -8.685639212, 31.510289419100001 ], [ -8.677828712, 31.513289519099999 ], [ -8.670189712, 31.514021219100002 ], [ -8.661177512, 31.510508919100001 ], [ -8.659353612, 31.505123119099999 ], [ -8.660040212, 31.501903219100001 ], [ -8.662121612, 31.499605319099999 ], [ -8.662958512, 31.494292019100001 ], [ -8.662035812, 31.4907497192 ], [ -8.657143512, 31.481088119199999 ], [ -8.652165312099999, 31.474134119199999 ], [ -8.6435822121, 31.466959919200001 ], [ -8.6295703121, 31.454250119200001 ], [ -8.614056512099999, 31.445653819299999 ], [ -8.612575912100001, 31.443925719300001 ], [ -8.6127475121, 31.440630519300001 ], [ -8.6150306121, 31.428689719299999 ], [ -8.616837412100001, 31.419658919300002 ], [ -8.6237854121, 31.4096860193 ], [ -8.6340464121, 31.3982542193 ], [ -8.639355012199999, 31.386286019300002 ], [ -8.640492312199999, 31.3726968193 ], [ -8.6434320122, 31.3591973194 ], [ -8.643698112199999, 31.347359819400001 ], [ -8.6419042122, 31.342602419399999 ], [ -8.6389130122, 31.337954719399999 ], [ -8.6413807122, 31.332163119400001 ], [ -8.645024212199999, 31.3265911194 ], [ -8.6455692122, 31.3226061194 ], [ -8.646225812200001, 31.3166633194 ], [ -8.649178412199999, 31.307944419399998 ], [ -8.6514786122, 31.3008492194 ], [ -8.652165312199999, 31.2944686194 ], [ -8.6509636122, 31.291754919399999 ], [ -8.648388712299999, 31.289407819499999 ], [ -8.6478523123, 31.286503219499998 ], [ -8.6500839123, 31.2834225195 ], [ -8.6537961123, 31.281559319500001 ], [ -8.6586884123, 31.282953019499999 ], [ -8.664782412199999, 31.2857404194 ], [ -8.669674712200001, 31.283539819400001 ], [ -8.6713914123, 31.2800922194 ], [ -8.6728505123, 31.2747372195 ], [ -8.6749120122, 31.279506619399999 ], [ -8.675512812199999, 31.2842745194 ], [ -8.677486912199999, 31.298063519399999 ], [ -8.680233512199999, 31.3097972194 ], [ -8.680748512199999, 31.316250219400001 ], [ -8.6768002122, 31.3181566194 ], [ -8.6731954122, 31.321602819399999 ], [ -8.6721654122, 31.325562119400001 ], [ -8.673023712199999, 31.328348219399999 ], [ -8.676027812199999, 31.330034519400002 ], [ -8.6855550122, 31.336042519399999 ], [ -8.6930215122, 31.341761719299999 ], [ -8.6976351122, 31.346435919299999 ], [ -8.7067557122, 31.349903019300001 ], [ -8.718124012100001, 31.358918519300001 ], [ -8.724861712099999, 31.3756901193 ], [ -8.7397533121, 31.3791195192 ], [ -8.744645612099999, 31.3703515192 ], [ -8.7512546121, 31.369862319199999 ], [ -8.7567722121, 31.3663161192 ] ] ] ] } },
{ "type": "Feature", "properties": { "com_fr": "Sidi Bouzid Arragragui" }, "geometry": { "type": "MultiPolygon", "coordinates": [ [ [ [ -8.797992411899999, 31.549355218900001 ], [ -8.797992411899999, 31.545551618899999 ], [ -8.795653511899999, 31.542505018899998 ], [ -8.791898511899999, 31.536627219 ], [ -8.7841522119, 31.531531919 ], [ -8.7818563119, 31.529750519 ], [ -8.779517411900001, 31.525825419 ], [ -8.776770811900001, 31.522020919 ], [ -8.770762612, 31.510752719 ], [ -8.763231012, 31.515629719 ], [ -8.765290911899999, 31.519654019 ], [ -8.7653768119, 31.524043919 ], [ -8.763831811899999, 31.527482519 ], [ -8.7567079119, 31.530116319 ], [ -8.7506783119, 31.532409819 ], [ -8.7464082119, 31.537358819 ], [ -8.742288311899999, 31.533920519 ], [ -8.735507712, 31.530628419 ], [ -8.733791112, 31.527116719 ], [ -8.734112912, 31.523484219 ], [ -8.734799612, 31.520923419 ], [ -8.736537712, 31.518629619 ], [ -8.739370112, 31.515849219 ], [ -8.743554312, 31.512289419 ], [ -8.749583912, 31.505385319 ], [ -8.753167412, 31.4986782191 ], [ -8.756793712, 31.494041919099999 ], [ -8.757544712, 31.491725519100001 ], [ -8.754218812, 31.487747619099999 ], [ -8.752652412, 31.483235219099999 ], [ -8.751965712, 31.475036919099999 ], [ -8.752502212, 31.4709851191 ], [ -8.751536612, 31.4601024191 ], [ -8.750163312, 31.455416619099999 ], [ -8.747330912, 31.4530736191 ], [ -8.739026812, 31.451656819099998 ], [ -8.734906912, 31.451730119099999 ], [ -8.728898712, 31.4499727191 ], [ -8.728469612, 31.447190319200001 ], [ -8.730014512, 31.4445542192 ], [ -8.735915412, 31.441431019199999 ], [ -8.7372887121, 31.437696319200001 ], [ -8.734821012099999, 31.433203419200002 ], [ -8.7424385121, 31.428981419199999 ], [ -8.7471807121, 31.426612119200001 ], [ -8.7508714121, 31.424561319199999 ], [ -8.7555706121, 31.426564519199999 ], [ -8.759862212, 31.427956019100002 ], [ -8.768466712, 31.430859919100001 ], [ -8.770676812, 31.431837619100001 ], [ -8.769496612, 31.427051519100001 ], [ -8.771191812, 31.425978519099999 ], [ -8.777371612, 31.426125019099999 ], [ -8.787349412, 31.430127519100001 ], [ -8.793443412, 31.434668119099999 ], [ -8.799537412, 31.438329819100002 ], [ -8.794301712, 31.440966019099999 ], [ -8.789473712, 31.445678219099999 ], [ -8.794022812, 31.448973319099998 ], [ -8.797906612, 31.451364019100001 ], [ -8.802198112, 31.455391019099999 ], [ -8.806489712, 31.462346419100001 ], [ -8.810695412, 31.463591019 ], [ -8.814965512, 31.462152419 ], [ -8.821424212, 31.461541119 ], [ -8.823634412, 31.464714819 ], [ -8.823226712, 31.467910419 ], [ -8.822282512, 31.472156319 ], [ -8.821510012, 31.477060919 ], [ -8.824943312, 31.479256919 ], [ -8.830350612, 31.481013719 ], [ -8.825715712, 31.485698219 ], [ -8.824170812, 31.488918719 ], [ -8.818849312, 31.491626719 ], [ -8.8165319119, 31.495432519 ], [ -8.8144719119, 31.500848119 ], [ -8.8114464119, 31.505337719 ], [ -8.8123905119, 31.507898919 ], [ -8.8147938119, 31.510825919 ], [ -8.8180554119, 31.512582119 ], [ -8.8186776119, 31.515483319 ], [ -8.8145578119, 31.518263819 ], [ -8.8158238119, 31.519899119 ], [ -8.8210594119, 31.519460119 ], [ -8.814643611899999, 31.528287318899999 ], [ -8.8151371119, 31.531970918900001 ], [ -8.815330211899999, 31.537944018899999 ], [ -8.8100087119, 31.543576618900001 ], [ -8.8056314119, 31.545844218900001 ], [ -8.8068974119, 31.5503316189 ], [ -8.8048589119, 31.550525518899999 ], [ -8.8029492119, 31.549453918899999 ], [ -8.8009107119, 31.550232918900001 ], [ -8.797992411899999, 31.549355218900001 ] ] ] ] } },
{ "type": "Feature", "properties": { "com_fr": "Majjat" }, "geometry": { "type": "MultiPolygon", "coordinates": [ [ [ [ -8.5141506123, 31.327661619499999 ], [ -8.518013012300001, 31.331573019499999 ], [ -8.521875312300001, 31.3326727195 ], [ -8.5247936123, 31.332012919499999 ], [ -8.526424412300001, 31.329226919500002 ], [ -8.528913512300001, 31.3323794195 ], [ -8.533376712300001, 31.333039319499999 ], [ -8.537839912300001, 31.332159519499999 ], [ -8.5441903123, 31.331792819499999 ], [ -8.5507134123, 31.329226819500001 ], [ -8.554811812300001, 31.3289629195 ], [ -8.561184712299999, 31.329813319500001 ], [ -8.5685447123, 31.332408719499998 ], [ -8.5779217122, 31.331719519499998 ], [ -8.582363512200001, 31.3307958195 ], [ -8.591483012199999, 31.332306019400001 ], [ -8.6022762122, 31.3343881194 ], [ -8.6042503122, 31.3369540194 ], [ -8.610859312200001, 31.337467219400001 ], [ -8.617039112200001, 31.337760419399999 ], [ -8.624871112199999, 31.338610819399999 ], [ -8.6322311122, 31.340326219400001 ], [ -8.635085012199999, 31.341176619399999 ], [ -8.6389130122, 31.337954719399999 ], [ -8.6419042122, 31.342602419399999 ], [ -8.643698112199999, 31.347359819400001 ], [ -8.6434320122, 31.3591973194 ], [ -8.640492312199999, 31.3726968193 ], [ -8.639355012199999, 31.386286019300002 ], [ -8.6340464121, 31.3982542193 ], [ -8.6237854121, 31.4096860193 ], [ -8.616837412100001, 31.419658919300002 ], [ -8.6150306121, 31.428689719299999 ], [ -8.6127475121, 31.440630519300001 ], [ -8.612575912100001, 31.443925719300001 ], [ -8.614056512099999, 31.445653819299999 ], [ -8.6295703121, 31.454250119200001 ], [ -8.6435822121, 31.466959919200001 ], [ -8.652165312099999, 31.474134119199999 ], [ -8.657143512, 31.481088119199999 ], [ -8.662035812, 31.4907497192 ], [ -8.662958512, 31.494292019100001 ], [ -8.662121612, 31.499605319099999 ], [ -8.660040212, 31.501903219100001 ], [ -8.659353612, 31.505123119099999 ], [ -8.661177512, 31.510508919100001 ], [ -8.670189712, 31.514021219100002 ], [ -8.677828712, 31.513289519099999 ], [ -8.685639212, 31.510289419100001 ], [ -8.687870812, 31.5059720191 ], [ -8.693020712, 31.503849819100001 ], [ -8.703063712, 31.5047998191 ], [ -8.710531012, 31.505678019099999 ], [ -8.714908312, 31.506995219099998 ], [ -8.720058212, 31.507068419100001 ], [ -8.721603112, 31.505165719099999 ], [ -8.725787412, 31.5039473191 ], [ -8.727267912, 31.507068419100001 ], [ -8.731902812, 31.509410019099999 ], [ -8.737224312, 31.511971119 ], [ -8.734306112, 31.515190719 ], [ -8.732138812, 31.519386919 ], [ -8.731473712, 31.521629519 ], [ -8.731473712, 31.523531819 ], [ -8.730787012, 31.526312019 ], [ -8.726066312, 31.528580019 ], [ -8.721925012, 31.529556619 ], [ -8.717311612, 31.534871519 ], [ -8.714393312, 31.540358019 ], [ -8.711131812, 31.541967319 ], [ -8.709222012, 31.540603119 ], [ -8.706668612, 31.539041319 ], [ -8.708127712, 31.537285619 ], [ -8.704780312, 31.536334619 ], [ -8.703750312, 31.537870919 ], [ -8.701497312, 31.536360219 ], [ -8.702377012, 31.535895719 ], [ -8.700038212, 31.5346045191 ], [ -8.697892412, 31.538115919 ], [ -8.694030012, 31.541627219 ], [ -8.693243812, 31.546917119 ], [ -8.695578412, 31.553324419 ], [ -8.694209411899999, 31.560426119 ], [ -8.693265311899999, 31.565351719 ], [ -8.692171011899999, 31.571341019 ], [ -8.6914629119, 31.574240419 ], [ -8.6848161119, 31.575836919 ], [ -8.683996411900001, 31.572754719 ], [ -8.6763352119, 31.574532919 ], [ -8.667936711899999, 31.576518219 ], [ -8.657001811900001, 31.578598519 ], [ -8.640063212, 31.581095619 ], [ -8.636179312, 31.581563519 ], [ -8.634827512, 31.576196519100002 ], [ -8.632402812, 31.5749095191 ], [ -8.629849312, 31.574587719099998 ], [ -8.628197112, 31.576956919099999 ], [ -8.627875212, 31.5818999191 ], [ -8.627016912, 31.583435319 ], [ -8.619721312, 31.5836547191 ], [ -8.605640812, 31.5834829191 ], [ -8.598864412, 31.581293019099999 ], [ -8.588860912, 31.576185519100001 ], [ -8.583749612, 31.570580419100001 ], [ -8.569991012, 31.568595019100002 ], [ -8.570613212, 31.558020019099999 ], [ -8.570235612, 31.542776919200001 ], [ -8.568446012, 31.533043919200001 ], [ -8.565510612100001, 31.520284519200001 ], [ -8.556991912100001, 31.510545519200001 ], [ -8.5465764121, 31.5108309192 ], [ -8.546915412100001, 31.500904219199999 ], [ -8.529079812100001, 31.500011419300002 ], [ -8.528727912100001, 31.5133992192 ], [ -8.528766512100001, 31.5309699192 ], [ -8.532826312, 31.555196819199999 ], [ -8.535813212, 31.572170919200001 ], [ -8.535160912, 31.5833403191 ], [ -8.520586812, 31.582631119199998 ], [ -8.521702612, 31.5784632192 ], [ -8.525479212, 31.575465219200002 ], [ -8.523741112, 31.5634283192 ], [ -8.512690412, 31.557182519200001 ], [ -8.4995369121, 31.550556019199998 ], [ -8.487263112100001, 31.543534019199999 ], [ -8.4742168121, 31.537535619300002 ], [ -8.4709552121, 31.534390019300002 ], [ -8.468230112100001, 31.5319264193 ], [ -8.4610418121, 31.533546919300001 ], [ -8.451557512100001, 31.529808519300001 ], [ -8.441687012099999, 31.529199419299999 ], [ -8.4291557121, 31.5291244193 ], [ -8.418426912099999, 31.530838219300001 ], [ -8.418856012099999, 31.525032919299999 ], [ -8.419220812100001, 31.518232119299999 ], [ -8.4195427121, 31.510326019400001 ], [ -8.4234909122, 31.5005200194 ], [ -8.423169012200001, 31.489102919400001 ], [ -8.4216884122, 31.478061419399999 ], [ -8.4363655122, 31.4786360194 ], [ -8.444712512200001, 31.4787458194 ], [ -8.443918612199999, 31.4702103194 ], [ -8.442738412200001, 31.4640316194 ], [ -8.4421376122, 31.448216719400001 ], [ -8.450634812200001, 31.4452877194 ], [ -8.458617112200001, 31.4383310194 ], [ -8.462307812200001, 31.432179419400001 ], [ -8.463251912200001, 31.425880919400001 ], [ -8.462565312200001, 31.418776319399999 ], [ -8.4671143122, 31.409107319499999 ], [ -8.4693245122, 31.404521519500001 ], [ -8.4750107122, 31.402807319499999 ], [ -8.4793023122, 31.400902619499998 ], [ -8.4818557122, 31.397854919499999 ], [ -8.485825412200001, 31.392550519499999 ], [ -8.492777712200001, 31.387275219500001 ], [ -8.4968976122, 31.385370119499999 ], [ -8.5005883122, 31.384637419499999 ], [ -8.4956101122, 31.378995219499998 ], [ -8.4945587122, 31.376533119499999 ], [ -8.4901169123, 31.370421419500001 ], [ -8.485825412300001, 31.3653647195 ], [ -8.4805039123, 31.361846819499998 ], [ -8.4731225123, 31.359867919500001 ], [ -8.4579701123, 31.355224919499999 ], [ -8.4496145123, 31.352029119600001 ], [ -8.4426493123, 31.348873619599999 ], [ -8.4500436123, 31.347609119600001 ], [ -8.4568500123, 31.348389819600001 ], [ -8.472033512299999, 31.3493940195 ], [ -8.4843673123, 31.3456483195 ], [ -8.497495112299999, 31.341367319500002 ], [ -8.5141506123, 31.327661619499999 ] ] ] ] } },
{ "type": "Feature", "properties": { "com_fr": "Gmassa" }, "geometry": { "type": "MultiPolygon", "coordinates": [ [ [ [ -8.4426493123, 31.348873619599999 ], [ -8.4496145123, 31.352029119600001 ], [ -8.4579701123, 31.355224919499999 ], [ -8.4731225123, 31.359867919500001 ], [ -8.4805039123, 31.361846819499998 ], [ -8.485825412300001, 31.3653647195 ], [ -8.4901169123, 31.370421419500001 ], [ -8.4945587122, 31.376533119499999 ], [ -8.4956101122, 31.378995219499998 ], [ -8.5005883122, 31.384637419499999 ], [ -8.4968976122, 31.385370119499999 ], [ -8.492777712200001, 31.387275219500001 ], [ -8.485825412200001, 31.392550519499999 ], [ -8.4818557122, 31.397854919499999 ], [ -8.4793023122, 31.400902619499998 ], [ -8.4750107122, 31.402807319499999 ], [ -8.4693245122, 31.404521519500001 ], [ -8.4671143122, 31.409107319499999 ], [ -8.462565312200001, 31.418776319399999 ], [ -8.463251912200001, 31.425880919400001 ], [ -8.462307812200001, 31.432179419400001 ], [ -8.458617112200001, 31.4383310194 ], [ -8.450634812200001, 31.4452877194 ], [ -8.4421376122, 31.448216719400001 ], [ -8.442738412200001, 31.4640316194 ], [ -8.443918612199999, 31.4702103194 ], [ -8.444712512200001, 31.4787458194 ], [ -8.4363655122, 31.4786360194 ], [ -8.4216884122, 31.478061419399999 ], [ -8.423169012200001, 31.489102919400001 ], [ -8.4234909122, 31.5005200194 ], [ -8.4195427121, 31.510326019400001 ], [ -8.419220812100001, 31.518232119299999 ], [ -8.418856012099999, 31.525032919299999 ], [ -8.418426912099999, 31.530838219300001 ], [ -8.415444212100001, 31.531288119300001 ], [ -8.412161212099999, 31.532301419300001 ], [ -8.3806614121, 31.532312319399999 ], [ -8.3641517122, 31.5288628194 ], [ -8.356543712200001, 31.523776919399999 ], [ -8.3391987122, 31.5169066194 ], [ -8.327985012199999, 31.508900919399998 ], [ -8.315840212199999, 31.497442319499999 ], [ -8.3051150122, 31.493433119500001 ], [ -8.292506512199999, 31.481349019500001 ], [ -8.2886227123, 31.473403119499999 ], [ -8.287082012300001, 31.465463819499998 ], [ -8.283120912299999, 31.451296719599998 ], [ -8.282818712299999, 31.435442519599999 ], [ -8.2695286123, 31.421840719599999 ], [ -8.2650246123, 31.409868219700002 ], [ -8.265642612300001, 31.401114119700001 ], [ -8.2655728124, 31.3876022197 ], [ -8.2638562124, 31.3756877197 ], [ -8.2618210124, 31.363278619700001 ], [ -8.290365512399999, 31.355897319699999 ], [ -8.3225940124, 31.334219619700001 ], [ -8.326805412400001, 31.325407119699999 ], [ -8.3278898124, 31.323137819700001 ], [ -8.334344312400001, 31.315713819700001 ], [ -8.3529996124, 31.310118819700001 ], [ -8.3596791124, 31.310822119699999 ], [ -8.3664750124, 31.311537719699999 ], [ -8.3751907124, 31.321235119699999 ], [ -8.3866019124, 31.3249672197 ], [ -8.4166426123, 31.315578119600001 ], [ -8.439477912299999, 31.3364299196 ], [ -8.440602312299999, 31.3409897196 ], [ -8.441276012299999, 31.345402719599999 ], [ -8.4426493123, 31.348873619599999 ] ] ] ] } },
{ "type": "Feature", "properties": { "com_fr": "Tameslouht" }, "geometry": { "type": "MultiPolygon", "coordinates": [ [ [ [ -8.182179212299999, 31.504441619600001 ], [ -8.1821020123, 31.504863219600001 ], [ -8.1448224123, 31.5345089196 ], [ -8.1338184123, 31.5315964196 ], [ -8.1282566123, 31.533743619599999 ], [ -8.1229051123, 31.537942619599999 ], [ -8.115000112300001, 31.5394898196 ], [ -8.107206612300001, 31.5418635196 ], [ -8.101906612300001, 31.545235719600001 ], [ -8.0986751123, 31.550158419599999 ], [ -8.094499412299999, 31.551745619599998 ], [ -8.0940387123, 31.551424319599999 ], [ -8.0887530123, 31.547737319599999 ], [ -8.078294612300001, 31.540151819599998 ], [ -8.074578112299999, 31.535210319699999 ], [ -8.071441012299999, 31.5303088197 ], [ -8.0653844123, 31.527583219699999 ], [ -8.062085512299999, 31.5247156197 ], [ -8.0605105123, 31.530129619699998 ], [ -8.0551203123, 31.543399719699998 ], [ -8.046811912300001, 31.537891419699999 ], [ -8.0485628123, 31.545663619700001 ], [ -8.0454128123, 31.548984419699998 ], [ -8.0362418123, 31.5320207197 ], [ -7.9844945124, 31.521591519800001 ], [ -7.9790397124, 31.5028588198 ], [ -7.9383284124, 31.4944474198 ], [ -7.9407979124, 31.4902344198 ], [ -7.9433728124, 31.484232619899998 ], [ -7.9426003124, 31.478157219900002 ], [ -7.9413172124, 31.471590919899999 ], [ -7.9386521124, 31.466664119899999 ], [ -7.9454327124, 31.463882119899999 ], [ -7.9538441124, 31.459489419899999 ], [ -7.9605346124, 31.458317919900001 ], [ -7.9627748124, 31.4540933199 ], [ -7.9732462124, 31.454313019899999 ], [ -7.9814773124, 31.455096419899998 ], [ -7.9886013124, 31.4568536198 ], [ -7.9887729124, 31.458830419800002 ], [ -7.9881721124, 31.4648339198 ], [ -7.9886099124, 31.468516319799999 ], [ -7.9886957124, 31.476129519800001 ], [ -7.9881721124, 31.484378919800001 ], [ -7.9925581124, 31.484400919799999 ], [ -8.005252412400001, 31.4832078198 ], [ -8.004308312399999, 31.474789919799999 ], [ -7.9979568124, 31.467908619799999 ], [ -8.0005403124, 31.461854219799999 ], [ -8.009544012399999, 31.465712419799999 ], [ -8.013071612399999, 31.462952319799999 ], [ -8.017697912399999, 31.4641018198 ], [ -8.022847712400001, 31.453412419799999 ], [ -8.024135212399999, 31.4446989198 ], [ -8.011689712400001, 31.441623319800001 ], [ -8.0004459124, 31.436497219900001 ], [ -7.9949613125, 31.430880119899999 ], [ -7.9901462125, 31.422948319900001 ], [ -7.9884296125, 31.415257419900001 ], [ -7.9885240125, 31.4094926199 ], [ -7.9904981125, 31.405829819899999 ], [ -7.9899832125, 31.402826319900001 ], [ -7.9873224125, 31.4034856199 ], [ -7.9820009125, 31.402166919900001 ], [ -7.9845758125, 31.399236519900001 ], [ -7.9896398125, 31.397111919899999 ], [ -7.9959055125, 31.3923497199 ], [ -7.9993301125, 31.388517819899999 ], [ -8.0056816125, 31.382729319900001 ], [ -8.0108314125, 31.380311219900001 ], [ -8.0138355125, 31.384341319899999 ], [ -8.017440412499999, 31.387345419900001 ], [ -8.0217319125, 31.388517819899999 ], [ -8.0294567125, 31.388737619899999 ], [ -8.035464812500001, 31.387492019900002 ], [ -8.039850812499999, 31.3845831199 ], [ -8.0456873125, 31.379966819900002 ], [ -8.0519443125, 31.373496319899999 ], [ -8.0572744125, 31.369121219899998 ], [ -8.0636173125, 31.363309619900001 ], [ -8.0755478125, 31.356346819900001 ], [ -8.081040912500001, 31.3540013199 ], [ -8.084139412500001, 31.355489319899998 ], [ -8.092035812500001, 31.3617925199 ], [ -8.0966707125, 31.368681519900001 ], [ -8.101305612499999, 31.369927419900002 ], [ -8.112969912500001, 31.371590919900001 ], [ -8.122591612400001, 31.371686219800001 ], [ -8.138805012400001, 31.372983319799999 ], [ -8.1393286124, 31.381578919799999 ], [ -8.137603412400001, 31.389470319800001 ], [ -8.135028412400001, 31.399214519800001 ], [ -8.1307369124, 31.406613719799999 ], [ -8.1297069124, 31.4092508198 ], [ -8.1337410124, 31.411961219799998 ], [ -8.1380411124, 31.414107419800001 ], [ -8.140006612400001, 31.418040919799999 ], [ -8.1422468124, 31.421798319800001 ], [ -8.1412082124, 31.427928619700001 ], [ -8.1434398124, 31.431077919700002 ], [ -8.1470890124, 31.433203819700001 ], [ -8.1339569124, 31.435518019700002 ], [ -8.1376126124, 31.447413119699998 ], [ -8.1447709123, 31.472891519699999 ], [ -8.150779012299999, 31.4894342196 ], [ -8.160443512300001, 31.495289319600001 ], [ -8.173266612300001, 31.494996519600001 ], [ -8.182179212299999, 31.504441619600001 ] ] ] ] } },
{ "type": "Feature", "properties": { "com_fr": "Moulay Brahim" }, "geometry": { "type": "MultiPolygon", "coordinates": [ [ [ [ -8.0108314125, 31.380311219900001 ], [ -8.007569912499999, 31.376207619900001 ], [ -8.0019050125, 31.37203062 ], [ -7.9938455125, 31.36809522 ], [ -7.9874082125, 31.36105962 ], [ -7.9801985125, 31.35299722 ], [ -7.9754778126, 31.34530062 ], [ -7.9710146126, 31.33811662 ], [ -7.9657789126, 31.327779420100001 ], [ -7.9653497126, 31.320007520099999 ], [ -7.9644914126, 31.3165613201 ], [ -7.9644056126, 31.310768320099999 ], [ -7.9665204126, 31.307981720099999 ], [ -7.9678658126, 31.303746720100001 ], [ -7.9657908126, 31.2991575201 ], [ -7.9641922126, 31.292591620100001 ], [ -7.9603213126, 31.283954920100001 ], [ -7.9625743126, 31.280540320099998 ], [ -7.9690405126, 31.276370120100001 ], [ -7.9746195126, 31.277397120100002 ], [ -7.9768511126, 31.2738759201 ], [ -7.9807993126, 31.267860320099999 ], [ -7.9892965126, 31.2620644201 ], [ -7.9965063126, 31.257955620099999 ], [ -8.004145212599999, 31.2538467201 ], [ -8.011870012599999, 31.251131820099999 ], [ -8.0183042126, 31.248207520099999 ], [ -8.030057512599999, 31.250673220100001 ], [ -8.038211412600001, 31.254951020099998 ], [ -8.0457645126, 31.263440020099999 ], [ -8.052888512599999, 31.2689424201 ], [ -8.053317612600001, 31.27407772 ], [ -8.050656912599999, 31.28464072 ], [ -8.0452495126, 31.29270902 ], [ -8.0431038126, 31.30348632 ], [ -8.043876212600001, 31.30898642 ], [ -8.040958012500001, 31.32379822 ], [ -8.0517727125, 31.32607112 ], [ -8.061729012500001, 31.33171652 ], [ -8.066630012499999, 31.341562119900001 ], [ -8.0776935125, 31.349969919900001 ], [ -8.081040912500001, 31.3540013199 ], [ -8.0755478125, 31.356346819900001 ], [ -8.0636173125, 31.363309619900001 ], [ -8.0572744125, 31.369121219899998 ], [ -8.0519443125, 31.373496319899999 ], [ -8.0456873125, 31.379966819900002 ], [ -8.039850812499999, 31.3845831199 ], [ -8.035464812500001, 31.387492019900002 ], [ -8.0294567125, 31.388737619899999 ], [ -8.0217319125, 31.388517819899999 ], [ -8.017440412499999, 31.387345419900001 ], [ -8.0138355125, 31.384341319899999 ], [ -8.0108314125, 31.380311219900001 ] ] ] ] } },
{ "type": "Feature", "properties": { "com_fr": "Tahannaout" }, "geometry": { "type": "MultiPolygon", "coordinates": [ [ [ [ -7.9507110125, 31.37001772 ], [ -7.9467639125, 31.37164832 ], [ -7.9444250125, 31.37287582 ], [ -7.9412278125, 31.37305902 ], [ -7.9369792125, 31.37089722 ], [ -7.9342541126, 31.36772762 ], [ -7.9300484126, 31.36609702 ], [ -7.9275807126, 31.36373342 ], [ -7.9286107126, 31.35961082 ], [ -7.9322800126, 31.35796172 ], [ -7.9378804126, 31.35675242 ], [ -7.9418072126, 31.35345402 ], [ -7.9441890126, 31.34896452 ], [ -7.9492519126, 31.34577592 ], [ -7.9483088126, 31.342238920100002 ], [ -7.9488228126, 31.340497920099999 ], [ -7.9524062126, 31.339819820100001 ], [ -7.9557750126, 31.34057122 ], [ -7.9564188126, 31.34330182 ], [ -7.9574917126, 31.34923942 ], [ -7.9580517126, 31.35445362 ], [ -7.9574938125, 31.35839322 ], [ -7.9562042125, 31.36384332 ], [ -7.9537580125, 31.36712302 ], [ -7.9507110125, 31.37001772 ] ] ] ] } },
{ "type": "Feature", "properties": { "com_fr": "Lalla Takarkoust" }, "geometry": { "type": "MultiPolygon", "coordinates": [ [ [ [ -8.1307369124, 31.406613719799999 ], [ -8.135028412400001, 31.399214519800001 ], [ -8.137603412400001, 31.389470319800001 ], [ -8.1393286124, 31.381578919799999 ], [ -8.138805012400001, 31.372983319799999 ], [ -8.122591612400001, 31.371686219800001 ], [ -8.112969912500001, 31.371590919900001 ], [ -8.101305612499999, 31.369927419900002 ], [ -8.0966707125, 31.368681519900001 ], [ -8.092035812500001, 31.3617925199 ], [ -8.084139412500001, 31.355489319899998 ], [ -8.081040912500001, 31.3540013199 ], [ -8.0776935125, 31.349969919900001 ], [ -8.066630012499999, 31.341562119900001 ], [ -8.061729012500001, 31.33171652 ], [ -8.0517727125, 31.32607112 ], [ -8.040958012500001, 31.32379822 ], [ -8.043876212600001, 31.30898642 ], [ -8.050656912599999, 31.30861972 ], [ -8.056836712500001, 31.31030632 ], [ -8.063883412499999, 31.31296822 ], [ -8.073238912500001, 31.31516812 ], [ -8.0767494125, 31.31947222 ], [ -8.080783412500001, 31.32423822 ], [ -8.0847402125, 31.3295390199 ], [ -8.0893665125, 31.335015619899998 ], [ -8.094688012500001, 31.337654819899999 ], [ -8.099331512499999, 31.3449341199 ], [ -8.102412812500001, 31.3363352199 ], [ -8.1085068125, 31.330543519900001 ], [ -8.1187292125, 31.323893619900002 ], [ -8.112635212500001, 31.322793719900002 ], [ -8.1115194125, 31.3205208199 ], [ -8.1118541125, 31.318299119900001 ], [ -8.1083437125, 31.313921519899999 ], [ -8.104129412500001, 31.30663972 ], [ -8.0982929125, 31.30099292 ], [ -8.0935722125, 31.29674282 ], [ -8.094267412500001, 31.29199392 ], [ -8.0976063125, 31.29087542 ], [ -8.103871912500001, 31.29608282 ], [ -8.1140857125, 31.30033282 ], [ -8.121467212500001, 31.300112819900001 ], [ -8.128333612500001, 31.293515819900001 ], [ -8.1322819125, 31.28955512 ], [ -8.127132012500001, 31.28376052 ], [ -8.1193214125, 31.27943272 ], [ -8.1220680125, 31.27481122 ], [ -8.1260162126, 31.26776862 ], [ -8.1279903126, 31.26336662 ], [ -8.126702912600001, 31.25683672 ], [ -8.1249862126, 31.25118692 ], [ -8.1242224126, 31.24856362 ], [ -8.1277328126, 31.24392232 ], [ -8.1355520126, 31.24063842 ], [ -8.1384617126, 31.24443602 ], [ -8.141465712600001, 31.24905892 ], [ -8.1463581126, 31.25309472 ], [ -8.1493707126, 31.25802902 ], [ -8.1534904125, 31.26242702 ], [ -8.1599277125, 31.26345412 ], [ -8.169283312499999, 31.26453632 ], [ -8.169017412500001, 31.272830519900001 ], [ -8.1649833125, 31.283467119899999 ], [ -8.160348512500001, 31.296009419899999 ], [ -8.168167712500001, 31.297421219899999 ], [ -8.1674724125, 31.305686419899999 ], [ -8.1659275125, 31.3178591199 ], [ -8.1648975125, 31.324604819899999 ], [ -8.165163612500001, 31.3326183199 ], [ -8.1697040125, 31.335235519800001 ], [ -8.1740814125, 31.3325963198 ], [ -8.181471412500001, 31.328585919799998 ], [ -8.1860119125, 31.323505019900001 ], [ -8.192105812499999, 31.317785819899999 ], [ -8.1951957125, 31.314046119899999 ], [ -8.2042166125, 31.3172212198 ], [ -8.1989723125, 31.327390919799999 ], [ -8.1915994124, 31.335330819799999 ], [ -8.1862694124, 31.346304919800001 ], [ -8.1782871124, 31.351729119800002 ], [ -8.173223112400001, 31.3564934198 ], [ -8.1651550124, 31.3649219198 ], [ -8.160606012400001, 31.3745955198 ], [ -8.155112812400001, 31.385953319799999 ], [ -8.1481605124, 31.397602819799999 ], [ -8.1364876124, 31.404709019799999 ], [ -8.1307369124, 31.406613719799999 ] ] ] ] } },
{ "type": "Feature", "properties": { "com_fr": "Sidi Badhaj" }, "geometry": { "type": "MultiPolygon", "coordinates": [ [ [ [ -8.169283312499999, 31.26453632 ], [ -8.1755489125, 31.2634358199 ], [ -8.183874512499999, 31.262060119899999 ], [ -8.1936592125, 31.259253719899998 ], [ -8.2000965125, 31.257419519900001 ], [ -8.2064479125, 31.251696319899999 ], [ -8.214516012500001, 31.2525218199 ], [ -8.2196659125, 31.252081519899999 ], [ -8.225502412499999, 31.259418819899999 ], [ -8.228935612500001, 31.261473219900001 ], [ -8.233913812500001, 31.262940519899999 ], [ -8.236832012500001, 31.262720419899999 ], [ -8.2391494125, 31.2600792199 ], [ -8.241552712500001, 31.256777519900002 ], [ -8.2436985125, 31.2546313199 ], [ -8.243528312500001, 31.250954219899999 ], [ -8.245738512499999, 31.250262619899999 ], [ -8.2483563125, 31.252599719900001 ], [ -8.2500300125, 31.253869119899999 ], [ -8.251446212499999, 31.251752219899998 ], [ -8.253377412500001, 31.249004219900002 ], [ -8.2562297125, 31.2465048199 ], [ -8.260178012500001, 31.242230219900001 ], [ -8.264383712500001, 31.2379739199 ], [ -8.2718509125, 31.2350384199 ], [ -8.2768291125, 31.2360842199 ], [ -8.2830948125, 31.240267219900002 ], [ -8.2862705125, 31.2430375199 ], [ -8.285326312500001, 31.2479540199 ], [ -8.2850689125, 31.251696319899999 ], [ -8.2864421125, 31.2544112199 ], [ -8.2872146125, 31.2581532198 ], [ -8.2847255125, 31.261399819800001 ], [ -8.2818073125, 31.2638026198 ], [ -8.2818073125, 31.2706988198 ], [ -8.282665612500001, 31.276567619800002 ], [ -8.287128812500001, 31.2817758198 ], [ -8.2953685124, 31.288304019800002 ], [ -8.2888797124, 31.298590519800001 ], [ -8.281635612400001, 31.293658219800001 ], [ -8.275713312500001, 31.2879372198 ], [ -8.2768306125, 31.2858660198 ], [ -8.274254212500001, 31.283242819800002 ], [ -8.2721084125, 31.279941919799999 ], [ -8.270477612500001, 31.276787719800001 ], [ -8.271230212500001, 31.263506319899999 ], [ -8.2604155125, 31.260725719900002 ], [ -8.2480301125, 31.263319319899999 ], [ -8.244966012500001, 31.275765219899998 ], [ -8.2448802125, 31.281131219900001 ], [ -8.2455095125, 31.2861952198 ], [ -8.2449044125, 31.292693719799999 ], [ -8.246442912499999, 31.2983423198 ], [ -8.2475523125, 31.302415119799999 ], [ -8.243921612399999, 31.312839319799998 ], [ -8.241299512399999, 31.322107619800001 ], [ -8.2379607124, 31.331781919800001 ], [ -8.233051212399999, 31.339365919799999 ], [ -8.2300044124, 31.342332419800002 ], [ -8.2241291124, 31.348052619800001 ], [ -8.2195157124, 31.353377719800001 ], [ -8.217262612400001, 31.357885419799999 ], [ -8.221279512400001, 31.359706719799998 ], [ -8.2250603124, 31.3653721198 ], [ -8.2270949124, 31.373496619699999 ], [ -8.222923612400001, 31.3857851197 ], [ -8.2189325124, 31.395734919700001 ], [ -8.2045784124, 31.409776619700001 ], [ -8.195072612400001, 31.414351219699999 ], [ -8.1757950124, 31.417467919700002 ], [ -8.1657056124, 31.4314608197 ], [ -8.1555519124, 31.439575019700001 ], [ -8.1470890124, 31.433203819700001 ], [ -8.1434398124, 31.431077919700002 ], [ -8.1412082124, 31.427928619700001 ], [ -8.1422468124, 31.421798319800001 ], [ -8.140006612400001, 31.418040919799999 ], [ -8.1380411124, 31.414107419800001 ], [ -8.1337410124, 31.411961219799998 ], [ -8.1297069124, 31.4092508198 ], [ -8.1307369124, 31.406613719799999 ], [ -8.1364876124, 31.404709019799999 ], [ -8.1481605124, 31.397602819799999 ], [ -8.155112812400001, 31.385953319799999 ], [ -8.160606012400001, 31.3745955198 ], [ -8.1651550124, 31.3649219198 ], [ -8.173223112400001, 31.3564934198 ], [ -8.1782871124, 31.351729119800002 ], [ -8.1862694124, 31.346304919800001 ], [ -8.1915994124, 31.335330819799999 ], [ -8.1989723125, 31.327390919799999 ], [ -8.2042166125, 31.3172212198 ], [ -8.1951957125, 31.314046119899999 ], [ -8.192105812499999, 31.317785819899999 ], [ -8.1860119125, 31.323505019900001 ], [ -8.181471412500001, 31.328585919799998 ], [ -8.1740814125, 31.3325963198 ], [ -8.1697040125, 31.335235519800001 ], [ -8.165163612500001, 31.3326183199 ], [ -8.1648975125, 31.324604819899999 ], [ -8.1659275125, 31.3178591199 ], [ -8.1674724125, 31.305686419899999 ], [ -8.168167712500001, 31.297421219899999 ], [ -8.160348512500001, 31.296009419899999 ], [ -8.1649833125, 31.283467119899999 ], [ -8.169017412500001, 31.272830519900001 ], [ -8.169283312499999, 31.26453632 ] ] ] ] } },
{ "type": "Feature", "properties": { "com_fr": "Oulad Mtaa" }, "geometry": { "type": "MultiPolygon", "coordinates": [ [ [ [ -8.2270949124, 31.373496619699999 ], [ -8.2250603124, 31.3653721198 ], [ -8.221279512400001, 31.359706719799998 ], [ -8.217262612400001, 31.357885419799999 ], [ -8.2195157124, 31.353377719800001 ], [ -8.2241291124, 31.348052619800001 ], [ -8.2300044124, 31.342332419800002 ], [ -8.233051212399999, 31.339365919799999 ], [ -8.2379607124, 31.331781919800001 ], [ -8.241299512399999, 31.322107619800001 ], [ -8.243921612399999, 31.312839319799998 ], [ -8.2475523125, 31.302415119799999 ], [ -8.246442912499999, 31.2983423198 ], [ -8.2449044125, 31.292693719799999 ], [ -8.2455095125, 31.2861952198 ], [ -8.2448802125, 31.281131219900001 ], [ -8.244966012500001, 31.275765219899998 ], [ -8.2480301125, 31.263319319899999 ], [ -8.2604155125, 31.260725719900002 ], [ -8.271230212500001, 31.263506319899999 ], [ -8.270477612500001, 31.276787719800001 ], [ -8.2721084125, 31.279941919799999 ], [ -8.274254212500001, 31.283242819800002 ], [ -8.2768306125, 31.2858660198 ], [ -8.275713312500001, 31.2879372198 ], [ -8.281635612400001, 31.293658219800001 ], [ -8.2888797124, 31.298590519800001 ], [ -8.292364512400001, 31.3024371198 ], [ -8.2977160124, 31.310474419799998 ], [ -8.300638512400001, 31.316483719800001 ], [ -8.3084406124, 31.320721819700001 ], [ -8.3147663124, 31.322111319699999 ], [ -8.326805412400001, 31.325407119699999 ], [ -8.3225940124, 31.334219619700001 ], [ -8.290365512399999, 31.355897319699999 ], [ -8.2618210124, 31.363278619700001 ], [ -8.254397712399999, 31.371393419699999 ], [ -8.2507499124, 31.375761019700001 ], [ -8.244415612399999, 31.3774464197 ], [ -8.2341159124, 31.378186519700002 ], [ -8.2270949124, 31.373496619699999 ] ] ] ] } },
{ "type": "Feature", "properties": { "com_fr": "Tizguine" }, "geometry": { "type": "MultiPolygon", "coordinates": [ [ [ [ -8.2862705125, 31.2430375199 ], [ -8.2885021125, 31.236212619900002 ], [ -8.2877296125, 31.234010919900001 ], [ -8.2845539125, 31.230121219899999 ], [ -8.287643812500001, 31.219478619899999 ], [ -8.2895321125, 31.210523219900001 ], [ -8.290647912500001, 31.201493519900001 ], [ -8.3029216125, 31.1993644199 ], [ -8.3134788125, 31.200172019899998 ], [ -8.3254093125, 31.202521319900001 ], [ -8.332704912500001, 31.202374519900001 ], [ -8.3442062125, 31.1985569199 ], [ -8.343862912500001, 31.205898319900001 ], [ -8.3439487125, 31.211404119899999 ], [ -8.3445495125, 31.220084119799999 ], [ -8.3448070125, 31.224249519800001 ], [ -8.3479828125, 31.227644119800001 ], [ -8.344635412500001, 31.2345430198 ], [ -8.3412021125, 31.241661519800001 ], [ -8.3453220125, 31.2456792198 ], [ -8.3414596125, 31.249366519799999 ], [ -8.343094712499999, 31.252334619799999 ], [ -8.3456653124, 31.261840019800001 ], [ -8.349952612399999, 31.2723128198 ], [ -8.3507250124, 31.277888019799999 ], [ -8.353046812400001, 31.278713319800001 ], [ -8.353385812400001, 31.2812623198 ], [ -8.3520125124, 31.2842698197 ], [ -8.350639212400001, 31.2866170197 ], [ -8.348068612400001, 31.289257519700001 ], [ -8.3486694124, 31.292484719699999 ], [ -8.351587612399999, 31.298297119699999 ], [ -8.3551067124, 31.3050441197 ], [ -8.3596791124, 31.310822119699999 ], [ -8.3529996124, 31.310118819700001 ], [ -8.334344312400001, 31.315713819700001 ], [ -8.3278898124, 31.323137819700001 ], [ -8.326805412400001, 31.325407119699999 ], [ -8.3147663124, 31.322111319699999 ], [ -8.3084406124, 31.320721819700001 ], [ -8.300638512400001, 31.316483719800001 ], [ -8.2977160124, 31.310474419799998 ], [ -8.292364512400001, 31.3024371198 ], [ -8.2888797124, 31.298590519800001 ], [ -8.2953685124, 31.288304019800002 ], [ -8.287128812500001, 31.2817758198 ], [ -8.282665612500001, 31.276567619800002 ], [ -8.2818073125, 31.2706988198 ], [ -8.2818073125, 31.2638026198 ], [ -8.2847255125, 31.261399819800001 ], [ -8.2872146125, 31.2581532198 ], [ -8.2864421125, 31.2544112199 ], [ -8.2850689125, 31.251696319899999 ], [ -8.285326312500001, 31.2479540199 ], [ -8.2862705125, 31.2430375199 ] ] ] ] } },
{ "type": "Feature", "properties": { "com_fr": "Amizmiz" }, "geometry": { "type": "MultiPolygon", "coordinates": [ [ [ [ -8.214516012500001, 31.2525218199 ], [ -8.2134861125, 31.2492932199 ], [ -8.2169193125, 31.242303619899999 ], [ -8.223699912500001, 31.236671319900001 ], [ -8.2263607125, 31.2321211199 ], [ -8.225159012500001, 31.22382752 ], [ -8.2253307126, 31.21742332 ], [ -8.2218975126, 31.20966062 ], [ -8.212284412600001, 31.19782272 ], [ -8.2193225126, 31.17801602 ], [ -8.2221550126, 31.17926442 ], [ -8.2263607126, 31.18080652 ], [ -8.2322830126, 31.18247702 ], [ -8.239836112600001, 31.18462482 ], [ -8.2484192126, 31.18614852 ], [ -8.2522815126, 31.18526732 ], [ -8.2568306126, 31.18915892 ], [ -8.2647270126, 31.19275672 ], [ -8.2723659126, 31.195913819899999 ], [ -8.2768291125, 31.197088519899999 ], [ -8.2818073125, 31.199236019899999 ], [ -8.290647912500001, 31.201493519900001 ], [ -8.2895321125, 31.210523219900001 ], [ -8.287643812500001, 31.219478619899999 ], [ -8.2845539125, 31.230121219899999 ], [ -8.2877296125, 31.234010919900001 ], [ -8.2885021125, 31.236212619900002 ], [ -8.2862705125, 31.2430375199 ], [ -8.2830948125, 31.240267219900002 ], [ -8.2768291125, 31.2360842199 ], [ -8.2718509125, 31.2350384199 ], [ -8.264383712500001, 31.2379739199 ], [ -8.260178012500001, 31.242230219900001 ], [ -8.2562297125, 31.2465048199 ], [ -8.253377412500001, 31.249004219900002 ], [ -8.251446212499999, 31.251752219899998 ], [ -8.2500300125, 31.253869119899999 ], [ -8.2483563125, 31.252599719900001 ], [ -8.245738512499999, 31.250262619899999 ], [ -8.243528312500001, 31.250954219899999 ], [ -8.2436985125, 31.2546313199 ], [ -8.241552712500001, 31.256777519900002 ], [ -8.2391494125, 31.2600792199 ], [ -8.236832012500001, 31.262720419899999 ], [ -8.233913812500001, 31.262940519899999 ], [ -8.228935612500001, 31.261473219900001 ], [ -8.225502412499999, 31.259418819899999 ], [ -8.2196659125, 31.252081519899999 ], [ -8.214516012500001, 31.2525218199 ] ] ] ] } },
{ "type": "Feature", "properties": { "com_fr": "Dar Jamaa" }, "geometry": { "type": "MultiPolygon", "coordinates": [ [ [ [ -8.449013712499999, 31.179154319799999 ], [ -8.4239382125, 31.2031601198 ], [ -8.416213512400001, 31.227181819799998 ], [ -8.4064288124, 31.247341319699999 ], [ -8.4076304124, 31.285788119700001 ], [ -8.4173336124, 31.307258919700001 ], [ -8.4327788123, 31.3122527196 ], [ -8.439477912299999, 31.3364299196 ], [ -8.4166426123, 31.315578119600001 ], [ -8.3866019124, 31.3249672197 ], [ -8.3751907124, 31.321235119699999 ], [ -8.3664750124, 31.311537719699999 ], [ -8.3596791124, 31.310822119699999 ], [ -8.3551067124, 31.3050441197 ], [ -8.351587612399999, 31.298297119699999 ], [ -8.3486694124, 31.292484719699999 ], [ -8.348068612400001, 31.289257519700001 ], [ -8.350639212400001, 31.2866170197 ], [ -8.3520125124, 31.2842698197 ], [ -8.353385812400001, 31.2812623198 ], [ -8.353046812400001, 31.278713319800001 ], [ -8.3507250124, 31.277888019799999 ], [ -8.349952612399999, 31.2723128198 ], [ -8.3456653124, 31.261840019800001 ], [ -8.343094712499999, 31.252334619799999 ], [ -8.3414596125, 31.249366519799999 ], [ -8.3453220125, 31.2456792198 ], [ -8.3412021125, 31.241661519800001 ], [ -8.344635412500001, 31.2345430198 ], [ -8.3479828125, 31.227644119800001 ], [ -8.3448070125, 31.224249519800001 ], [ -8.3445495125, 31.220084119799999 ], [ -8.3439487125, 31.211404119899999 ], [ -8.343862912500001, 31.205898319900001 ], [ -8.3442062125, 31.1985569199 ], [ -8.3494419125, 31.197969519899999 ], [ -8.3604411125, 31.196545219899999 ], [ -8.3698696125, 31.196523219900001 ], [ -8.373212712500001, 31.2014935198 ], [ -8.381568312500001, 31.2015045198 ], [ -8.399974712500001, 31.2006639198 ], [ -8.406025812499999, 31.197569419800001 ], [ -8.4173468125, 31.180479719800001 ], [ -8.4248317125, 31.1684921198 ], [ -8.4316203125, 31.1714854198 ], [ -8.4418578125, 31.175999319799999 ], [ -8.449013712499999, 31.179154319799999 ] ] ] ] } },
{ "type": "Feature", "properties": { "com_fr": "Azgour" }, "geometry": { "type": "MultiPolygon", "coordinates": [ [ [ [ -8.3279737127, 31.043081020100001 ], [ -8.3370823127, 31.046184720100001 ], [ -8.3530382127, 31.046015520099999 ], [ -8.3621963127, 31.046736220100001 ], [ -8.3700927127, 31.048273120099999 ], [ -8.376770412600001, 31.0492658201 ], [ -8.381019012599999, 31.05062612 ], [ -8.3856195126, 31.05082472 ], [ -8.382787112600001, 31.05723642 ], [ -8.3836282126, 31.06361102 ], [ -8.3920997126, 31.05930992 ], [ -8.4009317126, 31.04851572 ], [ -8.413634612599999, 31.04689802 ], [ -8.4227842126, 31.04603022 ], [ -8.4242816126, 31.06841932 ], [ -8.415493912600001, 31.08299582 ], [ -8.4110636126, 31.09034362 ], [ -8.421307412599999, 31.113437719899999 ], [ -8.424250212500001, 31.120071019899999 ], [ -8.4286589125, 31.1300077199 ], [ -8.4266690125, 31.137835619899999 ], [ -8.4236801125, 31.149592019899998 ], [ -8.4194750125, 31.166130119799998 ], [ -8.4248317125, 31.1684921198 ], [ -8.4173468125, 31.180479719800001 ], [ -8.406025812499999, 31.197569419800001 ], [ -8.399974712500001, 31.2006639198 ], [ -8.381568312500001, 31.2015045198 ], [ -8.373212712500001, 31.2014935198 ], [ -8.3698696125, 31.196523219900001 ], [ -8.3604411125, 31.196545219899999 ], [ -8.3494419125, 31.197969519899999 ], [ -8.3442062125, 31.1985569199 ], [ -8.332704912500001, 31.202374519900001 ], [ -8.3254093125, 31.202521319900001 ], [ -8.3134788125, 31.200172019899998 ], [ -8.3029216125, 31.1993644199 ], [ -8.290647912500001, 31.201493519900001 ], [ -8.2818073125, 31.199236019899999 ], [ -8.2768291125, 31.197088519899999 ], [ -8.2778591125, 31.194298519899998 ], [ -8.2790607126, 31.18798412 ], [ -8.280434012600001, 31.18161422 ], [ -8.2822364126, 31.17654742 ], [ -8.2822601126, 31.17638622 ], [ -8.2832664126, 31.16955242 ], [ -8.2840389126, 31.16441152 ], [ -8.284639712600001, 31.15655272 ], [ -8.2887596126, 31.13776592 ], [ -8.292622012600001, 31.12746192 ], [ -8.2951110126, 31.12312692 ], [ -8.3041233126, 31.12114302 ], [ -8.313790712599999, 31.12006152 ], [ -8.3192295126, 31.11945302 ], [ -8.3224052126, 31.11704662 ], [ -8.3238643126, 31.11320712 ], [ -8.3238643126, 31.10615242 ], [ -8.322834412600001, 31.09999752 ], [ -8.319830312600001, 31.09270292 ], [ -8.316568712600001, 31.087851820099999 ], [ -8.314423012600001, 31.080648220099999 ], [ -8.314423012700001, 31.075134920099998 ], [ -8.3159079127, 31.069853020099998 ], [ -8.3159679127, 31.069639620099998 ], [ -8.316682912699999, 31.068761320099998 ], [ -8.317598712700001, 31.0676363201 ], [ -8.3171695127, 31.065136620099999 ], [ -8.317143912700001, 31.064546220099999 ], [ -8.3169979127, 31.061184720100002 ], [ -8.3184570127, 31.0559644201 ], [ -8.3206886127, 31.0499349201 ], [ -8.3254093127, 31.045430920099999 ], [ -8.3279737127, 31.043081020100001 ] ] ] ] } },
{ "type": "Feature", "properties": { "com_fr": "Amghras" }, "geometry": { "type": "MultiPolygon", "coordinates": [ [ [ [ -8.2193225126, 31.17801602 ], [ -8.212284412600001, 31.19782272 ], [ -8.2218975126, 31.20966062 ], [ -8.2253307126, 31.21742332 ], [ -8.225159012500001, 31.22382752 ], [ -8.2263607125, 31.2321211199 ], [ -8.223699912500001, 31.236671319900001 ], [ -8.2169193125, 31.242303619899999 ], [ -8.2134861125, 31.2492932199 ], [ -8.214516012500001, 31.2525218199 ], [ -8.2064479125, 31.251696319899999 ], [ -8.2000965125, 31.257419519900001 ], [ -8.1936592125, 31.259253719899998 ], [ -8.183874512499999, 31.262060119899999 ], [ -8.1755489125, 31.2634358199 ], [ -8.169283312499999, 31.26453632 ], [ -8.1599277125, 31.26345412 ], [ -8.1534904125, 31.26242702 ], [ -8.1493707126, 31.25802902 ], [ -8.1463581126, 31.25309472 ], [ -8.141465712600001, 31.24905892 ], [ -8.1384617126, 31.24443602 ], [ -8.1355520126, 31.24063842 ], [ -8.137603412600001, 31.23570312 ], [ -8.139491612600001, 31.23320792 ], [ -8.1410695126, 31.23036052 ], [ -8.1414743126, 31.22963002 ], [ -8.1401783126, 31.22418042 ], [ -8.1367536126, 31.22111602 ], [ -8.130307712600001, 31.2205838201 ], [ -8.126282312600001, 31.2222170201 ], [ -8.121724712600001, 31.225207920100001 ], [ -8.1210380126, 31.218014820099999 ], [ -8.1205230126, 31.2106742201 ], [ -8.1187292126, 31.204379320099999 ], [ -8.1213446126, 31.201543020100001 ], [ -8.123535712600001, 31.1991668201 ], [ -8.1303163126, 31.1938806201 ], [ -8.1365820126, 31.188667620099999 ], [ -8.1492672126, 31.183389620100002 ], [ -8.1496206126, 31.183242520099999 ], [ -8.159173512600001, 31.181403120100001 ], [ -8.1703959126, 31.179765520099998 ], [ -8.178120612600001, 31.179031220100001 ], [ -8.1847296126, 31.1743314201 ], [ -8.1934017126, 31.170158320100001 ], [ -8.2007831126, 31.1663210201 ], [ -8.2012926126, 31.1663523201 ], [ -8.2082504126, 31.166780020099999 ], [ -8.2149452126, 31.17206772 ], [ -8.217262612600001, 31.17551932 ], [ -8.2193225126, 31.17801602 ] ] ] ] } },
{ "type": "Feature", "properties": { "com_fr": "Ait Sidi Daoud" }, "geometry": { "type": "MultiPolygon", "coordinates": [ [ [ [ -7.6392382124, 31.661808219899999 ], [ -7.6280784124, 31.6503154199 ], [ -7.6174108124, 31.639328019899999 ], [ -7.6108796124, 31.62783672 ], [ -7.6068491125, 31.61911692 ], [ -7.6047394125, 31.61957102 ], [ -7.6037420125, 31.61684012 ], [ -7.6024288125, 31.61484842 ], [ -7.6032871125, 31.61192462 ], [ -7.6049436125, 31.60894602 ], [ -7.6079477125, 31.60719162 ], [ -7.6112951125, 31.60704542 ], [ -7.6165050125, 31.60607692 ], [ -7.6149858125, 31.60375592 ], [ -7.6195091125, 31.60125222 ], [ -7.6265730125, 31.59754212 ], [ -7.6292337125, 31.59461782 ], [ -7.6282638125, 31.59094402 ], [ -7.6260580125, 31.58825712 ], [ -7.6226248125, 31.58599062 ], [ -7.6181358125, 31.58326702 ], [ -7.6129001125, 31.58143912 ], [ -7.6115526125, 31.57656192 ], [ -7.6057762125, 31.57485812 ], [ -7.6021971125, 31.573490720100001 ], [ -7.6021112125, 31.5671286201 ], [ -7.6069778125, 31.565644020099999 ], [ -7.6105827125, 31.563815720099999 ], [ -7.6131834125, 31.560985520100001 ], [ -7.6189340125, 31.556524120100001 ], [ -7.6227707125, 31.553576620099999 ], [ -7.6298345125, 31.550965420099999 ], [ -7.6347269125, 31.549722020099999 ], [ -7.6409067125, 31.55008772 ], [ -7.6453270125, 31.55067292 ], [ -7.6462454125, 31.55324752 ], [ -7.6473011125, 31.55626812 ], [ -7.6470436125, 31.55959592 ], [ -7.6472152125, 31.56241162 ], [ -7.6473182125, 31.56374262 ], [ -7.6482401125, 31.56536832 ], [ -7.6479676125, 31.57085582 ], [ -7.6513579125, 31.57271962 ], [ -7.6564850125, 31.57356382 ], [ -7.6616348125, 31.57506292 ], [ -7.6661409125, 31.57637912 ], [ -7.6712886125, 31.57802432 ], [ -7.6777667125, 31.57934422 ], [ -7.6817149125, 31.57933322 ], [ -7.6840774125, 31.58687162 ], [ -7.6844636124, 31.5942541199 ], [ -7.6975292124, 31.593429819899999 ], [ -7.7000397124, 31.599735319899999 ], [ -7.7067345124, 31.5974690199 ], [ -7.7091378124, 31.5943985199 ], [ -7.7178925124, 31.6009049199 ], [ -7.7310761124, 31.6075315199 ], [ -7.7418232124, 31.614332319900001 ], [ -7.7397015124, 31.641978519799999 ], [ -7.7360500123, 31.670340019800001 ], [ -7.7198951123, 31.667521919799999 ], [ -7.7073300124, 31.665330019799999 ], [ -7.6916775124, 31.6621741198 ], [ -7.6802500124, 31.659870019900001 ], [ -7.6673894124, 31.660538619899999 ], [ -7.6525500124, 31.6613100199 ], [ -7.6392382124, 31.661808219899999 ] ] ] ] } },
{ "type": "Feature", "properties": { "com_fr": "Ait Ourir" }, "geometry": { "type": "MultiPolygon", "coordinates": [ [ [ [ -7.6453270125, 31.55067292 ], [ -7.6442112125, 31.54899062 ], [ -7.6441683125, 31.5477837201 ], [ -7.6468290125, 31.54749112 ], [ -7.6515068125, 31.54621102 ], [ -7.6545967125, 31.54566242 ], [ -7.6570429125, 31.54354122 ], [ -7.6614202125, 31.54500412 ], [ -7.6653255125, 31.54708882 ], [ -7.6727906125, 31.54694252 ], [ -7.6786271125, 31.54888082 ], [ -7.6846353125, 31.54986832 ], [ -7.6909009125, 31.54917342 ], [ -7.6966945125, 31.54807632 ], [ -7.7003852125, 31.54895402 ], [ -7.7017585125, 31.55078262 ], [ -7.7009860125, 31.55286712 ], [ -7.6995269125, 31.55564652 ], [ -7.6967803125, 31.55882802 ], [ -7.6953641125, 31.56182652 ], [ -7.6930896125, 31.56731142 ], [ -7.6924888125, 31.57049252 ], [ -7.6934758125, 31.57261322 ], [ -7.6932613125, 31.57520912 ], [ -7.6906005125, 31.57729312 ], [ -7.6867810125, 31.57842652 ], [ -7.6817149125, 31.57933322 ], [ -7.6777667125, 31.57934422 ], [ -7.6712886125, 31.57802432 ], [ -7.6661409125, 31.57637912 ], [ -7.6616348125, 31.57506292 ], [ -7.6564850125, 31.57356382 ], [ -7.6513579125, 31.57271962 ], [ -7.6479676125, 31.57085582 ], [ -7.6482401125, 31.56536832 ], [ -7.6473182125, 31.56374262 ], [ -7.6472152125, 31.56241162 ], [ -7.6470436125, 31.55959592 ], [ -7.6473011125, 31.55626812 ], [ -7.6462454125, 31.55324752 ], [ -7.6453270125, 31.55067292 ] ] ] ] } },
{ "type": "Feature", "properties": { "com_fr": "Ait Faska" }, "geometry": { "type": "MultiPolygon", "coordinates": [ [ [ [ -7.5973047125, 31.547893420099999 ], [ -7.5972189125, 31.545552720100002 ], [ -7.6028837125, 31.541822120100001 ], [ -7.6110977125, 31.538508420100001 ], [ -7.6118959125, 31.534214220100001 ], [ -7.6099819125, 31.531924420100001 ], [ -7.6065744126, 31.529532120100001 ], [ -7.6068319126, 31.527337320099999 ], [ -7.6105226126, 31.525654620099999 ], [ -7.6189941126, 31.522925620100001 ], [ -7.6288646126, 31.5202916201 ], [ -7.6358427125, 31.517899120100001 ], [ -7.6403660125, 31.5171454201 ], [ -7.6435674125, 31.516143020099999 ], [ -7.6424516125, 31.514825920100002 ], [ -7.6443399126, 31.5128503201 ], [ -7.6506914126, 31.505166820100001 ], [ -7.6588196125, 31.506608420100001 ], [ -7.6720589125, 31.5116063201 ], [ -7.6796979125, 31.515996620100001 ], [ -7.6860279125, 31.5176576201 ], [ -7.6882809125, 31.515996620100001 ], [ -7.6957482125, 31.501215120099999 ], [ -7.7021641125, 31.4903616201 ], [ -7.7104253125, 31.482332320099999 ], [ -7.7184719126, 31.475356420099999 ], [ -7.7237076126, 31.470598220100001 ], [ -7.7292007126, 31.467889520100002 ], [ -7.7313465126, 31.469500120100001 ], [ -7.7296299125, 31.4718427201 ], [ -7.7318829125, 31.477647620100001 ], [ -7.7340072125, 31.480992820099999 ], [ -7.7334279125, 31.484089020100001 ], [ -7.7344578125, 31.48833422 ], [ -7.7385777125, 31.48526012 ], [ -7.7421826125, 31.482551920100001 ], [ -7.7523965125, 31.47859922 ], [ -7.7534908125, 31.48121242 ], [ -7.7538341125, 31.48355472 ], [ -7.7533191125, 31.48677522 ], [ -7.7543706125, 31.49045682 ], [ -7.7543491125, 31.49643622 ], [ -7.7537483125, 31.50119322 ], [ -7.7536625125, 31.50565712 ], [ -7.7532333125, 31.50887692 ], [ -7.7528256125, 31.51233812 ], [ -7.7519459125, 31.51758442 ], [ -7.7507442125, 31.52102332 ], [ -7.7490491125, 31.52455722 ], [ -7.7491993125, 31.52782752 ], [ -7.7505940125, 31.53443372 ], [ -7.7506799125, 31.53735992 ], [ -7.7525467125, 31.54026402 ], [ -7.7557439125, 31.543943519900001 ], [ -7.7576321125, 31.547381419899999 ], [ -7.7590698125, 31.5505046199 ], [ -7.7604431124, 31.553649719900001 ], [ -7.7611512124, 31.555500219900001 ], [ -7.7663010124, 31.557840619899999 ], [ -7.7720517124, 31.562082519899999 ], [ -7.7747768124, 31.565205319899999 ], [ -7.7802632124, 31.569669019900001 ], [ -7.7845376124, 31.572012719899998 ], [ -7.7879279124, 31.5737165199 ], [ -7.7911938124, 31.575188119900002 ], [ -7.7951012124, 31.576844419899999 ], [ -7.7979622124, 31.578439919899999 ], [ -7.7939285124, 31.581646619899999 ], [ -7.7884912124, 31.578097519899998 ], [ -7.7701011124, 31.574210919900001 ], [ -7.7447229124, 31.5688472199 ], [ -7.7444133124, 31.5805714199 ], [ -7.7418232124, 31.614332319900001 ], [ -7.7310761124, 31.6075315199 ], [ -7.7178925124, 31.6009049199 ], [ -7.7091378124, 31.5943985199 ], [ -7.7067345124, 31.5974690199 ], [ -7.7000397124, 31.599735319899999 ], [ -7.6975292124, 31.593429819899999 ], [ -7.6844636124, 31.5942541199 ], [ -7.6840774125, 31.58687162 ], [ -7.6817149125, 31.57933322 ], [ -7.6867810125, 31.57842652 ], [ -7.6906005125, 31.57729312 ], [ -7.6932613125, 31.57520912 ], [ -7.6934758125, 31.57261322 ], [ -7.6924888125, 31.57049252 ], [ -7.6930896125, 31.56731142 ], [ -7.6953641125, 31.56182652 ], [ -7.6967803125, 31.55882802 ], [ -7.6995269125, 31.55564652 ], [ -7.7009860125, 31.55286712 ], [ -7.7017585125, 31.55078262 ], [ -7.7003852125, 31.54895402 ], [ -7.6966945125, 31.54807632 ], [ -7.6909009125, 31.54917342 ], [ -7.6846353125, 31.54986832 ], [ -7.6786271125, 31.54888082 ], [ -7.6727906125, 31.54694252 ], [ -7.6653255125, 31.54708882 ], [ -7.6614202125, 31.54500412 ], [ -7.6570429125, 31.54354122 ], [ -7.6545967125, 31.54566242 ], [ -7.6515068125, 31.54621102 ], [ -7.6468290125, 31.54749112 ], [ -7.6441683125, 31.5477837201 ], [ -7.6442112125, 31.54899062 ], [ -7.6453270125, 31.55067292 ], [ -7.6409067125, 31.55008772 ], [ -7.6347269125, 31.549722020099999 ], [ -7.6298345125, 31.550965420099999 ], [ -7.6227707125, 31.553576620099999 ], [ -7.6189340125, 31.556524120100001 ], [ -7.6131834125, 31.560985520100001 ], [ -7.6105827125, 31.563815720099999 ], [ -7.6069778125, 31.565644020099999 ], [ -7.6021112125, 31.5671286201 ], [ -7.6018537125, 31.563033220099999 ], [ -7.6019396125, 31.5557196201 ], [ -7.6010813125, 31.5522089201 ], [ -7.6001371125, 31.547161920099999 ], [ -7.5973047125, 31.547893420099999 ] ] ] ] } },
{ "type": "Feature", "properties": { "com_fr": "Tamazouzte" }, "geometry": { "type": "MultiPolygon", "coordinates": [ [ [ [ -7.7523965125, 31.47859922 ], [ -7.7562588125, 31.47669602 ], [ -7.7609795125, 31.47515882 ], [ -7.7644128125, 31.47398752 ], [ -7.7669877125, 31.47325552 ], [ -7.7672237125, 31.47089102 ], [ -7.7672452125, 31.4654956201 ], [ -7.7673310125, 31.461080920099999 ], [ -7.7664365126, 31.451765120099999 ], [ -7.7664856126, 31.4434751201 ], [ -7.7713650126, 31.442212020100001 ], [ -7.7766651126, 31.4411649201 ], [ -7.7799267126, 31.4394074201 ], [ -7.7813858126, 31.435672520099999 ], [ -7.7844971126, 31.4337172201 ], [ -7.7862996126, 31.433497520100001 ], [ -7.7879304126, 31.435401620099999 ], [ -7.7900761126, 31.437745020099999 ], [ -7.7953976125, 31.4408207201 ], [ -7.7989167125, 31.4425782201 ], [ -7.8038949125, 31.44309082 ], [ -7.8094739125, 31.44265142 ], [ -7.8141946125, 31.44294432 ], [ -7.8194302125, 31.44213882 ], [ -7.8229493125, 31.44111362 ], [ -7.8229493125, 31.44433562 ], [ -7.8245801125, 31.44660562 ], [ -7.8262967125, 31.44953452 ], [ -7.8266400125, 31.45385452 ], [ -7.8256100125, 31.45810112 ], [ -7.8219837125, 31.46181312 ], [ -7.8213185125, 31.46717942 ], [ -7.8206962125, 31.47023212 ], [ -7.8219193125, 31.47215742 ], [ -7.8181428125, 31.47193782 ], [ -7.8127354125, 31.47032732 ], [ -7.8093880125, 31.46754542 ], [ -7.8099889125, 31.47083982 ], [ -7.8088731125, 31.47428032 ], [ -7.8085297125, 31.47918482 ], [ -7.8102463125, 31.48130762 ], [ -7.8104824125, 31.48450622 ], [ -7.8151387125, 31.48730952 ], [ -7.8181213125, 31.49123992 ], [ -7.8239793125, 31.49704372 ], [ -7.8277344125, 31.5006077199 ], [ -7.8311032125, 31.503996019900001 ], [ -7.8317899125, 31.506630419899999 ], [ -7.8296226125, 31.506096219900002 ], [ -7.8278416125, 31.504947319900001 ], [ -7.8249234125, 31.506776819900001 ], [ -7.8221554125, 31.508803719900001 ], [ -7.8191727125, 31.512411219899999 ], [ -7.8178638125, 31.515169819899999 ], [ -7.8146237125, 31.517386919900002 ], [ -7.8114480125, 31.518118619900001 ], [ -7.8059334125, 31.5194136199 ], [ -7.8012127125, 31.5205111199 ], [ -7.7969426125, 31.520386819900001 ], [ -7.7934235125, 31.521337919899999 ], [ -7.7880162125, 31.5217037199 ], [ -7.7839822125, 31.52170372 ], [ -7.7843255125, 31.525215619899999 ], [ -7.7844971125, 31.530995319900001 ], [ -7.7845830125, 31.535531019899999 ], [ -7.7830166125, 31.535948019900001 ], [ -7.7785748125, 31.534141119899999 ], [ -7.7753133125, 31.535750519899999 ], [ -7.7717942125, 31.538676619899999 ], [ -7.7681035125, 31.5384572199 ], [ -7.7645630125, 31.539459419899998 ], [ -7.7628678125, 31.542114719899999 ], [ -7.7626961125, 31.544455519900001 ], [ -7.7631897125, 31.5472131199 ], [ -7.7620953124, 31.5513312199 ], [ -7.7611512124, 31.555500219900001 ], [ -7.7604431124, 31.553649719900001 ], [ -7.7590698125, 31.5505046199 ], [ -7.7576321125, 31.547381419899999 ], [ -7.7557439125, 31.543943519900001 ], [ -7.7525467125, 31.54026402 ], [ -7.7506799125, 31.53735992 ], [ -7.7505940125, 31.53443372 ], [ -7.7491993125, 31.52782752 ], [ -7.7490491125, 31.52455722 ], [ -7.7507442125, 31.52102332 ], [ -7.7519459125, 31.51758442 ], [ -7.7528256125, 31.51233812 ], [ -7.7532333125, 31.50887692 ], [ -7.7536625125, 31.50565712 ], [ -7.7537483125, 31.50119322 ], [ -7.7543491125, 31.49643622 ], [ -7.7543706125, 31.49045682 ], [ -7.7533191125, 31.48677522 ], [ -7.7538341125, 31.48355472 ], [ -7.7534908125, 31.48121242 ], [ -7.7523965125, 31.47859922 ] ] ] ] } },
{ "type": "Feature", "properties": { "com_fr": "Sidi Abdallah Ghiat" }, "geometry": { "type": "MultiPolygon", "coordinates": [ [ [ [ -7.7611512124, 31.555500219900001 ], [ -7.7620953124, 31.5513312199 ], [ -7.7631897125, 31.5472131199 ], [ -7.7626961125, 31.544455519900001 ], [ -7.7628678125, 31.542114719899999 ], [ -7.7645630125, 31.539459419899998 ], [ -7.7681035125, 31.5384572199 ], [ -7.7717942125, 31.538676619899999 ], [ -7.7753133125, 31.535750519899999 ], [ -7.7785748125, 31.534141119899999 ], [ -7.7830166125, 31.535948019900001 ], [ -7.7845830125, 31.535531019899999 ], [ -7.7844971125, 31.530995319900001 ], [ -7.7843255125, 31.525215619899999 ], [ -7.7839822125, 31.52170372 ], [ -7.7880162125, 31.5217037199 ], [ -7.7934235125, 31.521337919899999 ], [ -7.7969426125, 31.520386819900001 ], [ -7.8012127125, 31.5205111199 ], [ -7.8059334125, 31.5194136199 ], [ -7.8114480125, 31.518118619900001 ], [ -7.8146237125, 31.517386919900002 ], [ -7.8178638125, 31.515169819899999 ], [ -7.8191727125, 31.512411219899999 ], [ -7.8221554125, 31.508803719900001 ], [ -7.8249234125, 31.506776819900001 ], [ -7.8278416125, 31.504947319900001 ], [ -7.8296226125, 31.506096219900002 ], [ -7.8317899125, 31.506630419899999 ], [ -7.8311032125, 31.503996019900001 ], [ -7.8277344125, 31.5006077199 ], [ -7.8239793125, 31.49704372 ], [ -7.8181213125, 31.49123992 ], [ -7.8151387125, 31.48730952 ], [ -7.8104824125, 31.48450622 ], [ -7.8102463125, 31.48130762 ], [ -7.8085297125, 31.47918482 ], [ -7.8088731125, 31.47428032 ], [ -7.8099889125, 31.47083982 ], [ -7.8093880125, 31.46754542 ], [ -7.8127354125, 31.47032732 ], [ -7.8181428125, 31.47193782 ], [ -7.8219193125, 31.47215742 ], [ -7.8206962125, 31.47023212 ], [ -7.8213185125, 31.46717942 ], [ -7.8219837125, 31.46181312 ], [ -7.8256100125, 31.45810112 ], [ -7.8266400125, 31.45385452 ], [ -7.8262967125, 31.44953452 ], [ -7.8245801125, 31.44660562 ], [ -7.8229493125, 31.44433562 ], [ -7.8229493125, 31.44111362 ], [ -7.8267902125, 31.44057902 ], [ -7.8286999125, 31.43913642 ], [ -7.8320473125, 31.43591422 ], [ -7.8371114125, 31.43569452 ], [ -7.8392357125, 31.43508672 ], [ -7.8409523125, 31.43245022 ], [ -7.8443855125, 31.43091232 ], [ -7.8456086125, 31.43247222 ], [ -7.8486127125, 31.43591422 ], [ -7.8575391125, 31.44623952 ], [ -7.8643197125, 31.45524572 ], [ -7.8722805125, 31.466425419899998 ], [ -7.8761643125, 31.472084219900001 ], [ -7.8802500125, 31.474526919900001 ], [ -7.8871990125, 31.4776682199 ], [ -7.8957055125, 31.481348719900001 ], [ -7.8961297125, 31.4815322199 ], [ -7.8968080125, 31.4818289199 ], [ -7.8970960124, 31.481954919900001 ], [ -7.8973445124, 31.4820636199 ], [ -7.8992580124, 31.482900719900002 ], [ -7.9043168124, 31.485113719899999 ], [ -7.9135844124, 31.4902111199 ], [ -7.9129385124, 31.491979119900002 ], [ -7.9150094124, 31.505164719900002 ], [ -7.9119624124, 31.516621919799999 ], [ -7.9236783124, 31.536975519799999 ], [ -7.9205948124, 31.546867219799999 ], [ -7.9205090124, 31.554249219799999 ], [ -7.9120890124, 31.561038119799999 ], [ -7.9032506124, 31.572369719800001 ], [ -7.9002894124, 31.572282019799999 ], [ -7.8993453124, 31.571331319799999 ], [ -7.8993861124, 31.569578119799999 ], [ -7.8991286124, 31.5676036198 ], [ -7.9005898124, 31.563469919799999 ], [ -7.9027764124, 31.557620919800002 ], [ -7.9025505124, 31.554756919799999 ], [ -7.8998232124, 31.549708319800001 ], [ -7.8987632124, 31.5468831198 ], [ -7.8941348124, 31.5462595198 ], [ -7.8890579124, 31.5441986198 ], [ -7.8864250124, 31.546305319799998 ], [ -7.8847385124, 31.5540164198 ], [ -7.8865002124, 31.560033819800001 ], [ -7.8895386124, 31.565732819800001 ], [ -7.8944079124, 31.573526919799999 ], [ -7.8985277123, 31.581533819800001 ], [ -7.9042376123, 31.5875330197 ], [ -7.8995183123, 31.5909607197 ], [ -7.8972867123, 31.588182419700001 ], [ -7.8889954123, 31.5858501198 ], [ -7.8823006124, 31.5835104198 ], [ -7.8658211124, 31.577222119799998 ], [ -7.8560879124, 31.5760448198 ], [ -7.8419602124, 31.5735659198 ], [ -7.8316605124, 31.575759619799999 ], [ -7.8234457124, 31.5767173198 ], [ -7.8193108124, 31.569236619800002 ], [ -7.8036746124, 31.570126019899998 ], [ -7.7947986124, 31.571084919899999 ], [ -7.7979622124, 31.578439919899999 ], [ -7.7951012124, 31.576844419899999 ], [ -7.7911938124, 31.575188119900002 ], [ -7.7879279124, 31.5737165199 ], [ -7.7845376124, 31.572012719899998 ], [ -7.7802632124, 31.569669019900001 ], [ -7.7747768124, 31.565205319899999 ], [ -7.7720517124, 31.562082519899999 ], [ -7.7663010124, 31.557840619899999 ], [ -7.7611512124, 31.555500219900001 ] ] ] ] } },
{ "type": "Feature", "properties": { "com_fr": "Ghmate" }, "geometry": { "type": "MultiPolygon", "coordinates": [ [ [ [ -7.8229493125, 31.44111362 ], [ -7.8194302125, 31.44213882 ], [ -7.8141946125, 31.44294432 ], [ -7.8094739125, 31.44265142 ], [ -7.8038949125, 31.44309082 ], [ -7.7989167125, 31.4425782201 ], [ -7.7953976125, 31.4408207201 ], [ -7.7900761126, 31.437745020099999 ], [ -7.7879304126, 31.435401620099999 ], [ -7.7862996126, 31.433497520100001 ], [ -7.7844971126, 31.4337172201 ], [ -7.7813858126, 31.435672520099999 ], [ -7.7799267126, 31.4394074201 ], [ -7.7766651126, 31.4411649201 ], [ -7.7713650126, 31.442212020100001 ], [ -7.7664856126, 31.4434751201 ], [ -7.7664365126, 31.451765120099999 ], [ -7.7673310125, 31.461080920099999 ], [ -7.7672452125, 31.4654956201 ], [ -7.7672237125, 31.47089102 ], [ -7.7669877125, 31.47325552 ], [ -7.7644128125, 31.47398752 ], [ -7.7626961125, 31.47252352 ], [ -7.7597779125, 31.4695952201 ], [ -7.7558941125, 31.4673771201 ], [ -7.7529758125, 31.465620120099999 ], [ -7.7474183125, 31.4632261201 ], [ -7.7436417126, 31.458686820099999 ], [ -7.7398787126, 31.4559864201 ], [ -7.7382344126, 31.454806420099999 ], [ -7.7285141126, 31.4471694201 ], [ -7.7207249126, 31.4422852201 ], [ -7.7141160126, 31.4363536201 ], [ -7.7080005126, 31.430692620199999 ], [ -7.7065629126, 31.425075120199999 ], [ -7.7032565126, 31.4193497202 ], [ -7.6984733126, 31.4097445202 ], [ -7.6934308126, 31.401195420200001 ], [ -7.7003831126, 31.395993820200001 ], [ -7.6993531126, 31.393429620199999 ], [ -7.6930875127, 31.391744420199998 ], [ -7.6905125127, 31.388667220199999 ], [ -7.6881737127, 31.383955820200001 ], [ -7.6880234127, 31.380020920300002 ], [ -7.6918858127, 31.379141620199999 ], [ -7.6938599127, 31.381046820200002 ], [ -7.6990956127, 31.381926120199999 ], [ -7.7014989127, 31.379068320199998 ], [ -7.7070779127, 31.376283820200001 ], [ -7.7122277127, 31.3700548202 ], [ -7.7157468127, 31.364631620200001 ], [ -7.7215906127, 31.367582220199999 ], [ -7.7257105127, 31.3713198202 ], [ -7.7392674126, 31.3763542202 ], [ -7.7459507126, 31.375922720199998 ], [ -7.7491422126, 31.3757167202 ], [ -7.7543779126, 31.375203720199998 ], [ -7.7590986126, 31.378428020200001 ], [ -7.7615834126, 31.381410320200001 ], [ -7.7629567126, 31.384927520200002 ], [ -7.7639051126, 31.3867080202 ], [ -7.7719689126, 31.384927520200002 ], [ -7.7726599126, 31.3878070202 ], [ -7.7756596126, 31.397236520100002 ], [ -7.7749730126, 31.4023647201 ], [ -7.7765222126, 31.4059031201 ], [ -7.7830411126, 31.404562520100001 ], [ -7.7822686126, 31.401192620100002 ], [ -7.7800413126, 31.391983420100001 ], [ -7.7834702126, 31.388151420100002 ], [ -7.7881094126, 31.384656420100001 ], [ -7.7924009126, 31.3911774201 ], [ -7.7947140126, 31.393866320099999 ], [ -7.7998639126, 31.395478120100002 ], [ -7.8049322126, 31.402826320100001 ], [ -7.8098245126, 31.4075147201 ], [ -7.8162618126, 31.408979820100001 ], [ -7.8234716126, 31.4096391201 ], [ -7.8295613126, 31.4086648201 ], [ -7.8361703126, 31.407199720099999 ], [ -7.8343678126, 31.400460020099999 ], [ -7.8393460126, 31.3992878201 ], [ -7.8456159126, 31.397698020100002 ], [ -7.8481050126, 31.402166920100001 ], [ -7.8502508126, 31.4032658201 ], [ -7.8547998126, 31.402020420100001 ], [ -7.8583189126, 31.4008483201 ], [ -7.8646703126, 31.398650420100001 ], [ -7.8672453126, 31.40077502 ], [ -7.8699060126, 31.39967612 ], [ -7.8728243125, 31.40077502 ], [ -7.8757425125, 31.40121462 ], [ -7.8784033125, 31.40355892 ], [ -7.8829523125, 31.40590312 ], [ -7.8860422125, 31.40648912 ], [ -7.8935095125, 31.40985882 ], [ -7.9011484125, 31.41344822 ], [ -7.9040666125, 31.41674442 ], [ -7.9054356125, 31.42338772 ], [ -7.9040666125, 31.42809712 ], [ -7.9020024125, 31.43561842 ], [ -7.8987408125, 31.44477212 ], [ -7.8937382125, 31.4516360199 ], [ -7.8919572125, 31.455538519899999 ], [ -7.8888673125, 31.461322619899999 ], [ -7.8834385125, 31.469426919899998 ], [ -7.8802500125, 31.474526919900001 ], [ -7.8761643125, 31.472084219900001 ], [ -7.8722805125, 31.466425419899998 ], [ -7.8643197125, 31.45524572 ], [ -7.8575391125, 31.44623952 ], [ -7.8486127125, 31.43591422 ], [ -7.8456086125, 31.43247222 ], [ -7.8443855125, 31.43091232 ], [ -7.8409523125, 31.43245022 ], [ -7.8392357125, 31.43508672 ], [ -7.8371114125, 31.43569452 ], [ -7.8320473125, 31.43591422 ], [ -7.8286999125, 31.43913642 ], [ -7.8267902125, 31.44057902 ], [ -7.8229493125, 31.44111362 ] ] ] ] } },
{ "type": "Feature", "properties": { "com_fr": "Ourika" }, "geometry": { "type": "MultiPolygon", "coordinates": [ [ [ [ -7.8646703126, 31.398650420100001 ], [ -7.8583189126, 31.4008483201 ], [ -7.8547998126, 31.402020420100001 ], [ -7.8502508126, 31.4032658201 ], [ -7.8481050126, 31.402166920100001 ], [ -7.8456159126, 31.397698020100002 ], [ -7.8393460126, 31.3992878201 ], [ -7.8343678126, 31.400460020099999 ], [ -7.8361703126, 31.407199720099999 ], [ -7.8295613126, 31.4086648201 ], [ -7.8234716126, 31.4096391201 ], [ -7.8162618126, 31.408979820100001 ], [ -7.8098245126, 31.4075147201 ], [ -7.8049322126, 31.402826320100001 ], [ -7.7998639126, 31.395478120100002 ], [ -7.7947140126, 31.393866320099999 ], [ -7.7924009126, 31.3911774201 ], [ -7.7881094126, 31.384656420100001 ], [ -7.7834702126, 31.388151420100002 ], [ -7.7800413126, 31.391983420100001 ], [ -7.7822686126, 31.401192620100002 ], [ -7.7830411126, 31.404562520100001 ], [ -7.7765222126, 31.4059031201 ], [ -7.7749730126, 31.4023647201 ], [ -7.7756596126, 31.397236520100002 ], [ -7.7726599126, 31.3878070202 ], [ -7.7719689126, 31.384927520200002 ], [ -7.7639051126, 31.3867080202 ], [ -7.7629567126, 31.384927520200002 ], [ -7.7615834126, 31.381410320200001 ], [ -7.7590986126, 31.378428020200001 ], [ -7.7543779126, 31.375203720199998 ], [ -7.7491422126, 31.3757167202 ], [ -7.7459507126, 31.375922720199998 ], [ -7.7392674126, 31.3763542202 ], [ -7.7257105127, 31.3713198202 ], [ -7.7215906127, 31.367582220199999 ], [ -7.7157468127, 31.364631620200001 ], [ -7.7077719127, 31.361572620299999 ], [ -7.6999613127, 31.356148920300001 ], [ -7.6969572127, 31.3515312203 ], [ -7.6951504127, 31.3444723203 ], [ -7.6931763127, 31.339707420300002 ], [ -7.6901551127, 31.3348470203 ], [ -7.6891852127, 31.3330655203 ], [ -7.6932107127, 31.329920320300001 ], [ -7.7109476127, 31.336430520299999 ], [ -7.7183290127, 31.339142920299999 ], [ -7.7273412127, 31.341562120300001 ], [ -7.7357527127, 31.339509520299998 ], [ -7.7409883127, 31.336063920299999 ], [ -7.7472540127, 31.3312986203 ], [ -7.7506872127, 31.3304188203 ], [ -7.7551461127, 31.332303020299999 ], [ -7.7570910127, 31.3343091202 ], [ -7.7596951127, 31.3369950202 ], [ -7.7608968127, 31.331716520200001 ], [ -7.7608109127, 31.324604820299999 ], [ -7.7614117127, 31.322405120300001 ], [ -7.7667332127, 31.314999420300001 ], [ -7.7776380127, 31.306881720300002 ], [ -7.7857018127, 31.299159420300001 ], [ -7.7968598127, 31.296449520300001 ], [ -7.8061295127, 31.2913888203 ], [ -7.8153177127, 31.2905856203 ], [ -7.8214932127, 31.285521020299999 ], [ -7.8218365127, 31.280533020299998 ], [ -7.8242398127, 31.275324720299999 ], [ -7.8256131127, 31.272170320299999 ], [ -7.8329945127, 31.2710699203 ], [ -7.8357411127, 31.2677686203 ], [ -7.8401185127, 31.266521420299998 ], [ -7.8424359127, 31.263366620300001 ], [ -7.8437234127, 31.260578620299999 ], [ -7.8483625127, 31.2588361203 ], [ -7.8507658127, 31.256561620300001 ], [ -7.8558298127, 31.254287020300001 ], [ -7.8587480127, 31.257148620300001 ], [ -7.8643270127, 31.2614774203 ], [ -7.8661295127, 31.263164920200001 ], [ -7.8669019127, 31.265659320200001 ], [ -7.8696485127, 31.270354620199999 ], [ -7.8688761127, 31.277030320200002 ], [ -7.8679319127, 31.280624720199999 ], [ -7.8633829127, 31.288546620200002 ], [ -7.8607221127, 31.295367720200002 ], [ -7.8643270126, 31.314728120200002 ], [ -7.8653570126, 31.328952520200001 ], [ -7.8663870126, 31.342295120100001 ], [ -7.8663011126, 31.350358420100001 ], [ -7.8663011126, 31.357834720100001 ], [ -7.8650137126, 31.361939020099999 ], [ -7.8640695126, 31.369194520099999 ], [ -7.8635546126, 31.377988320099998 ], [ -7.8631254126, 31.383264220099999 ], [ -7.8629537126, 31.385755520099998 ], [ -7.8631254126, 31.3899319201 ], [ -7.8636404126, 31.3916170201 ], [ -7.8649278126, 31.3927893201 ], [ -7.8644987126, 31.3960130201 ], [ -7.8646703126, 31.398650420100001 ] ] ] ] } },
{ "type": "Feature", "properties": { "com_fr": "Tidili Mesfioua" }, "geometry": { "type": "MultiPolygon", "coordinates": [ [ [ [ -7.7237076126, 31.470598220100001 ], [ -7.7184719126, 31.475356420099999 ], [ -7.7104253125, 31.482332320099999 ], [ -7.7021641125, 31.4903616201 ], [ -7.6957482125, 31.501215120099999 ], [ -7.6882809125, 31.515996620100001 ], [ -7.6860279125, 31.5176576201 ], [ -7.6796979125, 31.515996620100001 ], [ -7.6720589125, 31.5116063201 ], [ -7.6588196125, 31.506608420100001 ], [ -7.6506914126, 31.505166820100001 ], [ -7.6443399126, 31.5128503201 ], [ -7.6424516125, 31.514825920100002 ], [ -7.6435674125, 31.516143020099999 ], [ -7.6403660125, 31.5171454201 ], [ -7.6358427125, 31.517899120100001 ], [ -7.6288646126, 31.5202916201 ], [ -7.6189941126, 31.522925620100001 ], [ -7.6105226126, 31.525654620099999 ], [ -7.6068319126, 31.527337320099999 ], [ -7.6065744126, 31.529532120100001 ], [ -7.6099819125, 31.531924420100001 ], [ -7.6118959125, 31.534214220100001 ], [ -7.6110977125, 31.538508420100001 ], [ -7.6028837125, 31.541822120100001 ], [ -7.5972189125, 31.545552720100002 ], [ -7.5973047125, 31.547893420099999 ], [ -7.5926441125, 31.5492612201 ], [ -7.5891508125, 31.549210020099999 ], [ -7.5842327125, 31.546847420100001 ], [ -7.5809110126, 31.5447481201 ], [ -7.5771345126, 31.5422610201 ], [ -7.5727571126, 31.542407320100001 ], [ -7.5695814126, 31.544675020100001 ], [ -7.5640024126, 31.542041620100001 ], [ -7.5542177126, 31.541236920100001 ], [ -7.5467504126, 31.540944320200001 ], [ -7.5402273126, 31.541675820199998 ], [ -7.5311292126, 31.541529520200001 ], [ -7.5313867126, 31.537652520200002 ], [ -7.5263227126, 31.5365552202 ], [ -7.5181688126, 31.5347995202 ], [ -7.5129331126, 31.531507420200001 ], [ -7.5131048126, 31.526898420199998 ], [ -7.5155081126, 31.5204599202 ], [ -7.5217479126, 31.515755220199999 ], [ -7.5276960126, 31.509605020199999 ], [ -7.5319618126, 31.5054815202 ], [ -7.5386823126, 31.5046619202 ], [ -7.5444072126, 31.506191320199999 ], [ -7.5467247126, 31.5055657202 ], [ -7.5498146126, 31.504369220200001 ], [ -7.5578827126, 31.502656820199999 ], [ -7.5660366126, 31.498119520199999 ], [ -7.5712122126, 31.493164820200001 ], [ -7.5782503126, 31.4897249202 ], [ -7.5810827126, 31.486284820200002 ], [ -7.5808252126, 31.482917920199998 ], [ -7.5767912126, 31.481161220200001 ], [ -7.5714697126, 31.481673520200001 ], [ -7.5699247126, 31.478672420199999 ], [ -7.5711864126, 31.472501520200002 ], [ -7.5700964126, 31.464324220200002 ], [ -7.5708688126, 31.4572225203 ], [ -7.5712122127, 31.449754220300001 ], [ -7.5699247127, 31.441479720299998 ], [ -7.5694097127, 31.4316666203 ], [ -7.5734438127, 31.423903320299999 ], [ -7.5806535127, 31.4186297203 ], [ -7.5874342127, 31.413355820300001 ], [ -7.5926698127, 31.4076421203 ], [ -7.5967039127, 31.399217420300001 ], [ -7.6049436127, 31.3958473203 ], [ -7.6143593127, 31.395971920299999 ], [ -7.6175534127, 31.397659720299998 ], [ -7.6231397127, 31.399363920300001 ], [ -7.6294054127, 31.402514120300001 ], [ -7.6382459127, 31.4056642203 ], [ -7.6437391127, 31.407935120299999 ], [ -7.6514639127, 31.4131360202 ], [ -7.6543821126, 31.417311220199998 ], [ -7.6576437126, 31.422511720199999 ], [ -7.6645960126, 31.422291920199999 ], [ -7.6614803126, 31.427689820200001 ], [ -7.6577295126, 31.432399020199998 ], [ -7.6654543126, 31.4354748202 ], [ -7.6772946126, 31.440820720200001 ], [ -7.6863068126, 31.447923620200001 ], [ -7.6941174126, 31.4532688201 ], [ -7.7029794126, 31.454784420100001 ], [ -7.7085627126, 31.456926020099999 ], [ -7.7156609126, 31.4606636201 ], [ -7.7177209126, 31.466813420099999 ], [ -7.7201241126, 31.4689364201 ], [ -7.7237076126, 31.470598220100001 ] ] ] ] } },
{ "type": "Feature", "properties": { "com_fr": "Touama" }, "geometry": { "type": "MultiPolygon", "coordinates": [ [ [ [ -7.4651254127, 31.480872020300001 ], [ -7.4708761127, 31.488627020300001 ], [ -7.4744810127, 31.494994520300001 ], [ -7.4752277127, 31.499144020300001 ], [ -7.4775451126, 31.5054376203 ], [ -7.4801458126, 31.5116063203 ], [ -7.4819483126, 31.5174600203 ], [ -7.4855531126, 31.5206794202 ], [ -7.4935096126, 31.521462320200001 ], [ -7.4993719126, 31.522654920200001 ], [ -7.5047792126, 31.528946920199999 ], [ -7.5148815126, 31.537264820200001 ], [ -7.5210870126, 31.546576820199999 ], [ -7.5214304126, 31.556231620199998 ], [ -7.5240911126, 31.567567420100001 ], [ -7.5252069125, 31.577439420099999 ], [ -7.5300134125, 31.582261620099999 ], [ -7.5349058125, 31.585551920099999 ], [ -7.5374807125, 31.5918396201 ], [ -7.5382274125, 31.595988620100002 ], [ -7.5333608125, 31.5998084201 ], [ -7.5335325125, 31.603975220100001 ], [ -7.5367082125, 31.607118520099998 ], [ -7.5453771125, 31.606972320099999 ], [ -7.5483812125, 31.61216222 ], [ -7.5519003125, 31.61676712 ], [ -7.5576981125, 31.62257132 ], [ -7.5428539125, 31.62820552 ], [ -7.5295348125, 31.63018022 ], [ -7.5245420125, 31.63092052 ], [ -7.4997387125, 31.636435020099999 ], [ -7.4951662125, 31.633503420099998 ], [ -7.4936212125, 31.629995620100001 ], [ -7.4887890125, 31.625373120100001 ], [ -7.4816908125, 31.622760320099999 ], [ -7.4764551125, 31.6183750201 ], [ -7.4728502125, 31.616182320099998 ], [ -7.4709619125, 31.609165320100001 ], [ -7.4708503125, 31.604834220099999 ], [ -7.4671596126, 31.601252220100001 ], [ -7.4664129126, 31.5974690201 ], [ -7.4610656126, 31.5937222202 ], [ -7.4581474126, 31.5888969202 ], [ -7.4538559126, 31.587069020200001 ], [ -7.4509634126, 31.582700320200001 ], [ -7.4458994126, 31.579702520200001 ], [ -7.4398912126, 31.574660720200001 ], [ -7.4350590126, 31.569519920200001 ], [ -7.4341406126, 31.566251020199999 ], [ -7.4343723126, 31.5615486202 ], [ -7.4329990126, 31.553357220199999 ], [ -7.4354280126, 31.547747120299999 ], [ -7.4347156126, 31.543482620300001 ], [ -7.4350590126, 31.538435220299998 ], [ -7.4328274126, 31.535362820300001 ], [ -7.4337715126, 31.5328023203 ], [ -7.4438995126, 31.5306076203 ], [ -7.4513067126, 31.526752020299998 ], [ -7.4541992126, 31.523145120300001 ], [ -7.4514526126, 31.516633220300001 ], [ -7.4487060127, 31.511145320299999 ], [ -7.4432129127, 31.5084379203 ], [ -7.4401230127, 31.507559720300002 ], [ -7.4349130127, 31.507435320300001 ], [ -7.4351448127, 31.501266320300001 ], [ -7.4360889127, 31.495923920300001 ], [ -7.4340547127, 31.4921401203 ], [ -7.4307073127, 31.4887002203 ], [ -7.4290508127, 31.486482520300001 ], [ -7.4291366127, 31.484067120399999 ], [ -7.4307674127, 31.477040120400002 ], [ -7.4315399127, 31.4729407204 ], [ -7.4350590127, 31.468548420400001 ], [ -7.4406379127, 31.463423720400002 ], [ -7.4459594127, 31.458811320399999 ], [ -7.4495643127, 31.457566720399999 ], [ -7.4533409127, 31.461373820399999 ], [ -7.4541134127, 31.466132520399999 ], [ -7.4547399127, 31.470986220299999 ], [ -7.4555725127, 31.474185220300001 ], [ -7.4597782127, 31.4755760203 ], [ -7.4622072127, 31.476476420299999 ], [ -7.4637521127, 31.4783796203 ], [ -7.4651254127, 31.480872020300001 ] ] ] ] } },
{ "type": "Feature", "properties": { "com_fr": "Tazart" }, "geometry": { "type": "MultiPolygon", "coordinates": [ [ [ [ -7.4188417125, 31.673317920100001 ], [ -7.4159235125, 31.673829320100001 ], [ -7.4125458125, 31.677950220100001 ], [ -7.4021646125, 31.677964820100001 ], [ -7.3919335125, 31.6756530201 ], [ -7.3846422125, 31.6781401201 ], [ -7.3746429125, 31.6730087201 ], [ -7.3724918125, 31.673799220100001 ], [ -7.3689092125, 31.6694472201 ], [ -7.3679394125, 31.6649034201 ], [ -7.3646435125, 31.661484420200001 ], [ -7.3585409125, 31.658028820199998 ], [ -7.3568414126, 31.655128320199999 ], [ -7.3592447126, 31.6512926202 ], [ -7.3656563126, 31.6493783202 ], [ -7.3702825126, 31.645776120200001 ], [ -7.3606781126, 31.6466090202 ], [ -7.3560947126, 31.638308220199999 ], [ -7.3521465126, 31.633923620200001 ], [ -7.3530048126, 31.628515720199999 ], [ -7.3570646126, 31.622245120199999 ], [ -7.3529447126, 31.619613920199999 ], [ -7.3441900126, 31.6212219202 ], [ -7.3288006126, 31.6241307202 ], [ -7.3278221126, 31.6166245203 ], [ -7.3307060126, 31.6103165203 ], [ -7.3281139126, 31.599278420299999 ], [ -7.3267406126, 31.5903591203 ], [ -7.3250240126, 31.583925120300002 ], [ -7.3241056127, 31.573125120299999 ], [ -7.3261656127, 31.562301920300001 ], [ -7.3169559127, 31.5575919204 ], [ -7.3219341127, 31.551009320399999 ], [ -7.3193348127, 31.533986520399999 ], [ -7.3191875127, 31.533021820399998 ], [ -7.3179258127, 31.525874120400001 ], [ -7.3148960127, 31.518242920399999 ], [ -7.3145527127, 31.512850320399998 ], [ -7.3193592127, 31.5052912204 ], [ -7.3239082127, 31.501851820399999 ], [ -7.3287147127, 31.499217220399998 ], [ -7.3361820127, 31.4986318204 ], [ -7.3434175127, 31.498580520400001 ], [ -7.3467649127, 31.500117420399999 ], [ -7.3481382127, 31.504435020399999 ], [ -7.3476232127, 31.508533020400002 ], [ -7.3493398127, 31.5122649204 ], [ -7.3531164127, 31.511972220400001 ], [ -7.3583521127, 31.5118259204 ], [ -7.3635877127, 31.511606320399999 ], [ -7.3698276127, 31.509901420399999 ], [ -7.3697637127, 31.508566520399999 ], [ -7.3694843127, 31.502730020400001 ], [ -7.3684801127, 31.498873320400001 ], [ -7.3674244127, 31.4939479204 ], [ -7.3661369127, 31.489849320400001 ], [ -7.3657078127, 31.486555720399998 ], [ -7.3633903127, 31.482164020399999 ], [ -7.3608154127, 31.4778453204 ], [ -7.3595537127, 31.474280320399998 ], [ -7.3625320127, 31.4715498204 ], [ -7.3677934127, 31.467618720400001 ], [ -7.3721708127, 31.464324220400002 ], [ -7.3750032127, 31.4637385204 ], [ -7.3775781127, 31.464251020399999 ], [ -7.3805822127, 31.4664473204 ], [ -7.3837579127, 31.467618720400001 ], [ -7.3866762127, 31.468277520400001 ], [ -7.3894228127, 31.468204320400002 ], [ -7.3925985127, 31.467106220400002 ], [ -7.3966326127, 31.464470720400001 ], [ -7.4006408127, 31.4648880204 ], [ -7.4048465127, 31.466937820399998 ], [ -7.4084514127, 31.4689876204 ], [ -7.4116272127, 31.4683288204 ], [ -7.4168628127, 31.470744620400001 ], [ -7.4214119127, 31.4723551204 ], [ -7.4274200127, 31.472428320399999 ], [ -7.4315399127, 31.4729407204 ], [ -7.4307674127, 31.477040120400002 ], [ -7.4291366127, 31.484067120399999 ], [ -7.4290508127, 31.486482520300001 ], [ -7.4307073127, 31.4887002203 ], [ -7.4340547127, 31.4921401203 ], [ -7.4360889127, 31.495923920300001 ], [ -7.4351448127, 31.501266320300001 ], [ -7.4349130127, 31.507435320300001 ], [ -7.4401230127, 31.507559720300002 ], [ -7.4432129127, 31.5084379203 ], [ -7.4487060127, 31.511145320299999 ], [ -7.4514526126, 31.516633220300001 ], [ -7.4541992126, 31.523145120300001 ], [ -7.4513067126, 31.526752020299998 ], [ -7.4438995126, 31.5306076203 ], [ -7.4337715126, 31.5328023203 ], [ -7.4328274126, 31.535362820300001 ], [ -7.4350590126, 31.538435220299998 ], [ -7.4347156126, 31.543482620300001 ], [ -7.4354280126, 31.547747120299999 ], [ -7.4329990126, 31.553357220199999 ], [ -7.4343723126, 31.5615486202 ], [ -7.4341406126, 31.566251020199999 ], [ -7.4350590126, 31.569519920200001 ], [ -7.4398912126, 31.574660720200001 ], [ -7.4458994126, 31.579702520200001 ], [ -7.4509634126, 31.582700320200001 ], [ -7.4538559126, 31.587069020200001 ], [ -7.4581474126, 31.5888969202 ], [ -7.4610656126, 31.5937222202 ], [ -7.4664129126, 31.5974690201 ], [ -7.4671596126, 31.601252220100001 ], [ -7.4708503125, 31.604834220099999 ], [ -7.4709619125, 31.609165320100001 ], [ -7.4728502125, 31.616182320099998 ], [ -7.4764551125, 31.6183750201 ], [ -7.4816908125, 31.622760320099999 ], [ -7.4887890125, 31.625373120100001 ], [ -7.4936212125, 31.629995620100001 ], [ -7.4951662125, 31.633503420099998 ], [ -7.4997387125, 31.636435020099999 ], [ -7.4979344125, 31.6368361201 ], [ -7.4950319125, 31.642023120099999 ], [ -7.4946857125, 31.642638120099999 ], [ -7.4813820125, 31.6319984201 ], [ -7.4727989125, 31.6296891201 ], [ -7.4661900125, 31.631289520100001 ], [ -7.4670744125, 31.634375620099998 ], [ -7.4648338125, 31.645867820100001 ], [ -7.4589962125, 31.659463820100001 ], [ -7.4490584125, 31.6591129201 ], [ -7.4411620125, 31.6609649201 ], [ -7.4240774125, 31.669683820100001 ], [ -7.4188417125, 31.673317920100001 ] ] ] ] } },
{ "type": "Feature", "properties": { "com_fr": "Zerkten" }, "geometry": { "type": "MultiPolygon", "coordinates": [ [ [ [ -7.4315399127, 31.4729407204 ], [ -7.4274200127, 31.472428320399999 ], [ -7.4214119127, 31.4723551204 ], [ -7.4168628127, 31.470744620400001 ], [ -7.4116272127, 31.4683288204 ], [ -7.4084514127, 31.4689876204 ], [ -7.4048465127, 31.466937820399998 ], [ -7.4006408127, 31.4648880204 ], [ -7.3966326127, 31.464470720400001 ], [ -7.3925985127, 31.467106220400002 ], [ -7.3894228127, 31.468204320400002 ], [ -7.3866762127, 31.468277520400001 ], [ -7.3837579127, 31.467618720400001 ], [ -7.3805822127, 31.4664473204 ], [ -7.3775781127, 31.464251020399999 ], [ -7.3750032127, 31.4637385204 ], [ -7.3721708127, 31.464324220400002 ], [ -7.3677934127, 31.467618720400001 ], [ -7.3625320127, 31.4715498204 ], [ -7.3595537127, 31.474280320399998 ], [ -7.3608154127, 31.4778453204 ], [ -7.3633903127, 31.482164020399999 ], [ -7.3657078127, 31.486555720399998 ], [ -7.3661369127, 31.489849320400001 ], [ -7.3674244127, 31.4939479204 ], [ -7.3684801127, 31.498873320400001 ], [ -7.3694843127, 31.502730020400001 ], [ -7.3697637127, 31.508566520399999 ], [ -7.3698276127, 31.509901420399999 ], [ -7.3635877127, 31.511606320399999 ], [ -7.3583521127, 31.5118259204 ], [ -7.3531164127, 31.511972220400001 ], [ -7.3493398127, 31.5122649204 ], [ -7.3476232127, 31.508533020400002 ], [ -7.3481382127, 31.504435020399999 ], [ -7.3467649127, 31.500117420399999 ], [ -7.3434175127, 31.498580520400001 ], [ -7.3361820127, 31.4986318204 ], [ -7.3287147127, 31.499217220399998 ], [ -7.3239082127, 31.501851820399999 ], [ -7.3193592127, 31.5052912204 ], [ -7.3145527127, 31.512850320399998 ], [ -7.3076261127, 31.5088989204 ], [ -7.2932667127, 31.5075597204 ], [ -7.2815336127, 31.505679120500002 ], [ -7.2688307128, 31.5045082205 ], [ -7.2599043128, 31.501581020500002 ], [ -7.2631658128, 31.497043720499999 ], [ -7.2715772128, 31.4958727205 ], [ -7.2777570128, 31.493969820499998 ], [ -7.2789587128, 31.490310420499998 ], [ -7.2774137128, 31.4875291205 ], [ -7.2676290128, 31.484308620499998 ], [ -7.2602476128, 31.481234420500002 ], [ -7.2544712128, 31.478321120499999 ], [ -7.2523512128, 31.473767920499998 ], [ -7.2520078128, 31.467618720499999 ], [ -7.2523512128, 31.457661820599998 ], [ -7.2523512128, 31.4479968206 ], [ -7.2525228128, 31.440674220599998 ], [ -7.2506346128, 31.4359874206 ], [ -7.2466863128, 31.431739820600001 ], [ -7.2389616129, 31.429982220599999 ], [ -7.2331251129, 31.428810420600001 ], [ -7.2310652129, 31.426466720600001 ], [ -7.2288336129, 31.424416020599999 ], [ -7.2209371129, 31.422511720599999 ], [ -7.2137807129, 31.415763720699999 ], [ -7.2178689129, 31.413868720699998 ], [ -7.2392236129, 31.392697120699999 ], [ -7.2339107129, 31.374715720699999 ], [ -7.2528449129, 31.3488881207 ], [ -7.3055965129, 31.318184820700001 ], [ -7.3128212129, 31.3146384207 ], [ -7.3210275129, 31.310609920699999 ], [ -7.3292105129, 31.306592820700001 ], [ -7.3383258129, 31.302117820700001 ], [ -7.3460612129, 31.2983200207 ], [ -7.3517104129, 31.295546420699999 ], [ -7.3582191129, 31.294775720699999 ], [ -7.3632509129, 31.292652420700001 ], [ -7.3698706129, 31.290633520699998 ], [ -7.3791480129, 31.288255520700002 ], [ -7.3864822129, 31.286678520700001 ], [ -7.3967540129, 31.2863112207 ], [ -7.4112947129, 31.288488120699999 ], [ -7.4358336129, 31.291284520600001 ], [ -7.4360288129, 31.3061293206 ], [ -7.4370588129, 31.315368920600001 ], [ -7.4362005129, 31.324167720599998 ], [ -7.4351705128, 31.335604920600002 ], [ -7.4356855128, 31.346747520499999 ], [ -7.4404920128, 31.3542241205 ], [ -7.4400371128, 31.3603588205 ], [ -7.4368871128, 31.368735720499998 ], [ -7.4329990128, 31.380878320499999 ], [ -7.4422086128, 31.3811933205 ], [ -7.4552549128, 31.377676120499999 ], [ -7.4576582128, 31.382219220500001 ], [ -7.4610914128, 31.3908652205 ], [ -7.4640096128, 31.405371220399999 ], [ -7.4686445127, 31.4170915204 ], [ -7.4590915127, 31.4219037204 ], [ -7.4523967127, 31.425565820399999 ], [ -7.4514784127, 31.4305681204 ], [ -7.4561132127, 31.434522820400002 ], [ -7.4643530127, 31.434376320399998 ], [ -7.4701895127, 31.430714520399999 ], [ -7.4763693127, 31.427785020400002 ], [ -7.4838365127, 31.4260456204 ], [ -7.4912180127, 31.429777120400001 ], [ -7.4925655127, 31.438279620399999 ], [ -7.4894756127, 31.445349820299999 ], [ -7.4865831127, 31.4492416203 ], [ -7.4826950127, 31.4544915203 ], [ -7.4796909127, 31.4604952203 ], [ -7.4777168127, 31.466498620300001 ], [ -7.4732502127, 31.475208320299998 ], [ -7.4724210127, 31.4764032203 ], [ -7.4683870127, 31.4794044203 ], [ -7.4651254127, 31.480872020300001 ], [ -7.4637521127, 31.4783796203 ], [ -7.4622072127, 31.476476420299999 ], [ -7.4597782127, 31.4755760203 ], [ -7.4555725127, 31.474185220300001 ], [ -7.4547399127, 31.470986220299999 ], [ -7.4541134127, 31.466132520399999 ], [ -7.4533409127, 31.461373820399999 ], [ -7.4495643127, 31.457566720399999 ], [ -7.4459594127, 31.458811320399999 ], [ -7.4406379127, 31.463423720400002 ], [ -7.4350590127, 31.468548420400001 ], [ -7.4315399127, 31.4729407204 ] ] ] ] } },
{ "type": "Feature", "properties": { "com_fr": "Tamaguert" }, "geometry": { "type": "MultiPolygon", "coordinates": [ [ [ [ -7.5973047125, 31.547893420099999 ], [ -7.6001371125, 31.547161920099999 ], [ -7.6010813125, 31.5522089201 ], [ -7.6019396125, 31.5557196201 ], [ -7.6018537125, 31.563033220099999 ], [ -7.6021112125, 31.5671286201 ], [ -7.6021971125, 31.573490720100001 ], [ -7.6057762125, 31.57485812 ], [ -7.6115526125, 31.57656192 ], [ -7.6129001125, 31.58143912 ], [ -7.6181358125, 31.58326702 ], [ -7.6226248125, 31.58599062 ], [ -7.6260580125, 31.58825712 ], [ -7.6282638125, 31.59094402 ], [ -7.6292337125, 31.59461782 ], [ -7.6265730125, 31.59754212 ], [ -7.6195091125, 31.60125222 ], [ -7.6149858125, 31.60375592 ], [ -7.6165050125, 31.60607692 ], [ -7.6112951125, 31.60704542 ], [ -7.6079477125, 31.60719162 ], [ -7.6049436125, 31.60894602 ], [ -7.6032871125, 31.61192462 ], [ -7.6024288125, 31.61484842 ], [ -7.6037420125, 31.61684012 ], [ -7.6047394125, 31.61957102 ], [ -7.5883009125, 31.62246302 ], [ -7.5797440125, 31.62644062 ], [ -7.5700108125, 31.61868612 ], [ -7.5588356125, 31.62213952 ], [ -7.5576981125, 31.62257132 ], [ -7.5519003125, 31.61676712 ], [ -7.5483812125, 31.61216222 ], [ -7.5453771125, 31.606972320099999 ], [ -7.5367082125, 31.607118520099998 ], [ -7.5335325125, 31.603975220100001 ], [ -7.5333608125, 31.5998084201 ], [ -7.5382274125, 31.595988620100002 ], [ -7.5374807125, 31.5918396201 ], [ -7.5349058125, 31.585551920099999 ], [ -7.5300134125, 31.582261620099999 ], [ -7.5252069125, 31.577439420099999 ], [ -7.5240911126, 31.567567420100001 ], [ -7.5214304126, 31.556231620199998 ], [ -7.5210870126, 31.546576820199999 ], [ -7.5148815126, 31.537264820200001 ], [ -7.5047792126, 31.528946920199999 ], [ -7.4993719126, 31.522654920200001 ], [ -7.4935096126, 31.521462320200001 ], [ -7.4855531126, 31.5206794202 ], [ -7.4819483126, 31.5174600203 ], [ -7.4801458126, 31.5116063203 ], [ -7.4775451126, 31.5054376203 ], [ -7.4752277127, 31.499144020300001 ], [ -7.4744810127, 31.494994520300001 ], [ -7.4708761127, 31.488627020300001 ], [ -7.4651254127, 31.480872020300001 ], [ -7.4683870127, 31.4794044203 ], [ -7.4724210127, 31.4764032203 ], [ -7.4732502127, 31.475208320299998 ], [ -7.4783434127, 31.471520620300002 ], [ -7.4808925127, 31.470005220299999 ], [ -7.4834932127, 31.466948820300001 ], [ -7.4870981127, 31.462289020299998 ], [ -7.5004019127, 31.4544073203 ], [ -7.5095857127, 31.453781320299999 ], [ -7.5216879127, 31.454952820300001 ], [ -7.5254644127, 31.460224420300001 ], [ -7.5296701127, 31.4643242203 ], [ -7.5324167127, 31.467179420299999 ], [ -7.5368799127, 31.4704005203 ], [ -7.5406564126, 31.472523520300001 ], [ -7.5401157126, 31.4804072202 ], [ -7.5361074126, 31.481673520299999 ], [ -7.5311292126, 31.485772520299999 ], [ -7.5279535126, 31.488407420200001 ], [ -7.5279535126, 31.494482120200001 ], [ -7.5295843126, 31.4959276202 ], [ -7.5335068126, 31.497995120199999 ], [ -7.5369657126, 31.5003516202 ], [ -7.5386823126, 31.5046619202 ], [ -7.5319618126, 31.5054815202 ], [ -7.5276960126, 31.509605020199999 ], [ -7.5217479126, 31.515755220199999 ], [ -7.5155081126, 31.5204599202 ], [ -7.5131048126, 31.526898420199998 ], [ -7.5129331126, 31.531507420200001 ], [ -7.5181688126, 31.5347995202 ], [ -7.5263227126, 31.5365552202 ], [ -7.5313867126, 31.537652520200002 ], [ -7.5311292126, 31.541529520200001 ], [ -7.5402273126, 31.541675820199998 ], [ -7.5467504126, 31.540944320200001 ], [ -7.5542177126, 31.541236920100001 ], [ -7.5640024126, 31.542041620100001 ], [ -7.5695814126, 31.544675020100001 ], [ -7.5727571126, 31.542407320100001 ], [ -7.5771345126, 31.5422610201 ], [ -7.5809110126, 31.5447481201 ], [ -7.5842327125, 31.546847420100001 ], [ -7.5891508125, 31.549210020099999 ], [ -7.5926441125, 31.5492612201 ], [ -7.5973047125, 31.547893420099999 ] ] ] ] } },
{ "type": "Feature", "properties": { "com_fr": "Tighedouine" }, "geometry": { "type": "MultiPolygon", "coordinates": [ [ [ [ -7.5386823126, 31.5046619202 ], [ -7.5369657126, 31.5003516202 ], [ -7.5335068126, 31.497995120199999 ], [ -7.5295843126, 31.4959276202 ], [ -7.5279535126, 31.494482120200001 ], [ -7.5279535126, 31.488407420200001 ], [ -7.5311292126, 31.485772520299999 ], [ -7.5361074126, 31.481673520299999 ], [ -7.5401157126, 31.4804072202 ], [ -7.5406564126, 31.472523520300001 ], [ -7.5368799127, 31.4704005203 ], [ -7.5324167127, 31.467179420299999 ], [ -7.5296701127, 31.4643242203 ], [ -7.5254644127, 31.460224420300001 ], [ -7.5216879127, 31.454952820300001 ], [ -7.5095857127, 31.453781320299999 ], [ -7.5004019127, 31.4544073203 ], [ -7.4870981127, 31.462289020299998 ], [ -7.4834932127, 31.466948820300001 ], [ -7.4808925127, 31.470005220299999 ], [ -7.4783434127, 31.471520620300002 ], [ -7.4732502127, 31.475208320299998 ], [ -7.4777168127, 31.466498620300001 ], [ -7.4796909127, 31.4604952203 ], [ -7.4826950127, 31.4544915203 ], [ -7.4865831127, 31.4492416203 ], [ -7.4894756127, 31.445349820299999 ], [ -7.4925655127, 31.438279620399999 ], [ -7.4912180127, 31.429777120400001 ], [ -7.4838365127, 31.4260456204 ], [ -7.4763693127, 31.427785020400002 ], [ -7.4701895127, 31.430714520399999 ], [ -7.4643530127, 31.434376320399998 ], [ -7.4561132127, 31.434522820400002 ], [ -7.4514784127, 31.4305681204 ], [ -7.4523967127, 31.425565820399999 ], [ -7.4590915127, 31.4219037204 ], [ -7.4686445127, 31.4170915204 ], [ -7.4640096128, 31.405371220399999 ], [ -7.4610914128, 31.3908652205 ], [ -7.4576582128, 31.382219220500001 ], [ -7.4552549128, 31.377676120499999 ], [ -7.4422086128, 31.3811933205 ], [ -7.4329990128, 31.380878320499999 ], [ -7.4368871128, 31.368735720499998 ], [ -7.4400371128, 31.3603588205 ], [ -7.4404920128, 31.3542241205 ], [ -7.4356855128, 31.346747520499999 ], [ -7.4351705128, 31.335604920600002 ], [ -7.4362005129, 31.324167720599998 ], [ -7.4370588129, 31.315368920600001 ], [ -7.4360288129, 31.3061293206 ], [ -7.4358336129, 31.291284520600001 ], [ -7.4361047129, 31.2842024206 ], [ -7.4472148129, 31.277140620600001 ], [ -7.4642221129, 31.272548320599999 ], [ -7.4699728129, 31.271427720599998 ], [ -7.4739146129, 31.270914220600002 ], [ -7.4777770129, 31.270408020600001 ], [ -7.4838482129, 31.263872920600001 ], [ -7.4890838129, 31.259107620599998 ], [ -7.4987741129, 31.250757620600002 ], [ -7.5125929129, 31.2498147206 ], [ -7.5840898129, 31.245118420499999 ], [ -7.5831414129, 31.252434320500001 ], [ -7.5864073128, 31.259368020499998 ], [ -7.5872656128, 31.268476520499998 ], [ -7.5893255128, 31.276047320499998 ], [ -7.5967928128, 31.2857190205 ], [ -7.6071783128, 31.294524220500001 ], [ -7.6096631128, 31.307490420400001 ], [ -7.6220012128, 31.308062420399999 ], [ -7.6350690128, 31.3062731204 ], [ -7.6409913128, 31.305833120399999 ], [ -7.6434847128, 31.3153880204 ], [ -7.6475187127, 31.328219320399999 ], [ -7.6485448127, 31.332136820399999 ], [ -7.6489889127, 31.333832320399999 ], [ -7.6491452127, 31.334429120399999 ], [ -7.6486774127, 31.336595420399998 ], [ -7.6474200127, 31.339267520300002 ], [ -7.6431542127, 31.345417920300001 ], [ -7.6376053127, 31.352157920300002 ], [ -7.6361860127, 31.358768420299999 ], [ -7.6278604127, 31.363385720299998 ], [ -7.6197923127, 31.367709720299999 ], [ -7.6142133127, 31.372546420300001 ], [ -7.6141275127, 31.3787752203 ], [ -7.6148142127, 31.386322520299998 ], [ -7.6166166127, 31.393136520300001 ], [ -7.6175534127, 31.397659720299998 ], [ -7.6143593127, 31.395971920299999 ], [ -7.6049436127, 31.3958473203 ], [ -7.5967039127, 31.399217420300001 ], [ -7.5926698127, 31.4076421203 ], [ -7.5874342127, 31.413355820300001 ], [ -7.5806535127, 31.4186297203 ], [ -7.5734438127, 31.423903320299999 ], [ -7.5694097127, 31.4316666203 ], [ -7.5699247127, 31.441479720299998 ], [ -7.5712122127, 31.449754220300001 ], [ -7.5708688126, 31.4572225203 ], [ -7.5700964126, 31.464324220200002 ], [ -7.5711864126, 31.472501520200002 ], [ -7.5699247126, 31.478672420199999 ], [ -7.5714697126, 31.481673520200001 ], [ -7.5767912126, 31.481161220200001 ], [ -7.5808252126, 31.482917920199998 ], [ -7.5810827126, 31.486284820200002 ], [ -7.5782503126, 31.4897249202 ], [ -7.5712122126, 31.493164820200001 ], [ -7.5660366126, 31.498119520199999 ], [ -7.5578827126, 31.502656820199999 ], [ -7.5498146126, 31.504369220200001 ], [ -7.5467247126, 31.5055657202 ], [ -7.5444072126, 31.506191320199999 ], [ -7.5386823126, 31.5046619202 ] ] ] ] } },
{ "type": "Feature", "properties": { "com_fr": "Abadou" }, "geometry": { "type": "MultiPolygon", "coordinates": [ [ [ [ -7.3145527127, 31.512850320399998 ], [ -7.3148960127, 31.518242920399999 ], [ -7.3179258127, 31.525874120400001 ], [ -7.3191875127, 31.533021820399998 ], [ -7.3193348127, 31.533986520399999 ], [ -7.3219341127, 31.551009320399999 ], [ -7.3169559127, 31.5575919204 ], [ -7.3261656127, 31.562301920300001 ], [ -7.3241056127, 31.573125120299999 ], [ -7.3250240126, 31.583925120300002 ], [ -7.3267406126, 31.5903591203 ], [ -7.3281139126, 31.599278420299999 ], [ -7.3307060126, 31.6103165203 ], [ -7.3278221126, 31.6166245203 ], [ -7.3288006126, 31.6241307202 ], [ -7.3441900126, 31.6212219202 ], [ -7.3529447126, 31.619613920199999 ], [ -7.3570646126, 31.622245120199999 ], [ -7.3530048126, 31.628515720199999 ], [ -7.3521465126, 31.633923620200001 ], [ -7.3560947126, 31.638308220199999 ], [ -7.3606781126, 31.6466090202 ], [ -7.3702825126, 31.645776120200001 ], [ -7.3656563126, 31.6493783202 ], [ -7.3592447126, 31.6512926202 ], [ -7.3568414126, 31.655128320199999 ], [ -7.3585409125, 31.658028820199998 ], [ -7.3646435125, 31.661484420200001 ], [ -7.3679394125, 31.6649034201 ], [ -7.3689092125, 31.6694472201 ], [ -7.3724918125, 31.673799220100001 ], [ -7.3627168125, 31.677391420100001 ], [ -7.3674632125, 31.6883509201 ], [ -7.3597213125, 31.693634920099999 ], [ -7.3451472125, 31.678410420100001 ], [ -7.3321918125, 31.682999220199999 ], [ -7.3210513125, 31.681308820200002 ], [ -7.3177029125, 31.6813138202 ], [ -7.3169304125, 31.676639120200001 ], [ -7.3166729126, 31.6702840202 ], [ -7.3163388126, 31.663812020200002 ], [ -7.3166822126, 31.6571017202 ], [ -7.3159955126, 31.646642620200002 ], [ -7.3131631126, 31.632320320200002 ], [ -7.3115323126, 31.6259622203 ], [ -7.3093859126, 31.624037020300001 ], [ -7.3105446126, 31.6211199203 ], [ -7.3082707126, 31.612367620299999 ], [ -7.3164247126, 31.607908720299999 ], [ -7.3158238126, 31.604399920300001 ], [ -7.3090432126, 31.601914520299999 ], [ -7.3004602126, 31.597308920300001 ], [ -7.2970269127, 31.590363520299999 ], [ -7.2965119127, 31.586561620299999 ], [ -7.2919629127, 31.582905820299999 ], [ -7.2836373127, 31.5822477203 ], [ -7.2759984127, 31.578153020399998 ], [ -7.2631238127, 31.568573620399999 ], [ -7.2475884127, 31.562258720399999 ], [ -7.2402928127, 31.557815720400001 ], [ -7.2369454127, 31.554082020399999 ], [ -7.2376321127, 31.5476966204 ], [ -7.2410215127, 31.540798020499999 ], [ -7.2505230127, 31.5330218205 ], [ -7.2609943127, 31.522632920500001 ], [ -7.2690624127, 31.5169259205 ], [ -7.2734655127, 31.5121185205 ], [ -7.2815336127, 31.505679120500002 ], [ -7.2932667127, 31.5075597204 ], [ -7.3076261127, 31.5088989204 ], [ -7.3145527127, 31.512850320399998 ] ] ] ] } },
{ "type": "Feature", "properties": { "com_fr": "Ait Hkim - Ait Yzid" }, "geometry": { "type": "MultiPolygon", "coordinates": [ [ [ [ -7.2815336127, 31.505679120500002 ], [ -7.2734655127, 31.5121185205 ], [ -7.2690624127, 31.5169259205 ], [ -7.2609943127, 31.522632920500001 ], [ -7.2505230127, 31.5330218205 ], [ -7.2410215127, 31.540798020499999 ], [ -7.2354005127, 31.5426824205 ], [ -7.2318814127, 31.538805420500001 ], [ -7.2214959127, 31.538805420500001 ], [ -7.2081922128, 31.540195320500001 ], [ -7.2008107127, 31.545169420499999 ], [ -7.1966050128, 31.544072220499999 ], [ -7.1966050128, 31.5405610205 ], [ -7.1971200128, 31.536757120499999 ], [ -7.1977208128, 31.5308314205 ], [ -7.1942018128, 31.526661320500001 ], [ -7.1873353128, 31.5279782205 ], [ -7.1835588128, 31.5295877205 ], [ -7.1754907128, 31.527246620500001 ], [ -7.1729157128, 31.5235153205 ], [ -7.1607278128, 31.521759320600001 ], [ -7.1498273128, 31.5219057206 ], [ -7.1455358128, 31.521686220599999 ], [ -7.1450208128, 31.5244664206 ], [ -7.1403301128, 31.524982220599998 ], [ -7.1428958128, 31.5096747206 ], [ -7.1485606128, 31.4825301206 ], [ -7.1570836129, 31.467523620600002 ], [ -7.1704646128, 31.4668501206 ], [ -7.1736060129, 31.4537888206 ], [ -7.1821462129, 31.4419559207 ], [ -7.1845237129, 31.4289570207 ], [ -7.1929008129, 31.425441520700002 ], [ -7.2137807129, 31.415763720699999 ], [ -7.2209371129, 31.422511720599999 ], [ -7.2288336129, 31.424416020599999 ], [ -7.2310652129, 31.426466720600001 ], [ -7.2331251129, 31.428810420600001 ], [ -7.2389616129, 31.429982220599999 ], [ -7.2466863128, 31.431739820600001 ], [ -7.2506346128, 31.4359874206 ], [ -7.2525228128, 31.440674220599998 ], [ -7.2523512128, 31.4479968206 ], [ -7.2523512128, 31.457661820599998 ], [ -7.2520078128, 31.467618720499999 ], [ -7.2523512128, 31.473767920499998 ], [ -7.2544712128, 31.478321120499999 ], [ -7.2602476128, 31.481234420500002 ], [ -7.2676290128, 31.484308620499998 ], [ -7.2774137128, 31.4875291205 ], [ -7.2789587128, 31.490310420499998 ], [ -7.2777570128, 31.493969820499998 ], [ -7.2715772128, 31.4958727205 ], [ -7.2631658128, 31.497043720499999 ], [ -7.2599043128, 31.501581020500002 ], [ -7.2688307128, 31.5045082205 ], [ -7.2815336127, 31.505679120500002 ] ] ] ] } },
{ "type": "Feature", "properties": { "com_fr": "Ait Aadel" }, "geometry": { "type": "MultiPolygon", "coordinates": [ [ [ [ -7.3166729126, 31.6702840202 ], [ -7.3133255126, 31.670064920200002 ], [ -7.3015667126, 31.670795420200001 ], [ -7.2881771126, 31.6710875202 ], [ -7.2783066126, 31.672548520199999 ], [ -7.2697407126, 31.673337220200001 ], [ -7.2631017126, 31.662463520300001 ], [ -7.2678653126, 31.6326961203 ], [ -7.2637282126, 31.621466920300001 ], [ -7.2221519127, 31.6084637204 ], [ -7.2142548127, 31.588143220399999 ], [ -7.2089242127, 31.5773502204 ], [ -7.1934833127, 31.559539620500001 ], [ -7.1341411128, 31.5577237205 ], [ -7.1307508128, 31.536778520599999 ], [ -7.1396342128, 31.5291336206 ], [ -7.1403301128, 31.524982220599998 ], [ -7.1450208128, 31.5244664206 ], [ -7.1455358128, 31.521686220599999 ], [ -7.1498273128, 31.5219057206 ], [ -7.1607278128, 31.521759320600001 ], [ -7.1729157128, 31.5235153205 ], [ -7.1754907128, 31.527246620500001 ], [ -7.1835588128, 31.5295877205 ], [ -7.1873353128, 31.5279782205 ], [ -7.1942018128, 31.526661320500001 ], [ -7.1977208128, 31.5308314205 ], [ -7.1971200128, 31.536757120499999 ], [ -7.1966050128, 31.5405610205 ], [ -7.1966050128, 31.544072220499999 ], [ -7.2008107127, 31.545169420499999 ], [ -7.2081922128, 31.540195320500001 ], [ -7.2214959127, 31.538805420500001 ], [ -7.2318814127, 31.538805420500001 ], [ -7.2354005127, 31.5426824205 ], [ -7.2410215127, 31.540798020499999 ], [ -7.2376321127, 31.5476966204 ], [ -7.2369454127, 31.554082020399999 ], [ -7.2402928127, 31.557815720400001 ], [ -7.2475884127, 31.562258720399999 ], [ -7.2631238127, 31.568573620399999 ], [ -7.2759984127, 31.578153020399998 ], [ -7.2836373127, 31.5822477203 ], [ -7.2919629127, 31.582905820299999 ], [ -7.2965119127, 31.586561620299999 ], [ -7.2970269127, 31.590363520299999 ], [ -7.3004602126, 31.597308920300001 ], [ -7.3090432126, 31.601914520299999 ], [ -7.3158238126, 31.604399920300001 ], [ -7.3164247126, 31.607908720299999 ], [ -7.3082707126, 31.612367620299999 ], [ -7.3105446126, 31.6211199203 ], [ -7.3093859126, 31.624037020300001 ], [ -7.3115323126, 31.6259622203 ], [ -7.3131631126, 31.632320320200002 ], [ -7.3159955126, 31.646642620200002 ], [ -7.3166822126, 31.6571017202 ], [ -7.3163388126, 31.663812020200002 ], [ -7.3166729126, 31.6702840202 ] ] ] ] } },
{ "type": "Feature", "properties": { "com_fr": "Sti Fadma" }, "geometry": { "type": "MultiPolygon", "coordinates": [ [ [ [ -7.6486774127, 31.336595420399998 ], [ -7.6491452127, 31.334429120399999 ], [ -7.6489889127, 31.333832320399999 ], [ -7.6485448127, 31.332136820399999 ], [ -7.6475187127, 31.328219320399999 ], [ -7.6434847128, 31.3153880204 ], [ -7.6409913128, 31.305833120399999 ], [ -7.6350690128, 31.3062731204 ], [ -7.6220012128, 31.308062420399999 ], [ -7.6096631128, 31.307490420400001 ], [ -7.6071783128, 31.294524220500001 ], [ -7.5967928128, 31.2857190205 ], [ -7.5893255128, 31.276047320499998 ], [ -7.5872656128, 31.268476520499998 ], [ -7.5864073128, 31.259368020499998 ], [ -7.5831414129, 31.252434320500001 ], [ -7.5840898129, 31.245118420499999 ], [ -7.5847765129, 31.241482320500001 ], [ -7.5860639129, 31.2377506206 ], [ -7.5860639129, 31.233813320599999 ], [ -7.5873471129, 31.229380520599999 ], [ -7.5899263129, 31.223695920600001 ], [ -7.5931021129, 31.219776420599999 ], [ -7.5949903129, 31.215207120599999 ], [ -7.5975610129, 31.211334920599999 ], [ -7.5991102129, 31.209015220600001 ], [ -7.6014233129, 31.207965420600001 ], [ -7.6049467129, 31.206842220599999 ], [ -7.6089764129, 31.2052052206 ], [ -7.6249452129, 31.1987960206 ], [ -7.6501408129, 31.191354920599998 ], [ -7.6625404129, 31.177959920599999 ], [ -7.6786766129, 31.1739136206 ], [ -7.6968684129, 31.162618420600001 ], [ -7.7003445129, 31.1437741206 ], [ -7.7121806129, 31.1313108206 ], [ -7.7317929129, 31.1346279206 ], [ -7.7349772129, 31.135423120599999 ], [ -7.7397837129, 31.136798820500001 ], [ -7.7587008129, 31.142172620499998 ], [ -7.7698245129, 31.142896220499999 ], [ -7.7834715128, 31.1625817205 ], [ -7.7932562128, 31.154282020499998 ], [ -7.8249350128, 31.1665860204 ], [ -7.8372904128, 31.170379220400001 ], [ -7.8361703128, 31.1737427204 ], [ -7.8315354128, 31.178295720400001 ], [ -7.8208109128, 31.180884220399999 ], [ -7.8135153128, 31.1844822204 ], [ -7.8081036128, 31.1884289204 ], [ -7.8038121128, 31.198634520399999 ], [ -7.7984048128, 31.210307220400001 ], [ -7.7951432128, 31.219629620399999 ], [ -7.7943707128, 31.231226320400001 ], [ -7.8009797128, 31.241794220300001 ], [ -7.8050137127, 31.247884920299999 ], [ -7.8014088127, 31.255442620299998 ], [ -7.7967740127, 31.2616792203 ], [ -7.7976343127, 31.2633294203 ], [ -7.7984091127, 31.264815620299998 ], [ -7.8075071127, 31.265032120299999 ], [ -7.8144594127, 31.264353420300001 ], [ -7.8230425127, 31.264415820300002 ], [ -7.8329988127, 31.265853820299998 ], [ -7.8357411127, 31.2677686203 ], [ -7.8329945127, 31.2710699203 ], [ -7.8256131127, 31.272170320299999 ], [ -7.8242398127, 31.275324720299999 ], [ -7.8218365127, 31.280533020299998 ], [ -7.8214932127, 31.285521020299999 ], [ -7.8153177127, 31.2905856203 ], [ -7.8061295127, 31.2913888203 ], [ -7.7968598127, 31.296449520300001 ], [ -7.7857018127, 31.299159420300001 ], [ -7.7776380127, 31.306881720300002 ], [ -7.7667332127, 31.314999420300001 ], [ -7.7614117127, 31.322405120300001 ], [ -7.7608109127, 31.324604820299999 ], [ -7.7608968127, 31.331716520200001 ], [ -7.7596951127, 31.3369950202 ], [ -7.7570910127, 31.3343091202 ], [ -7.7551461127, 31.332303020299999 ], [ -7.7506872127, 31.3304188203 ], [ -7.7472540127, 31.3312986203 ], [ -7.7409883127, 31.336063920299999 ], [ -7.7357527127, 31.339509520299998 ], [ -7.7273412127, 31.341562120300001 ], [ -7.7183290127, 31.339142920299999 ], [ -7.7109476127, 31.336430520299999 ], [ -7.6932107127, 31.329920320300001 ], [ -7.6891852127, 31.3330655203 ], [ -7.6860567127, 31.3351109203 ], [ -7.6790143127, 31.337508120300001 ], [ -7.6754137127, 31.338849720300001 ], [ -7.6704312127, 31.337948020300001 ], [ -7.6650282127, 31.3356241203 ], [ -7.6486774127, 31.336595420399998 ] ] ] ] } },
{ "type": "Feature", "properties": { "com_fr": "Iguerferouane" }, "geometry": { "type": "MultiPolygon", "coordinates": [ [ [ [ -7.7644128125, 31.47398752 ], [ -7.7609795125, 31.47515882 ], [ -7.7562588125, 31.47669602 ], [ -7.7523965125, 31.47859922 ], [ -7.7421826125, 31.482551920100001 ], [ -7.7385777125, 31.48526012 ], [ -7.7344578125, 31.48833422 ], [ -7.7334279125, 31.484089020100001 ], [ -7.7340072125, 31.480992820099999 ], [ -7.7318829125, 31.477647620100001 ], [ -7.7296299125, 31.4718427201 ], [ -7.7313465126, 31.469500120100001 ], [ -7.7292007126, 31.467889520100002 ], [ -7.7237076126, 31.470598220100001 ], [ -7.7201241126, 31.4689364201 ], [ -7.7177209126, 31.466813420099999 ], [ -7.7156609126, 31.4606636201 ], [ -7.7085627126, 31.456926020099999 ], [ -7.7029794126, 31.454784420100001 ], [ -7.6941174126, 31.4532688201 ], [ -7.6863068126, 31.447923620200001 ], [ -7.6772946126, 31.440820720200001 ], [ -7.6654543126, 31.4354748202 ], [ -7.6577295126, 31.432399020199998 ], [ -7.6614803126, 31.427689820200001 ], [ -7.6645960126, 31.422291920199999 ], [ -7.6576437126, 31.422511720199999 ], [ -7.6543821126, 31.417311220199998 ], [ -7.6514639127, 31.4131360202 ], [ -7.6437391127, 31.407935120299999 ], [ -7.6382459127, 31.4056642203 ], [ -7.6294054127, 31.402514120300001 ], [ -7.6231397127, 31.399363920300001 ], [ -7.6175534127, 31.397659720299998 ], [ -7.6166166127, 31.393136520300001 ], [ -7.6148142127, 31.386322520299998 ], [ -7.6141275127, 31.3787752203 ], [ -7.6142133127, 31.372546420300001 ], [ -7.6197923127, 31.367709720299999 ], [ -7.6278604127, 31.363385720299998 ], [ -7.6361860127, 31.358768420299999 ], [ -7.6376053127, 31.352157920300002 ], [ -7.6431542127, 31.345417920300001 ], [ -7.6474200127, 31.339267520300002 ], [ -7.6486774127, 31.336595420399998 ], [ -7.6650282127, 31.3356241203 ], [ -7.6704312127, 31.337948020300001 ], [ -7.6754137127, 31.338849720300001 ], [ -7.6790143127, 31.337508120300001 ], [ -7.6860567127, 31.3351109203 ], [ -7.6891852127, 31.3330655203 ], [ -7.6901551127, 31.3348470203 ], [ -7.6931763127, 31.339707420300002 ], [ -7.6951504127, 31.3444723203 ], [ -7.6969572127, 31.3515312203 ], [ -7.6999613127, 31.356148920300001 ], [ -7.7077719127, 31.361572620299999 ], [ -7.7157468127, 31.364631620200001 ], [ -7.7122277127, 31.3700548202 ], [ -7.7070779127, 31.376283820200001 ], [ -7.7014989127, 31.379068320199998 ], [ -7.6990956127, 31.381926120199999 ], [ -7.6938599127, 31.381046820200002 ], [ -7.6918858127, 31.379141620199999 ], [ -7.6880234127, 31.380020920300002 ], [ -7.6881737127, 31.383955820200001 ], [ -7.6905125127, 31.388667220199999 ], [ -7.6930875127, 31.391744420199998 ], [ -7.6993531126, 31.393429620199999 ], [ -7.7003831126, 31.395993820200001 ], [ -7.6934308126, 31.401195420200001 ], [ -7.6984733126, 31.4097445202 ], [ -7.7032565126, 31.4193497202 ], [ -7.7065629126, 31.425075120199999 ], [ -7.7080005126, 31.430692620199999 ], [ -7.7141160126, 31.4363536201 ], [ -7.7207249126, 31.4422852201 ], [ -7.7285141126, 31.4471694201 ], [ -7.7382344126, 31.454806420099999 ], [ -7.7398787126, 31.4559864201 ], [ -7.7436417126, 31.458686820099999 ], [ -7.7474183125, 31.4632261201 ], [ -7.7529758125, 31.465620120099999 ], [ -7.7558941125, 31.4673771201 ], [ -7.7597779125, 31.4695952201 ], [ -7.7626961125, 31.47252352 ], [ -7.7644128125, 31.47398752 ] ] ] ] } },
{ "type": "Feature", "properties": { "com_fr": "Oukaimeden" }, "geometry": { "type": "MultiPolygon", "coordinates": [ [ [ [ -7.8558298127, 31.254287020300001 ], [ -7.8507658127, 31.256561620300001 ], [ -7.8483625127, 31.2588361203 ], [ -7.8437234127, 31.260578620299999 ], [ -7.8424359127, 31.263366620300001 ], [ -7.8401185127, 31.266521420299998 ], [ -7.8357411127, 31.2677686203 ], [ -7.8329988127, 31.265853820299998 ], [ -7.8230425127, 31.264415820300002 ], [ -7.8144594127, 31.264353420300001 ], [ -7.8075071127, 31.265032120299999 ], [ -7.7984091127, 31.264815620299998 ], [ -7.7976343127, 31.2633294203 ], [ -7.7967740127, 31.2616792203 ], [ -7.8014088127, 31.255442620299998 ], [ -7.8050137127, 31.247884920299999 ], [ -7.8009797128, 31.241794220300001 ], [ -7.7943707128, 31.231226320400001 ], [ -7.7951432128, 31.219629620399999 ], [ -7.7984048128, 31.210307220400001 ], [ -7.8038121128, 31.198634520399999 ], [ -7.8081036128, 31.1884289204 ], [ -7.8135153128, 31.1844822204 ], [ -7.8208109128, 31.180884220399999 ], [ -7.8315354128, 31.178295720400001 ], [ -7.8361703128, 31.1737427204 ], [ -7.8372904128, 31.170379220400001 ], [ -7.8414918128, 31.162432720399998 ], [ -7.8457018128, 31.1752041204 ], [ -7.8503366128, 31.176257920400001 ], [ -7.8637262128, 31.176184420399998 ], [ -7.8659578128, 31.179635820400001 ], [ -7.8689619128, 31.186244520399999 ], [ -7.8731676128, 31.197478220299999 ], [ -7.8723093128, 31.203131220300001 ], [ -7.8663870128, 31.208930820300001 ], [ -7.8590914128, 31.212160720300002 ], [ -7.8450151127, 31.2228776203 ], [ -7.8505083127, 31.233079420300001 ], [ -7.8553148127, 31.247756520300001 ], [ -7.8554380127, 31.249318320299999 ], [ -7.8558298127, 31.254287020300001 ] ] ] ] } },
{ "type": "Feature", "properties": { "com_fr": "Asni" }, "geometry": { "type": "MultiPolygon", "coordinates": [ [ [ [ -7.9625743126, 31.280540320099998 ], [ -7.9619165126, 31.280698120099999 ], [ -7.9488703126, 31.276003320099999 ], [ -7.9412313126, 31.273582520200002 ], [ -7.9468103126, 31.270721420200001 ], [ -7.9463812126, 31.266099520200001 ], [ -7.9398580127, 31.2583225202 ], [ -7.9335924127, 31.256855120200001 ], [ -7.9260393127, 31.2559746202 ], [ -7.9227777127, 31.257001820199999 ], [ -7.9230352127, 31.262064420200002 ], [ -7.9215761127, 31.266759820200001 ], [ -7.9145380127, 31.267273420199999 ], [ -7.9079290127, 31.267053320199999 ], [ -7.8996034127, 31.265219120200001 ], [ -7.8954836127, 31.264045320200001 ], [ -7.8936811127, 31.267126620199999 ], [ -7.8894754127, 31.268007020199999 ], [ -7.8850122127, 31.268740620199999 ], [ -7.8779741127, 31.267566820199999 ], [ -7.8721376127, 31.266099520200001 ], [ -7.8681036127, 31.264412120199999 ], [ -7.8643270127, 31.2614774203 ], [ -7.8587480127, 31.257148620300001 ], [ -7.8558298127, 31.254287020300001 ], [ -7.8554380127, 31.249318320299999 ], [ -7.8553148127, 31.247756520300001 ], [ -7.8505083127, 31.233079420300001 ], [ -7.8450151127, 31.2228776203 ], [ -7.8590914128, 31.212160720300002 ], [ -7.8663870128, 31.208930820300001 ], [ -7.8723093128, 31.203131220300001 ], [ -7.8731676128, 31.197478220299999 ], [ -7.8689619128, 31.186244520399999 ], [ -7.8659578128, 31.179635820400001 ], [ -7.8637262128, 31.176184420399998 ], [ -7.8503366128, 31.176257920400001 ], [ -7.8457018128, 31.1752041204 ], [ -7.8414918128, 31.162432720399998 ], [ -7.8372904128, 31.170379220400001 ], [ -7.8249350128, 31.1665860204 ], [ -7.8096842128, 31.145346120500001 ], [ -7.8869490128, 31.106757720400001 ], [ -7.9031195129, 31.0802613205 ], [ -7.9095000129, 31.058800020500001 ], [ -7.9163491129, 31.036832820499999 ], [ -7.9244781129, 31.033305820500001 ], [ -7.9271142129, 31.031930820500001 ], [ -7.9402194129, 31.0389871205 ], [ -7.9524932129, 31.046855620500001 ], [ -7.9583297129, 31.0534000205 ], [ -7.9661832129, 31.0617380204 ], [ -7.9621921129, 31.061929120399999 ], [ -7.9601322129, 31.065678820399999 ], [ -7.9593897128, 31.071971920399999 ], [ -7.9602857128, 31.083611220400002 ], [ -7.9586550128, 31.094416020400001 ], [ -7.9567667128, 31.108085720399998 ], [ -7.9589124128, 31.120871820400001 ], [ -7.9609724128, 31.132627520300002 ], [ -7.9652639128, 31.1450429203 ], [ -7.9715296127, 31.1584115203 ], [ -7.9765936127, 31.1710438203 ], [ -7.9803701127, 31.178534320299999 ], [ -7.9884382127, 31.194394620200001 ], [ -7.9941889127, 31.2073157202 ], [ -7.9986521127, 31.219354420199998 ], [ -8.0003687127, 31.229263020200001 ], [ -8.0037075127, 31.235776520200002 ], [ -8.0077501126, 31.2360884201 ], [ -8.0105739127, 31.232987720099999 ], [ -8.0121189127, 31.2267493202 ], [ -8.0154749127, 31.222657420200001 ], [ -8.0208822127, 31.223611520199999 ], [ -8.024821812600001, 31.227483220100002 ], [ -8.0285126126, 31.233134520099998 ], [ -8.031401712599999, 31.237916320099998 ], [ -8.023435512600001, 31.2401537201 ], [ -8.0145177126, 31.246984720099999 ], [ -8.0183042126, 31.248207520099999 ], [ -8.011870012599999, 31.251131820099999 ], [ -8.004145212599999, 31.2538467201 ], [ -7.9965063126, 31.257955620099999 ], [ -7.9892965126, 31.2620644201 ], [ -7.9807993126, 31.267860320099999 ], [ -7.9768511126, 31.2738759201 ], [ -7.9746195126, 31.277397120100002 ], [ -7.9690405126, 31.276370120100001 ], [ -7.9625743126, 31.280540320099998 ] ] ] ] } },
{ "type": "Feature", "properties": { "com_fr": "Ouirgane" }, "geometry": { "type": "MultiPolygon", "coordinates": [ [ [ [ -8.031401712599999, 31.237916320099998 ], [ -8.0285126126, 31.233134520099998 ], [ -8.024821812600001, 31.227483220100002 ], [ -8.0208822127, 31.223611520199999 ], [ -8.0154749127, 31.222657420200001 ], [ -8.0121189127, 31.2267493202 ], [ -8.0105739127, 31.232987720099999 ], [ -8.0077501126, 31.2360884201 ], [ -8.0037075127, 31.235776520200002 ], [ -8.0003687127, 31.229263020200001 ], [ -7.9986521127, 31.219354420199998 ], [ -7.9941889127, 31.2073157202 ], [ -7.9884382127, 31.194394620200001 ], [ -7.9803701127, 31.178534320299999 ], [ -7.9765936127, 31.1710438203 ], [ -7.9715296127, 31.1584115203 ], [ -7.9652639128, 31.1450429203 ], [ -7.9609724128, 31.132627520300002 ], [ -7.9589124128, 31.120871820400001 ], [ -7.9567667128, 31.108085720399998 ], [ -7.9586550128, 31.094416020400001 ], [ -7.9602857128, 31.083611220400002 ], [ -7.9593897128, 31.071971920399999 ], [ -7.9601322129, 31.065678820399999 ], [ -7.9621921129, 31.061929120399999 ], [ -7.9661832129, 31.0617380204 ], [ -7.9723759128, 31.060921920399998 ], [ -7.9803882128, 31.059502820399999 ], [ -7.9939494128, 31.058444120400001 ], [ -8.0029402128, 31.0859462204 ], [ -8.0092273128, 31.1079437203 ], [ -8.0194197128, 31.119899420300001 ], [ -8.0340324127, 31.132852820299998 ], [ -8.0512843127, 31.1419625202 ], [ -8.0649314127, 31.147251520200001 ], [ -8.078921812700001, 31.155331520200001 ], [ -8.0931483127, 31.159863320199999 ], [ -8.1109152127, 31.1607447202 ], [ -8.128338812699999, 31.161699520100001 ], [ -8.1463633127, 31.163462220100001 ], [ -8.163465112600001, 31.1720769201 ], [ -8.1768098126, 31.178409220100001 ], [ -8.178120612600001, 31.179031220100001 ], [ -8.1703959126, 31.179765520099998 ], [ -8.159173512600001, 31.181403120100001 ], [ -8.1496206126, 31.183242520099999 ], [ -8.1492672126, 31.183389620100002 ], [ -8.1365820126, 31.188667620099999 ], [ -8.1303163126, 31.1938806201 ], [ -8.1301447126, 31.191898220100001 ], [ -8.129973012600001, 31.1859508201 ], [ -8.1279131126, 31.1799295201 ], [ -8.126359512700001, 31.174190620099999 ], [ -8.116231512700001, 31.178956620099999 ], [ -8.1001898126, 31.187933320100001 ], [ -8.094688012600001, 31.194890120099998 ], [ -8.0876499126, 31.202672420100001 ], [ -8.0826717126, 31.208765620099999 ], [ -8.079581812600001, 31.217794620100001 ], [ -8.075376112600001, 31.224400620099999 ], [ -8.0690246126, 31.225648320099999 ], [ -8.056321712600001, 31.226088720100002 ], [ -8.047137812600001, 31.226749320100001 ], [ -8.039498912599999, 31.2315933201 ], [ -8.0364090126, 31.236730620100001 ], [ -8.031401712599999, 31.237916320099998 ] ] ] ] } },
{ "type": "Feature", "properties": { "com_fr": "Imgdal" }, "geometry": { "type": "MultiPolygon", "coordinates": [ [ [ [ -8.178120612600001, 31.179031220100001 ], [ -8.1768098126, 31.178409220100001 ], [ -8.163465112600001, 31.1720769201 ], [ -8.1463633127, 31.163462220100001 ], [ -8.128338812699999, 31.161699520100001 ], [ -8.1109152127, 31.1607447202 ], [ -8.0931483127, 31.159863320199999 ], [ -8.078921812700001, 31.155331520200001 ], [ -8.0649314127, 31.147251520200001 ], [ -8.0512843127, 31.1419625202 ], [ -8.0340324127, 31.132852820299998 ], [ -8.0194197128, 31.119899420300001 ], [ -8.0092273128, 31.1079437203 ], [ -8.0029402128, 31.0859462204 ], [ -7.9939494128, 31.058444120400001 ], [ -8.0078326128, 31.0512529204 ], [ -8.017969212800001, 31.0432854204 ], [ -8.026221812799999, 31.040752020399999 ], [ -8.035834812799999, 31.031044320399999 ], [ -8.047658012799999, 31.026682820400001 ], [ -8.062506712799999, 31.0260944204 ], [ -8.079072012799999, 31.027786120399998 ], [ -8.0861101128, 31.031757720400002 ], [ -8.0951224128, 31.0294042204 ], [ -8.102332112799999, 31.034405320299999 ], [ -8.107052812799999, 31.044848120299999 ], [ -8.115464212799999, 31.057201520300001 ], [ -8.119446912800001, 31.062956520299998 ], [ -8.123961512799999, 31.069479720299999 ], [ -8.1322871127, 31.0794041202 ], [ -8.129883812699999, 31.0899889202 ], [ -8.1243048127, 31.096236320199999 ], [ -8.123704012699999, 31.1006461202 ], [ -8.1314287127, 31.101675020199998 ], [ -8.143788412699999, 31.099911120200002 ], [ -8.147479112699999, 31.0982207202 ], [ -8.147221612699999, 31.094472420199999 ], [ -8.1425867127, 31.090429920199998 ], [ -8.1366644127, 31.085431720199999 ], [ -8.1444965127, 31.082219420200001 ], [ -8.155633012699999, 31.078816020200001 ], [ -8.169537612699999, 31.072714420200001 ], [ -8.1788073127, 31.0624217202 ], [ -8.185072912700001, 31.053672120200002 ], [ -8.1931410127, 31.0475689202 ], [ -8.1970249128, 31.0399431202 ], [ -8.203440712800001, 31.035508520200001 ], [ -8.2103072127, 31.034993720199999 ], [ -8.2237783127, 31.036979420200002 ], [ -8.230043912699999, 31.0402152202 ], [ -8.238712812699999, 31.045289320199998 ], [ -8.247922512700001, 31.049576420200001 ], [ -8.251534812699999, 31.049684920200001 ], [ -8.2459386127, 31.056979120200001 ], [ -8.2410291127, 31.0611406202 ], [ -8.239509912700001, 31.0717716202 ], [ -8.2419819127, 31.0817692201 ], [ -8.2420333127, 31.088017220099999 ], [ -8.242986112700001, 31.097123820099998 ], [ -8.2317937127, 31.111594120100001 ], [ -8.2296480127, 31.119949020100002 ], [ -8.247191812600001, 31.130918720099999 ], [ -8.2526334126, 31.13986702 ], [ -8.2510799126, 31.14979132 ], [ -8.2500499126, 31.15405162 ], [ -8.244556812600001, 31.16127172 ], [ -8.2411235126, 31.17080092 ], [ -8.239836112600001, 31.18462482 ], [ -8.2322830126, 31.18247702 ], [ -8.2263607126, 31.18080652 ], [ -8.2221550126, 31.17926442 ], [ -8.2193225126, 31.17801602 ], [ -8.217262612600001, 31.17551932 ], [ -8.2149452126, 31.17206772 ], [ -8.2082504126, 31.166780020099999 ], [ -8.2012926126, 31.1663523201 ], [ -8.2007831126, 31.1663210201 ], [ -8.1934017126, 31.170158320100001 ], [ -8.1847296126, 31.1743314201 ], [ -8.178120612600001, 31.179031220100001 ] ] ] ] } },
{ "type": "Feature", "properties": { "com_fr": "Ijoukak" }, "geometry": { "type": "MultiPolygon", "coordinates": [ [ [ [ -8.203440712800001, 31.035508520200001 ], [ -8.1970249128, 31.0399431202 ], [ -8.1931410127, 31.0475689202 ], [ -8.185072912700001, 31.053672120200002 ], [ -8.1788073127, 31.0624217202 ], [ -8.169537612699999, 31.072714420200001 ], [ -8.155633012699999, 31.078816020200001 ], [ -8.1444965127, 31.082219420200001 ], [ -8.1366644127, 31.085431720199999 ], [ -8.1425867127, 31.090429920199998 ], [ -8.147221612699999, 31.094472420199999 ], [ -8.147479112699999, 31.0982207202 ], [ -8.143788412699999, 31.099911120200002 ], [ -8.1314287127, 31.101675020199998 ], [ -8.123704012699999, 31.1006461202 ], [ -8.1243048127, 31.096236320199999 ], [ -8.129883812699999, 31.0899889202 ], [ -8.1322871127, 31.0794041202 ], [ -8.123961512799999, 31.069479720299999 ], [ -8.119446912800001, 31.062956520299998 ], [ -8.115464212799999, 31.057201520300001 ], [ -8.107052812799999, 31.044848120299999 ], [ -8.102332112799999, 31.034405320299999 ], [ -8.0951224128, 31.0294042204 ], [ -8.0861101128, 31.031757720400002 ], [ -8.079072012799999, 31.027786120399998 ], [ -8.062506712799999, 31.0260944204 ], [ -8.047658012799999, 31.026682820400001 ], [ -8.035834812799999, 31.031044320399999 ], [ -8.026221812799999, 31.040752020399999 ], [ -8.017969212800001, 31.0432854204 ], [ -8.0078326128, 31.0512529204 ], [ -7.9939494128, 31.058444120400001 ], [ -7.9803882128, 31.059502820399999 ], [ -7.9723759128, 31.060921920399998 ], [ -7.9661832129, 31.0617380204 ], [ -7.9583297129, 31.0534000205 ], [ -7.9524932129, 31.046855620500001 ], [ -7.9402194129, 31.0389871205 ], [ -7.9271142129, 31.031930820500001 ], [ -7.9282700129, 31.007910020499999 ], [ -7.9376400129, 30.982230020599999 ], [ -7.946990013, 30.9597800206 ], [ -7.960209513, 30.940949720599999 ], [ -7.963340013, 30.936490020600001 ], [ -7.978540013, 30.922390020600002 ], [ -8.014562113, 30.9089042206 ], [ -8.031033913, 30.9148336206 ], [ -8.0598900129, 30.925220020499999 ], [ -8.1078200129, 30.928080020500001 ], [ -8.1362357129, 30.938772220400001 ], [ -8.152437412899999, 30.934101520399999 ], [ -8.1497965129, 30.943534320400001 ], [ -8.152199812899999, 30.9520733204 ], [ -8.152564612899999, 30.964387120400001 ], [ -8.1534229128, 30.974690420400002 ], [ -8.1563411128, 30.981092620399998 ], [ -8.165589412799999, 30.986883620299999 ], [ -8.1705675128, 30.991666320299998 ], [ -8.169387412800001, 30.9958822203 ], [ -8.1699882128, 31.003607220300001 ], [ -8.171790612800001, 31.007285520300002 ], [ -8.175996312800001, 31.011699420300001 ], [ -8.1815539128, 31.0134428203 ], [ -8.1865278128, 31.017142820299998 ], [ -8.188763612800001, 31.020798620299999 ], [ -8.198054812800001, 31.0305295203 ], [ -8.203440712800001, 31.035508520200001 ] ] ] ] } },
{ "type": "Feature", "properties": { "com_fr": "Aghbar" }, "geometry": { "type": "MultiPolygon", "coordinates": [ [ [ [ -8.508460512799999, 30.870130320200001 ], [ -8.5092086128, 30.8700910202 ], [ -8.5383696127, 30.873885020100001 ], [ -8.5387075127, 30.873978920100001 ], [ -8.568453312700001, 30.882242320100001 ], [ -8.589110012700001, 30.880230020100001 ], [ -8.6014530127, 30.880533520099998 ], [ -8.604291912700001, 30.880603320100001 ], [ -8.621964412700001, 30.88463992 ], [ -8.6465015127, 30.88844552 ], [ -8.6614318126, 30.90147462 ], [ -8.6527886126, 30.91220072 ], [ -8.6396823126, 30.91632442 ], [ -8.6036162127, 30.92156712 ], [ -8.599303212600001, 30.93374502 ], [ -8.605513112600001, 30.94141242 ], [ -8.6301078126, 30.94765492 ], [ -8.634656912600001, 30.953514219900001 ], [ -8.6253857126, 30.9529639199 ], [ -8.580154412600001, 30.95027912 ], [ -8.562670712599999, 30.95389332 ], [ -8.522557712699999, 30.95822502 ], [ -8.4687976127, 30.954419620100001 ], [ -8.460949812699999, 30.9607107201 ], [ -8.448662112699999, 30.9559873201 ], [ -8.4413622127, 30.953098320100001 ], [ -8.4404809127, 30.9528009201 ], [ -8.433126812699999, 30.9503196201 ], [ -8.4231706127, 30.948739420100001 ], [ -8.419561312700001, 30.948166520200001 ], [ -8.4084891127, 30.9492706202 ], [ -8.400163512700001, 30.949248620199999 ], [ -8.398961912700001, 30.943455220200001 ], [ -8.3958874127, 30.940183520200002 ], [ -8.3943270128, 30.9385229202 ], [ -8.3878897128, 30.932486020199999 ], [ -8.3841990128, 30.9288048202 ], [ -8.3854865128, 30.923650820199999 ], [ -8.3861731128, 30.918349320200001 ], [ -8.3782767128, 30.911648320200001 ], [ -8.3727835128, 30.9078190203 ], [ -8.367547912799999, 30.907082620299999 ], [ -8.365991512800001, 30.907644920300001 ], [ -8.3626555128, 30.908850020300001 ], [ -8.357849012799999, 30.9097337203 ], [ -8.353128312799999, 30.9090709203 ], [ -8.349866712800001, 30.904652320299999 ], [ -8.347553612800001, 30.901798620299999 ], [ -8.3439487128, 30.897291320299999 ], [ -8.342146312800001, 30.893903320300002 ], [ -8.3380264128, 30.889557720300001 ], [ -8.3318466128, 30.885285520299998 ], [ -8.329014212800001, 30.880217620300002 ], [ -8.3264334129, 30.875778820299999 ], [ -8.330641012899999, 30.873798620300001 ], [ -8.3340396129, 30.872199020299998 ], [ -8.3490385129, 30.864846520299999 ], [ -8.352004812900001, 30.864557620300001 ], [ -8.3649601128, 30.863295620300001 ], [ -8.3791200128, 30.863660020299999 ], [ -8.3869713128, 30.8630414203 ], [ -8.3966144128, 30.8645849203 ], [ -8.405279012799999, 30.870972420299999 ], [ -8.414111012799999, 30.8722174203 ], [ -8.4475100128, 30.864290020199999 ], [ -8.4841332128, 30.871409720199999 ], [ -8.508460512799999, 30.870130320200001 ] ] ] ] } },
{ "type": "Feature", "properties": { "com_fr": "Talat N'Yaaqoub" }, "geometry": { "type": "MultiPolygon", "coordinates": [ [ [ [ -8.400163512700001, 30.949248620199999 ], [ -8.397502812700001, 30.953098320199999 ], [ -8.3923529127, 30.9585451202 ], [ -8.3839458127, 30.960330020200001 ], [ -8.377292712699999, 30.961140520200001 ], [ -8.371410212700001, 30.961857220199999 ], [ -8.3688040127, 30.9621905202 ], [ -8.3616255127, 30.963108420200001 ], [ -8.345837012800001, 30.960403620200001 ], [ -8.3281559128, 30.9586150202 ], [ -8.3125347128, 30.955082020199999 ], [ -8.2991451128, 30.952579420300001 ], [ -8.288330412800001, 30.952873820299999 ], [ -8.277515812800001, 30.9562597203 ], [ -8.268761012800001, 30.960823120299999 ], [ -8.264297812800001, 30.965702720300001 ], [ -8.262409612800001, 30.9693605203 ], [ -8.263611212800001, 30.9792217203 ], [ -8.2651561128, 30.982459520300001 ], [ -8.269276012800001, 30.9843727202 ], [ -8.270306012800001, 30.988198920199999 ], [ -8.2677311128, 30.992635720199999 ], [ -8.266529412800001, 30.9989410202 ], [ -8.264812812800001, 31.006003720199999 ], [ -8.267044412700001, 31.011447520200001 ], [ -8.2733959127, 31.022628320199999 ], [ -8.279747412700001, 31.031013120200001 ], [ -8.2824339127, 31.035697920200001 ], [ -8.2867855127, 31.038683720200002 ], [ -8.2893261127, 31.042721120100001 ], [ -8.270348912699999, 31.0515232202 ], [ -8.251534812699999, 31.049684920200001 ], [ -8.247922512700001, 31.049576420200001 ], [ -8.238712812699999, 31.045289320199998 ], [ -8.230043912699999, 31.0402152202 ], [ -8.2237783127, 31.036979420200002 ], [ -8.2103072127, 31.034993720199999 ], [ -8.203440712800001, 31.035508520200001 ], [ -8.198054812800001, 31.0305295203 ], [ -8.188763612800001, 31.020798620299999 ], [ -8.1865278128, 31.017142820299998 ], [ -8.1815539128, 31.0134428203 ], [ -8.175996312800001, 31.011699420300001 ], [ -8.171790612800001, 31.007285520300002 ], [ -8.1699882128, 31.003607220300001 ], [ -8.169387412800001, 30.9958822203 ], [ -8.1705675128, 30.991666320299998 ], [ -8.165589412799999, 30.986883620299999 ], [ -8.1563411128, 30.981092620399998 ], [ -8.1534229128, 30.974690420400002 ], [ -8.152564612899999, 30.964387120400001 ], [ -8.152199812899999, 30.9520733204 ], [ -8.1497965129, 30.943534320400001 ], [ -8.152437412899999, 30.934101520399999 ], [ -8.164086512900001, 30.930743120399999 ], [ -8.194291312900001, 30.922034620400002 ], [ -8.221594312900001, 30.914162020399999 ], [ -8.233631412899999, 30.903839320399999 ], [ -8.241572612900001, 30.897028420400002 ], [ -8.250280012899999, 30.889560020400001 ], [ -8.2566496129, 30.888070020400001 ], [ -8.267115412900001, 30.8856217204 ], [ -8.280372912900001, 30.882520320400001 ], [ -8.281765912899999, 30.882194420400001 ], [ -8.293471612899999, 30.880612320400001 ], [ -8.3071887129, 30.878758320399999 ], [ -8.3159211129, 30.8775780203 ], [ -8.3224438129, 30.8766964203 ], [ -8.3264334129, 30.875778820299999 ], [ -8.329014212800001, 30.880217620300002 ], [ -8.3318466128, 30.885285520299998 ], [ -8.3380264128, 30.889557720300001 ], [ -8.342146312800001, 30.893903320300002 ], [ -8.3439487128, 30.897291320299999 ], [ -8.347553612800001, 30.901798620299999 ], [ -8.349866712800001, 30.904652320299999 ], [ -8.353128312799999, 30.9090709203 ], [ -8.357849012799999, 30.9097337203 ], [ -8.3626555128, 30.908850020300001 ], [ -8.365991512800001, 30.907644920300001 ], [ -8.367547912799999, 30.907082620299999 ], [ -8.3727835128, 30.9078190203 ], [ -8.3782767128, 30.911648320200001 ], [ -8.3861731128, 30.918349320200001 ], [ -8.3854865128, 30.923650820199999 ], [ -8.3841990128, 30.9288048202 ], [ -8.3878897128, 30.932486020199999 ], [ -8.3943270128, 30.9385229202 ], [ -8.3958874127, 30.940183520200002 ], [ -8.398961912700001, 30.943455220200001 ], [ -8.400163512700001, 30.949248620199999 ] ] ] ] } },
{ "type": "Feature", "properties": { "com_fr": "Ighil" }, "geometry": { "type": "MultiPolygon", "coordinates": [ [ [ [ -8.2893261127, 31.042721120100001 ], [ -8.2867855127, 31.038683720200002 ], [ -8.2824339127, 31.035697920200001 ], [ -8.279747412700001, 31.031013120200001 ], [ -8.2733959127, 31.022628320199999 ], [ -8.267044412700001, 31.011447520200001 ], [ -8.264812812800001, 31.006003720199999 ], [ -8.266529412800001, 30.9989410202 ], [ -8.2677311128, 30.992635720199999 ], [ -8.270306012800001, 30.988198920199999 ], [ -8.269276012800001, 30.9843727202 ], [ -8.2651561128, 30.982459520300001 ], [ -8.263611212800001, 30.9792217203 ], [ -8.262409612800001, 30.9693605203 ], [ -8.264297812800001, 30.965702720300001 ], [ -8.268761012800001, 30.960823120299999 ], [ -8.277515812800001, 30.9562597203 ], [ -8.288330412800001, 30.952873820299999 ], [ -8.2991451128, 30.952579420300001 ], [ -8.3125347128, 30.955082020199999 ], [ -8.3281559128, 30.9586150202 ], [ -8.345837012800001, 30.960403620200001 ], [ -8.3616255127, 30.963108420200001 ], [ -8.3688040127, 30.9621905202 ], [ -8.371410212700001, 30.961857220199999 ], [ -8.377292712699999, 30.961140520200001 ], [ -8.3839458127, 30.960330020200001 ], [ -8.3923529127, 30.9585451202 ], [ -8.397502812700001, 30.953098320199999 ], [ -8.400163512700001, 30.949248620199999 ], [ -8.4084891127, 30.9492706202 ], [ -8.419561312700001, 30.948166520200001 ], [ -8.4231706127, 30.948739420100001 ], [ -8.433126812699999, 30.9503196201 ], [ -8.4404809127, 30.9528009201 ], [ -8.4413622127, 30.953098320100001 ], [ -8.448662112699999, 30.9559873201 ], [ -8.460949812699999, 30.9607107201 ], [ -8.4533953127, 30.9667663201 ], [ -8.4512324127, 30.978831720100001 ], [ -8.4469494127, 30.9886257201 ], [ -8.4463529127, 31.00583822 ], [ -8.4384653126, 31.01906242 ], [ -8.4358687126, 31.02341542 ], [ -8.4227842126, 31.04603022 ], [ -8.413634612599999, 31.04689802 ], [ -8.4009317126, 31.04851572 ], [ -8.3920997126, 31.05930992 ], [ -8.3836282126, 31.06361102 ], [ -8.382787112600001, 31.05723642 ], [ -8.3856195126, 31.05082472 ], [ -8.381019012599999, 31.05062612 ], [ -8.376770412600001, 31.0492658201 ], [ -8.3700927127, 31.048273120099999 ], [ -8.3621963127, 31.046736220100001 ], [ -8.3530382127, 31.046015520099999 ], [ -8.3370823127, 31.046184720100001 ], [ -8.3279737127, 31.043081020100001 ], [ -8.3250831127, 31.042096020100001 ], [ -8.310174312699999, 31.041809220099999 ], [ -8.2893261127, 31.042721120100001 ] ] ] ] } },
{ "type": "Feature", "properties": { "com_fr": "Anougal" }, "geometry": { "type": "MultiPolygon", "coordinates": [ [ [ [ -8.3279737127, 31.043081020100001 ], [ -8.3254093127, 31.045430920099999 ], [ -8.3206886127, 31.0499349201 ], [ -8.3184570127, 31.0559644201 ], [ -8.3169979127, 31.061184720100002 ], [ -8.317143912700001, 31.064546220099999 ], [ -8.3171695127, 31.065136620099999 ], [ -8.317598712700001, 31.0676363201 ], [ -8.316682912699999, 31.068761320099998 ], [ -8.3159679127, 31.069639620099998 ], [ -8.3159079127, 31.069853020099998 ], [ -8.314423012700001, 31.075134920099998 ], [ -8.314423012600001, 31.080648220099999 ], [ -8.316568712600001, 31.087851820099999 ], [ -8.319830312600001, 31.09270292 ], [ -8.322834412600001, 31.09999752 ], [ -8.3238643126, 31.10615242 ], [ -8.3238643126, 31.11320712 ], [ -8.3224052126, 31.11704662 ], [ -8.3192295126, 31.11945302 ], [ -8.313790712599999, 31.12006152 ], [ -8.3041233126, 31.12114302 ], [ -8.2951110126, 31.12312692 ], [ -8.292622012600001, 31.12746192 ], [ -8.2887596126, 31.13776592 ], [ -8.284639712600001, 31.15655272 ], [ -8.2840389126, 31.16441152 ], [ -8.2832664126, 31.16955242 ], [ -8.2822601126, 31.17638622 ], [ -8.2822364126, 31.17654742 ], [ -8.280434012600001, 31.18161422 ], [ -8.2790607126, 31.18798412 ], [ -8.2778591125, 31.194298519899998 ], [ -8.2768291125, 31.197088519899999 ], [ -8.2723659126, 31.195913819899999 ], [ -8.2647270126, 31.19275672 ], [ -8.2568306126, 31.18915892 ], [ -8.2522815126, 31.18526732 ], [ -8.2484192126, 31.18614852 ], [ -8.239836112600001, 31.18462482 ], [ -8.2411235126, 31.17080092 ], [ -8.244556812600001, 31.16127172 ], [ -8.2500499126, 31.15405162 ], [ -8.2510799126, 31.14979132 ], [ -8.2526334126, 31.13986702 ], [ -8.247191812600001, 31.130918720099999 ], [ -8.2296480127, 31.119949020100002 ], [ -8.2317937127, 31.111594120100001 ], [ -8.242986112700001, 31.097123820099998 ], [ -8.2420333127, 31.088017220099999 ], [ -8.2419819127, 31.0817692201 ], [ -8.239509912700001, 31.0717716202 ], [ -8.2410291127, 31.0611406202 ], [ -8.2459386127, 31.056979120200001 ], [ -8.251534812699999, 31.049684920200001 ], [ -8.270348912699999, 31.0515232202 ], [ -8.2893261127, 31.042721120100001 ], [ -8.310174312699999, 31.041809220099999 ], [ -8.3250831127, 31.042096020100001 ], [ -8.3279737127, 31.043081020100001 ] ] ] ] } },
{ "type": "Feature", "properties": { "com_fr": "Ouazguita" }, "geometry": { "type": "MultiPolygon", "coordinates": [ [ [ [ -8.043876212600001, 31.30898642 ], [ -8.0431038126, 31.30348632 ], [ -8.0452495126, 31.29270902 ], [ -8.050656912599999, 31.28464072 ], [ -8.053317612600001, 31.27407772 ], [ -8.052888512599999, 31.2689424201 ], [ -8.0457645126, 31.263440020099999 ], [ -8.038211412600001, 31.254951020099998 ], [ -8.030057512599999, 31.250673220100001 ], [ -8.0183042126, 31.248207520099999 ], [ -8.0145177126, 31.246984720099999 ], [ -8.023435512600001, 31.2401537201 ], [ -8.031401712599999, 31.237916320099998 ], [ -8.0364090126, 31.236730620100001 ], [ -8.039498912599999, 31.2315933201 ], [ -8.047137812600001, 31.226749320100001 ], [ -8.056321712600001, 31.226088720100002 ], [ -8.0690246126, 31.225648320099999 ], [ -8.075376112600001, 31.224400620099999 ], [ -8.079581812600001, 31.217794620100001 ], [ -8.0826717126, 31.208765620099999 ], [ -8.0876499126, 31.202672420100001 ], [ -8.094688012600001, 31.194890120099998 ], [ -8.1001898126, 31.187933320100001 ], [ -8.116231512700001, 31.178956620099999 ], [ -8.126359512700001, 31.174190620099999 ], [ -8.1279131126, 31.1799295201 ], [ -8.129973012600001, 31.1859508201 ], [ -8.1301447126, 31.191898220100001 ], [ -8.1303163126, 31.1938806201 ], [ -8.123535712600001, 31.1991668201 ], [ -8.1213446126, 31.201543020100001 ], [ -8.1187292126, 31.204379320099999 ], [ -8.1205230126, 31.2106742201 ], [ -8.1210380126, 31.218014820099999 ], [ -8.121724712600001, 31.225207920100001 ], [ -8.126282312600001, 31.2222170201 ], [ -8.130307712600001, 31.2205838201 ], [ -8.1367536126, 31.22111602 ], [ -8.1401783126, 31.22418042 ], [ -8.1414743126, 31.22963002 ], [ -8.1410695126, 31.23036052 ], [ -8.139491612600001, 31.23320792 ], [ -8.137603412600001, 31.23570312 ], [ -8.1355520126, 31.24063842 ], [ -8.1277328126, 31.24392232 ], [ -8.1242224126, 31.24856362 ], [ -8.1249862126, 31.25118692 ], [ -8.126702912600001, 31.25683672 ], [ -8.1279903126, 31.26336662 ], [ -8.1260162126, 31.26776862 ], [ -8.1220680125, 31.27481122 ], [ -8.1193214125, 31.27943272 ], [ -8.127132012500001, 31.28376052 ], [ -8.1322819125, 31.28955512 ], [ -8.128333612500001, 31.293515819900001 ], [ -8.121467212500001, 31.300112819900001 ], [ -8.1140857125, 31.30033282 ], [ -8.103871912500001, 31.29608282 ], [ -8.0976063125, 31.29087542 ], [ -8.094267412500001, 31.29199392 ], [ -8.0935722125, 31.29674282 ], [ -8.0982929125, 31.30099292 ], [ -8.104129412500001, 31.30663972 ], [ -8.1083437125, 31.313921519899999 ], [ -8.1118541125, 31.318299119900001 ], [ -8.1115194125, 31.3205208199 ], [ -8.112635212500001, 31.322793719900002 ], [ -8.1187292125, 31.323893619900002 ], [ -8.1085068125, 31.330543519900001 ], [ -8.102412812500001, 31.3363352199 ], [ -8.099331512499999, 31.3449341199 ], [ -8.094688012500001, 31.337654819899999 ], [ -8.0893665125, 31.335015619899998 ], [ -8.0847402125, 31.3295390199 ], [ -8.080783412500001, 31.32423822 ], [ -8.0767494125, 31.31947222 ], [ -8.073238912500001, 31.31516812 ], [ -8.063883412499999, 31.31296822 ], [ -8.056836712500001, 31.31030632 ], [ -8.050656912599999, 31.30861972 ], [ -8.043876212600001, 31.30898642 ] ] ] ] } },
{ "type": "Feature", "properties": { "com_fr": "Aghouatim" }, "geometry": { "type": "MultiPolygon", "coordinates": [ [ [ [ -8.0108314125, 31.380311219900001 ], [ -8.0056816125, 31.382729319900001 ], [ -7.9993301125, 31.388517819899999 ], [ -7.9959055125, 31.3923497199 ], [ -7.9896398125, 31.397111919899999 ], [ -7.9845758125, 31.399236519900001 ], [ -7.9820009125, 31.402166919900001 ], [ -7.9873224125, 31.4034856199 ], [ -7.9899832125, 31.402826319900001 ], [ -7.9904981125, 31.405829819899999 ], [ -7.9885240125, 31.4094926199 ], [ -7.9884296125, 31.415257419900001 ], [ -7.9901462125, 31.422948319900001 ], [ -7.9949613125, 31.430880119899999 ], [ -8.0004459124, 31.436497219900001 ], [ -8.011689712400001, 31.441623319800001 ], [ -8.024135212399999, 31.4446989198 ], [ -8.022847712400001, 31.453412419799999 ], [ -8.017697912399999, 31.4641018198 ], [ -8.013071612399999, 31.462952319799999 ], [ -8.009544012399999, 31.465712419799999 ], [ -8.0005403124, 31.461854219799999 ], [ -7.9979568124, 31.467908619799999 ], [ -8.004308312399999, 31.474789919799999 ], [ -8.005252412400001, 31.4832078198 ], [ -7.9925581124, 31.484400919799999 ], [ -7.9881721124, 31.484378919800001 ], [ -7.9886957124, 31.476129519800001 ], [ -7.9886099124, 31.468516319799999 ], [ -7.9881721124, 31.4648339198 ], [ -7.9887729124, 31.458830419800002 ], [ -7.9886013124, 31.4568536198 ], [ -7.9814773124, 31.455096419899998 ], [ -7.9732462124, 31.454313019899999 ], [ -7.9627748124, 31.4540933199 ], [ -7.9605346124, 31.458317919900001 ], [ -7.9538441124, 31.459489419899999 ], [ -7.9454327124, 31.463882119899999 ], [ -7.9386521124, 31.466664119899999 ], [ -7.9413172124, 31.471590919899999 ], [ -7.9426003124, 31.478157219900002 ], [ -7.9433728124, 31.484232619899998 ], [ -7.9407979124, 31.4902344198 ], [ -7.9383284124, 31.4944474198 ], [ -7.9135844124, 31.4902111199 ], [ -7.9043168124, 31.485113719899999 ], [ -7.8992580124, 31.482900719900002 ], [ -7.8973445124, 31.4820636199 ], [ -7.8970960124, 31.481954919900001 ], [ -7.8968080125, 31.4818289199 ], [ -7.8961297125, 31.4815322199 ], [ -7.8957055125, 31.481348719900001 ], [ -7.8871990125, 31.4776682199 ], [ -7.8802500125, 31.474526919900001 ], [ -7.8834385125, 31.469426919899998 ], [ -7.8888673125, 31.461322619899999 ], [ -7.8919572125, 31.455538519899999 ], [ -7.8937382125, 31.4516360199 ], [ -7.8987408125, 31.44477212 ], [ -7.9020024125, 31.43561842 ], [ -7.9040666125, 31.42809712 ], [ -7.9054356125, 31.42338772 ], [ -7.9040666125, 31.41674442 ], [ -7.9011484125, 31.41344822 ], [ -7.8935095125, 31.40985882 ], [ -7.8860422125, 31.40648912 ], [ -7.8829523125, 31.40590312 ], [ -7.8784033125, 31.40355892 ], [ -7.8757425125, 31.40121462 ], [ -7.8728243125, 31.40077502 ], [ -7.8699060126, 31.39967612 ], [ -7.8672453126, 31.40077502 ], [ -7.8646703126, 31.398650420100001 ], [ -7.8644987126, 31.3960130201 ], [ -7.8649278126, 31.3927893201 ], [ -7.8636404126, 31.3916170201 ], [ -7.8631254126, 31.3899319201 ], [ -7.8629537126, 31.385755520099998 ], [ -7.8631254126, 31.383264220099999 ], [ -7.8635546126, 31.377988320099998 ], [ -7.8640695126, 31.369194520099999 ], [ -7.8650137126, 31.361939020099999 ], [ -7.8663011126, 31.357834720100001 ], [ -7.8663011126, 31.350358420100001 ], [ -7.8663870126, 31.342295120100001 ], [ -7.8653570126, 31.328952520200001 ], [ -7.8643270126, 31.314728120200002 ], [ -7.8607221127, 31.295367720200002 ], [ -7.8633829127, 31.288546620200002 ], [ -7.8679319127, 31.280624720199999 ], [ -7.8688761127, 31.277030320200002 ], [ -7.8696485127, 31.270354620199999 ], [ -7.8669019127, 31.265659320200001 ], [ -7.8661295127, 31.263164920200001 ], [ -7.8643270127, 31.2614774203 ], [ -7.8681036127, 31.264412120199999 ], [ -7.8721376127, 31.266099520200001 ], [ -7.8779741127, 31.267566820199999 ], [ -7.8850122127, 31.268740620199999 ], [ -7.8894754127, 31.268007020199999 ], [ -7.8936811127, 31.267126620199999 ], [ -7.8954836127, 31.264045320200001 ], [ -7.8996034127, 31.265219120200001 ], [ -7.9079290127, 31.267053320199999 ], [ -7.9145380127, 31.267273420199999 ], [ -7.9215761127, 31.266759820200001 ], [ -7.9230352127, 31.262064420200002 ], [ -7.9227777127, 31.257001820199999 ], [ -7.9260393127, 31.2559746202 ], [ -7.9335924127, 31.256855120200001 ], [ -7.9398580127, 31.2583225202 ], [ -7.9463812126, 31.266099520200001 ], [ -7.9468103126, 31.270721420200001 ], [ -7.9412313126, 31.273582520200002 ], [ -7.9488703126, 31.276003320099999 ], [ -7.9619165126, 31.280698120099999 ], [ -7.9625743126, 31.280540320099998 ], [ -7.9603213126, 31.283954920100001 ], [ -7.9641922126, 31.292591620100001 ], [ -7.9657908126, 31.2991575201 ], [ -7.9678658126, 31.303746720100001 ], [ -7.9665204126, 31.307981720099999 ], [ -7.9644056126, 31.310768320099999 ], [ -7.9644914126, 31.3165613201 ], [ -7.9653497126, 31.320007520099999 ], [ -7.9657789126, 31.327779420100001 ], [ -7.9710146126, 31.33811662 ], [ -7.9754778126, 31.34530062 ], [ -7.9801985125, 31.35299722 ], [ -7.9874082125, 31.36105962 ], [ -7.9938455125, 31.36809522 ], [ -8.0019050125, 31.37203062 ], [ -8.007569912499999, 31.376207619900001 ], [ -8.0108314125, 31.380311219900001 ] ], [ [ -7.9507110125, 31.37001772 ], [ -7.9537580125, 31.36712302 ], [ -7.9562042125, 31.36384332 ], [ -7.9574938125, 31.35839322 ], [ -7.9580517126, 31.35445362 ], [ -7.9574917126, 31.34923942 ], [ -7.9564188126, 31.34330182 ], [ -7.9557750126, 31.34057122 ], [ -7.9524062126, 31.339819820100001 ], [ -7.9488228126, 31.340497920099999 ], [ -7.9483088126, 31.342238920100002 ], [ -7.9492519126, 31.34577592 ], [ -7.9441890126, 31.34896452 ], [ -7.9418072126, 31.35345402 ], [ -7.9378804126, 31.35675242 ], [ -7.9322800126, 31.35796172 ], [ -7.9286107126, 31.35961082 ], [ -7.9275807126, 31.36373342 ], [ -7.9300484126, 31.36609702 ], [ -7.9342541126, 31.36772762 ], [ -7.9369792125, 31.37089722 ], [ -7.9412278125, 31.37305902 ], [ -7.9444250125, 31.37287582 ], [ -7.9467639125, 31.37164832 ], [ -7.9507110125, 31.37001772 ] ] ] ] } }
]
}
