{
  "type": "FeatureCollection",
  "features": [
    {
      "type": "Feature",
      "properties": {
        "commune_fr": "Mechouar Kasbah",
        "osm_id": 2799528,
        "centroid_lat": 31.595112,
        "centroid_lon": -7.98703
      },
      "geometry": {
        "type": "Polygon",
        "coordinates": [
          [
            [
              -7.977301,
              31.619254
            ],
            [
              -7.981268,
              31.618342
            ],
            [
              -7.980538,
              31.616533
            ],
            [
              -7.982555,
              31.616789
            ],
            [
              -7.983392,
              31.617392
            ],
            [
              -7.984261,
              31.619246
            ],
            [
              -7.984915,
              31.619091
            ],
            [
              -7.985055,
              31.61974
            ],
            [
              -7.991066,
              31.618532
            ],
            [
              -7.990517,
              31.616605
            ],
            [
              -7.993093,
              31.613431
            ],
            [
              -8.014491,
              31.579981
            ],
            [
              -8.010782,
              31.577515
            ],
            [
              -8.010328,
              31.575603
            ],
            [
              -8.003204,
              31.574652
            ],
            [
              -8.002421,
              31.577001
            ],
            [
              -7.988321,
              31.584316
            ],
            [
              -7.987951,
              31.581643
            ],
            [
              -7.984659,
              31.581823
            ],
            [
              -7.98033,
              31.580191
            ],
            [
              -7.979493,
              31.574667
            ],
            [
              -7.978907,
              31.574057
            ],
            [
              -7.97708,
              31.574524
            ],
            [
              -7.977235,
              31.575399
            ],
            [
              -7.965882,
              31.578499
            ],
            [
              -7.967736,
              31.588079
            ],
            [
              -7.977301,
              31.619254
            ]
          ]
        ]
      }
    },
    {
      "type": "Feature",
      "properties": {
        "commune_fr": "Marrakech",
        "osm_id": 2799538,
        "centroid_lat": 31.636686,
        "centroid_lon": -8.008548
      },
      "geometry": {
        "type": "Polygon",
        "coordinates": [
          [
            [
              -7.927356,
              31.562247
            ],
            [
              -7.929768,
              31.559104
            ],
            [
              -7.935622,
              31.556211
            ],
            [
              -7.936454,
              31.552324
            ],
            [
              -7.951827,
              31.553121
            ],
            [
              -7.968847,
              31.556964
            ],
            [
              -7.97546,
              31.55646
            ],
            [
              -7.978833,
              31.563971
            ],
            [
              -7.976206,
              31.567221
            ],
            [
              -7.977251,
              31.57106
            ],
            [
              -7.979957,
              31.572667
            ],
            [
              -7.980188,
              31.573697
            ],
            [
              -7.979493,
              31.574667
            ],
            [
              -7.978907,
              31.574057
            ],
            [
              -7.97708,
              31.574524
            ],
            [
              -7.977235,
              31.575399
            ],
            [
              -7.965882,
              31.578499
            ],
            [
              -7.967736,
              31.588079
            ],
            [
              -7.977301,
              31.619254
            ],
            [
              -7.981268,
              31.618342
            ],
            [
              -7.980538,
              31.616533
            ],
            [
              -7.98131,
              31.616533
            ],
            [
              -7.983392,
              31.617392
            ],
            [
              -7.984261,
              31.619246
            ],
            [
              -7.984915,
              31.619091
            ],
            [
              -7.985055,
              31.61974
            ],
            [
              -7.991066,
              31.618532
            ],
            [
              -7.990517,
              31.616605
            ],
            [
              -7.993093,
              31.613431
            ],
            [
              -8.007556,
              31.590768
            ],
            [
              -8.016622,
              31.594797
            ],
            [
              -8.020045,
              31.599555
            ],
            [
              -8.027085,
              31.595708
            ],
            [
              -8.035087,
              31.589282
            ],
            [
              -8.036144,
              31.588911
            ],
            [
              -8.031784,
              31.588224
            ],
            [
              -8.030845,
              31.586946
            ],
            [
              -8.029666,
              31.583448
            ],
            [
              -8.033534,
              31.582893
            ],
            [
              -8.044038,
              31.577168
            ],
            [
              -8.046516,
              31.575736
            ],
            [
              -8.0469,
              31.574469
            ],
            [
              -8.048452,
              31.573645
            ],
            [
              -8.049437,
              31.572266
            ],
            [
              -8.053045,
              31.57189
            ],
            [
              -8.055487,
              31.56932
            ],
            [
              -8.063206,
              31.57074
            ],
            [
              -8.068603,
              31.572794
            ],
            [
              -8.071863,
              31.56998
            ],
            [
              -8.074953,
              31.573344
            ],
            [
              -8.074652,
              31.57648
            ],
            [
              -8.076877,
              31.57735
            ],
            [
              -8.076629,
              31.581532
            ],
            [
              -8.072507,
              31.591368
            ],
            [
              -8.073494,
              31.597253
            ],
            [
              -8.076371,
              31.603831
            ],
            [
              -8.077098,
              31.60873
            ],
            [
              -8.076285,
              31.611944
            ],
            [
              -8.076283,
              31.615893
            ],
            [
              -8.078939,
              31.617487
            ],
            [
              -8.082103,
              31.621575
            ],
            [
              -8.085861,
              31.623336
            ],
            [
              -8.087397,
              31.625673
            ],
            [
              -8.088067,
              31.628297
            ],
            [
              -8.069646,
              31.627975
            ],
            [
              -8.070846,
              31.632774
            ],
            [
              -8.069419,
              31.63873
            ],
            [
              -8.069586,
              31.641629
            ],
            [
              -8.067702,
              31.649763
            ],
            [
              -8.068679,
              31.652229
            ],
            [
              -8.070092,
              31.653391
            ],
            [
              -8.069877,
              31.654505
            ],
            [
              -8.065846,
              31.653205
            ],
            [
              -8.066894,
              31.658469
            ],
            [
              -8.068625,
              31.6617
            ],
            [
              -8.068412,
              31.668498
            ],
            [
              -8.074503,
              31.671791
            ],
            [
              -8.074379,
              31.677688
            ],
            [
              -8.070706,
              31.679058
            ],
            [
              -8.070964,
              31.683221
            ],
            [
              -8.088471,
              31.684538
            ],
            [
              -8.088299,
              31.692389
            ],
            [
              -8.089332,
              31.700858
            ],
            [
              -8.088107,
              31.706276
            ],
            [
              -8.086565,
              31.707217
            ],
            [
              -8.085972,
              31.709903
            ],
            [
              -8.084463,
              31.710427
            ],
            [
              -8.08225,
              31.709311
            ],
            [
              -8.082093,
              31.708443
            ],
            [
              -8.083424,
              31.706857
            ],
            [
              -8.082977,
              31.705623
            ],
            [
              -8.08317,
              31.704686
            ],
            [
              -8.082005,
              31.703704
            ],
            [
              -8.080417,
              31.703482
            ],
            [
              -8.078985,
              31.705698
            ],
            [
              -8.076512,
              31.704227
            ],
            [
              -8.074743,
              31.70417
            ],
            [
              -8.074029,
              31.703366
            ],
            [
              -8.071217,
              31.703778
            ],
            [
              -8.066617,
              31.698243
            ],
            [
              -8.064512,
              31.697059
            ],
            [
              -8.064157,
              31.697066
            ],
            [
              -8.062946,
              31.700508
            ],
            [
              -8.060809,
              31.701183
            ],
            [
              -8.057747,
              31.700283
            ],
            [
              -8.052349,
              31.701483
            ],
            [
              -8.052211,
              31.699458
            ],
            [
              -8.051632,
              31.698743
            ],
            [
              -8.050127,
              31.698205
            ],
            [
              -8.046664,
              31.698913
            ],
            [
              -8.042827,
              31.701096
            ],
            [
              -8.041101,
              31.701288
            ],
            [
              -8.039656,
              31.700886
            ],
            [
              -8.038827,
              31.698241
            ],
            [
              -8.037513,
              31.697206
            ],
            [
              -8.0321,
              31.698372
            ],
            [
              -8.029895,
              31.697428
            ],
            [
              -8.028882,
              31.69751
            ],
            [
              -8.024106,
              31.698664
            ],
            [
              -8.023376,
              31.697354
            ],
            [
              -8.021374,
              31.696254
            ],
            [
              -8.01907,
              31.695828
            ],
            [
              -8.014715,
              31.697731
            ],
            [
              -8.012332,
              31.697879
            ],
            [
              -8.011871,
              31.695993
            ],
            [
              -8.01039,
              31.695218
            ],
            [
              -8.008406,
              31.695316
            ],
            [
              -8.005707,
              31.69654
            ],
            [
              -8.003808,
              31.696588
            ],
            [
              -8.000531,
              31.691732
            ],
            [
              -7.995601,
              31.693637
            ],
            [
              -7.993881,
              31.693851
            ],
            [
              -7.991889,
              31.693318
            ],
            [
              -7.989688,
              31.691889
            ],
            [
              -7.984592,
              31.69097
            ],
            [
              -7.982534,
              31.69104
            ],
            [
              -7.979598,
              31.690149
            ],
            [
              -7.971159,
              31.69051
            ],
            [
              -7.96888,
              31.689952
            ],
            [
              -7.964638,
              31.689959
            ],
            [
              -7.957411,
              31.690411
            ],
            [
              -7.955171,
              31.688345
            ],
            [
              -7.953369,
              31.6876
            ],
            [
              -7.945064,
              31.688778
            ],
            [
              -7.941927,
              31.692245
            ],
            [
              -7.936151,
              31.69429
            ],
            [
              -7.927702,
              31.691405
            ],
            [
              -7.924902,
              31.687776
            ],
            [
              -7.922412,
              31.683469
            ],
            [
              -7.925095,
              31.681289
            ],
            [
              -7.917284,
              31.655137
            ],
            [
              -7.914709,
              31.644689
            ],
            [
              -7.914709,
              31.637674
            ],
            [
              -7.915911,
              31.631901
            ],
            [
              -7.918314,
              31.628174
            ],
            [
              -7.919859,
              31.61531
            ],
            [
              -7.917281,
              31.610813
            ],
            [
              -7.915358,
              31.605451
            ],
            [
              -7.913937,
              31.596597
            ],
            [
              -7.91531,
              31.590024
            ],
            [
              -7.904238,
              31.587533
            ],
            [
              -7.898528,
              31.581534
            ],
            [
              -7.894408,
              31.573527
            ],
            [
              -7.8865,
              31.560034
            ],
            [
              -7.884739,
              31.554016
            ],
            [
              -7.886425,
              31.546305
            ],
            [
              -7.889058,
              31.544199
            ],
            [
              -7.894135,
              31.54626
            ],
            [
              -7.898763,
              31.546883
            ],
            [
              -7.902551,
              31.554757
            ],
            [
              -7.902776,
              31.557621
            ],
            [
              -7.899129,
              31.567604
            ],
            [
              -7.899345,
              31.571331
            ],
            [
              -7.900289,
              31.572282
            ],
            [
              -7.903251,
              31.57237
            ],
            [
              -7.912089,
              31.561038
            ],
            [
              -7.920509,
              31.554249
            ],
            [
              -7.924781,
              31.556504
            ],
            [
              -7.927356,
              31.562247
            ]
          ]
        ]
      }
    },
    {
      "type": "Feature",
      "properties": {
        "commune_fr": "M'Nabha",
        "osm_id": 2824262,
        "centroid_lat": 31.957549,
        "centroid_lon": -8.133909
      },
      "geometry": {
        "type": "Polygon",
        "coordinates": [
          [
            [
              -8.182629,
              31.853428
            ],
            [
              -8.189196,
              31.862763
            ],
            [
              -8.196234,
              31.875665
            ],
            [
              -8.197521,
              31.887034
            ],
            [
              -8.194055,
              31.891409
            ],
            [
              -8.193437,
              31.897603
            ],
            [
              -8.182305,
              31.911031
            ],
            [
              -8.184073,
              31.920925
            ],
            [
              -8.189643,
              31.93084
            ],
            [
              -8.182416,
              31.953804
            ],
            [
              -8.188648,
              31.984757
            ],
            [
              -8.203402,
              32.039836
            ],
            [
              -8.212294,
              32.048588
            ],
            [
              -8.216661,
              32.056538
            ],
            [
              -8.214404,
              32.060168
            ],
            [
              -8.207756,
              32.054403
            ],
            [
              -8.16097,
              32.05354
            ],
            [
              -8.11739,
              32.05167
            ],
            [
              -8.09394,
              32.05463
            ],
            [
              -8.07326,
              32.05071
            ],
            [
              -8.05151,
              32.04356
            ],
            [
              -8.04753,
              32.038928
            ],
            [
              -8.043277,
              32.021039
            ],
            [
              -8.047264,
              31.998597
            ],
            [
              -8.047568,
              31.979709
            ],
            [
              -8.050448,
              31.963808
            ],
            [
              -8.044346,
              31.939352
            ],
            [
              -8.037895,
              31.921138
            ],
            [
              -8.0532,
              31.878308
            ],
            [
              -8.069132,
              31.873729
            ],
            [
              -8.08431,
              31.871729
            ],
            [
              -8.111347,
              31.869324
            ],
            [
              -8.131431,
              31.864148
            ],
            [
              -8.153404,
              31.853942
            ],
            [
              -8.182629,
              31.853428
            ]
          ]
        ]
      }
    },
    {
      "type": "Feature",
      "properties": {
        "commune_fr": "Ouled Dlim",
        "osm_id": 2824263,
        "centroid_lat": 31.801433,
        "centroid_lon": -8.298461
      },
      "geometry": {
        "type": "Polygon",
        "coordinates": [
          [
            [
              -8.229846,
              31.73631
            ],
            [
              -8.230175,
              31.737766
            ],
            [
              -8.222798,
              31.747656
            ],
            [
              -8.212584,
              31.756049
            ],
            [
              -8.200439,
              31.765102
            ],
            [
              -8.194989,
              31.777649
            ],
            [
              -8.188423,
              31.787356
            ],
            [
              -8.190397,
              31.793849
            ],
            [
              -8.187479,
              31.813909
            ],
            [
              -8.180269,
              31.825067
            ],
            [
              -8.178467,
              31.83112
            ],
            [
              -8.190226,
              31.833381
            ],
            [
              -8.19868,
              31.838992
            ],
            [
              -8.182629,
              31.853428
            ],
            [
              -8.189196,
              31.862763
            ],
            [
              -8.196234,
              31.875665
            ],
            [
              -8.197521,
              31.887034
            ],
            [
              -8.194055,
              31.891409
            ],
            [
              -8.193437,
              31.897603
            ],
            [
              -8.182305,
              31.911031
            ],
            [
              -8.184073,
              31.920925
            ],
            [
              -8.189643,
              31.93084
            ],
            [
              -8.182416,
              31.953804
            ],
            [
              -8.188648,
              31.984757
            ],
            [
              -8.203402,
              32.039836
            ],
            [
              -8.212294,
              32.048588
            ],
            [
              -8.216661,
              32.056538
            ],
            [
              -8.214404,
              32.060168
            ],
            [
              -8.235003,
              32.079955
            ],
            [
              -8.24544,
              32.071897
            ],
            [
              -8.242505,
              32.068537
            ],
            [
              -8.237231,
              32.064023
            ],
            [
              -8.236746,
              32.05752
            ],
            [
              -8.232969,
              32.052246
            ],
            [
              -8.237261,
              32.046135
            ],
            [
              -8.24221,
              32.04198
            ],
            [
              -8.27712,
              32.03497
            ],
            [
              -8.31204,
              32.02243
            ],
            [
              -8.32411,
              32.00184
            ],
            [
              -8.340846,
              31.983165
            ],
            [
              -8.35169,
              31.961471
            ],
            [
              -8.355681,
              31.956356
            ],
            [
              -8.363968,
              31.942092
            ],
            [
              -8.375791,
              31.92909
            ],
            [
              -8.372272,
              31.922639
            ],
            [
              -8.378692,
              31.907147
            ],
            [
              -8.376601,
              31.902186
            ],
            [
              -8.378396,
              31.895237
            ],
            [
              -8.383405,
              31.888448
            ],
            [
              -8.389228,
              31.883314
            ],
            [
              -8.39868,
              31.86493
            ],
            [
              -8.41068,
              31.85446
            ],
            [
              -8.41999,
              31.83475
            ],
            [
              -8.42606,
              31.80765
            ],
            [
              -8.4066,
              31.77709
            ],
            [
              -8.40124,
              31.75771
            ],
            [
              -8.400034,
              31.744298
            ],
            [
              -8.409793,
              31.733699
            ],
            [
              -8.408952,
              31.730106
            ],
            [
              -8.407834,
              31.731366
            ],
            [
              -8.404616,
              31.731648
            ],
            [
              -8.403286,
              31.732798
            ],
            [
              -8.401129,
              31.733638
            ],
            [
              -8.399471,
              31.733893
            ],
            [
              -8.398688,
              31.73356
            ],
            [
              -8.397299,
              31.734162
            ],
            [
              -8.394819,
              31.733756
            ],
            [
              -8.393157,
              31.734331
            ],
            [
              -8.392775,
              31.734887
            ],
            [
              -8.391832,
              31.73484
            ],
            [
              -8.38863,
              31.733638
            ],
            [
              -8.387772,
              31.732105
            ],
            [
              -8.384703,
              31.733259
            ],
            [
              -8.384166,
              31.734199
            ],
            [
              -8.381056,
              31.734372
            ],
            [
              -8.376935,
              31.735485
            ],
            [
              -8.374255,
              31.734903
            ],
            [
              -8.369175,
              31.73612
            ],
            [
              -8.365123,
              31.735604
            ],
            [
              -8.361923,
              31.737881
            ],
            [
              -8.358868,
              31.737657
            ],
            [
              -8.355735,
              31.734974
            ],
            [
              -8.352267,
              31.734974
            ],
            [
              -8.350913,
              31.733606
            ],
            [
              -8.352069,
              31.732747
            ],
            [
              -8.352211,
              31.73159
            ],
            [
              -8.350237,
              31.729258
            ],
            [
              -8.348273,
              31.728906
            ],
            [
              -8.34609,
              31.729819
            ],
            [
              -8.340184,
              31.730143
            ],
            [
              -8.3371,
              31.729446
            ],
            [
              -8.333998,
              31.726387
            ],
            [
              -8.331795,
              31.725633
            ],
            [
              -8.330904,
              31.726239
            ],
            [
              -8.331036,
              31.72692
            ],
            [
              -8.329737,
              31.728536
            ],
            [
              -8.322768,
              31.732267
            ],
            [
              -8.321155,
              31.731193
            ],
            [
              -8.3207,
              31.730549
            ],
            [
              -8.320749,
              31.729103
            ],
            [
              -8.319956,
              31.72838
            ],
            [
              -8.313759,
              31.728131
            ],
            [
              -8.311257,
              31.729165
            ],
            [
              -8.309031,
              31.729162
            ],
            [
              -8.305447,
              31.730573
            ],
            [
              -8.304072,
              31.731268
            ],
            [
              -8.302856,
              31.732765
            ],
            [
              -8.300306,
              31.734014
            ],
            [
              -8.298568,
              31.733978
            ],
            [
              -8.297442,
              31.733111
            ],
            [
              -8.295458,
              31.73383
            ],
            [
              -8.291953,
              31.732843
            ],
            [
              -8.2908,
              31.733311
            ],
            [
              -8.289262,
              31.734955
            ],
            [
              -8.287617,
              31.735262
            ],
            [
              -8.285115,
              31.733959
            ],
            [
              -8.283176,
              31.730051
            ],
            [
              -8.2786,
              31.730243
            ],
            [
              -8.277746,
              31.728829
            ],
            [
              -8.276889,
              31.728445
            ],
            [
              -8.275017,
              31.728911
            ],
            [
              -8.274183,
              31.730948
            ],
            [
              -8.273411,
              31.731522
            ],
            [
              -8.271113,
              31.731924
            ],
            [
              -8.264052,
              31.729686
            ],
            [
              -8.26292,
              31.730864
            ],
            [
              -8.260388,
              31.731283
            ],
            [
              -8.257384,
              31.730232
            ],
            [
              -8.256649,
              31.729162
            ],
            [
              -8.254162,
              31.728256
            ],
            [
              -8.253065,
              31.729644
            ],
            [
              -8.253039,
              31.732629
            ],
            [
              -8.252079,
              31.733081
            ],
            [
              -8.249321,
              31.73215
            ],
            [
              -8.248361,
              31.732319
            ],
            [
              -8.24732,
              31.732789
            ],
            [
              -8.246457,
              31.735262
            ],
            [
              -8.24532,
              31.736074
            ],
            [
              -8.243704,
              31.736011
            ],
            [
              -8.240105,
              31.7338
            ],
            [
              -8.23936,
              31.734204
            ],
            [
              -8.238583,
              31.736122
            ],
            [
              -8.237939,
              31.736268
            ],
            [
              -8.234189,
              31.734865
            ],
            [
              -8.231013,
              31.735193
            ],
            [
              -8.229846,
              31.73631
            ]
          ]
        ]
      }
    },
    {
      "type": "Feature",
      "properties": {
        "commune_fr": "Harbil",
        "osm_id": 2824264,
        "centroid_lat": 31.736565,
        "centroid_lon": -8.131288
      },
      "geometry": {
        "type": "Polygon",
        "coordinates": [
          [
            [
              -8.229846,
              31.73631
            ],
            [
              -8.227859,
              31.736407
            ],
            [
              -8.227601,
              31.734071
            ],
            [
              -8.225654,
              31.731359
            ],
            [
              -8.224297,
              31.730977
            ],
            [
              -8.220853,
              31.73272
            ],
            [
              -8.21826,
              31.73228
            ],
            [
              -8.216819,
              31.730091
            ],
            [
              -8.215936,
              31.729419
            ],
            [
              -8.213759,
              31.72928
            ],
            [
              -8.212858,
              31.728152
            ],
            [
              -8.211082,
              31.728685
            ],
            [
              -8.208884,
              31.731251
            ],
            [
              -8.204362,
              31.733141
            ],
            [
              -8.201891,
              31.732644
            ],
            [
              -8.198167,
              31.73312
            ],
            [
              -8.194956,
              31.731822
            ],
            [
              -8.192839,
              31.732285
            ],
            [
              -8.190103,
              31.732025
            ],
            [
              -8.189765,
              31.73152
            ],
            [
              -8.188039,
              31.732687
            ],
            [
              -8.185816,
              31.731495
            ],
            [
              -8.183081,
              31.732595
            ],
            [
              -8.182137,
              31.732539
            ],
            [
              -8.180526,
              31.732204
            ],
            [
              -8.18031,
              31.731014
            ],
            [
              -8.179602,
              31.730587
            ],
            [
              -8.178296,
              31.730889
            ],
            [
              -8.176297,
              31.730567
            ],
            [
              -8.176089,
              31.730282
            ],
            [
              -8.176875,
              31.7298
            ],
            [
              -8.179292,
              31.728896
            ],
            [
              -8.178872,
              31.727551
            ],
            [
              -8.177795,
              31.727094
            ],
            [
              -8.17642,
              31.727809
            ],
            [
              -8.173922,
              31.728016
            ],
            [
              -8.172031,
              31.727056
            ],
            [
              -8.17146,
              31.725976
            ],
            [
              -8.170183,
              31.725347
            ],
            [
              -8.166926,
              31.727631
            ],
            [
              -8.165553,
              31.726875
            ],
            [
              -8.164614,
              31.725338
            ],
            [
              -8.163732,
              31.725567
            ],
            [
              -8.16082,
              31.723368
            ],
            [
              -8.159562,
              31.723875
            ],
            [
              -8.154393,
              31.72435
            ],
            [
              -8.148395,
              31.721624
            ],
            [
              -8.145595,
              31.719402
            ],
            [
              -8.142574,
              31.719346
            ],
            [
              -8.140596,
              31.718446
            ],
            [
              -8.137542,
              31.717913
            ],
            [
              -8.136008,
              31.718381
            ],
            [
              -8.134357,
              31.717991
            ],
            [
              -8.131199,
              31.719427
            ],
            [
              -8.129727,
              31.720894
            ],
            [
              -8.128062,
              31.720111
            ],
            [
              -8.126758,
              31.716076
            ],
            [
              -8.120931,
              31.716155
            ],
            [
              -8.118158,
              31.71411
            ],
            [
              -8.116463,
              31.713614
            ],
            [
              -8.116619,
              31.713269
            ],
            [
              -8.116043,
              31.712925
            ],
            [
              -8.112753,
              31.713554
            ],
            [
              -8.109869,
              31.713459
            ],
            [
              -8.107441,
              31.71226
            ],
            [
              -8.104928,
              31.711765
            ],
            [
              -8.101741,
              31.713215
            ],
            [
              -8.097715,
              31.713665
            ],
            [
              -8.097358,
              31.712751
            ],
            [
              -8.097857,
              31.711194
            ],
            [
              -8.09758,
              31.709541
            ],
            [
              -8.096406,
              31.708353
            ],
            [
              -8.093729,
              31.708559
            ],
            [
              -8.091343,
              31.711387
            ],
            [
              -8.089355,
              31.711425
            ],
            [
              -8.088679,
              31.710724
            ],
            [
              -8.090261,
              31.708598
            ],
            [
              -8.090206,
              31.707448
            ],
            [
              -8.089391,
              31.706413
            ],
            [
              -8.088107,
              31.706276
            ],
            [
              -8.086565,
              31.707217
            ],
            [
              -8.085972,
              31.709903
            ],
            [
              -8.084463,
              31.710427
            ],
            [
              -8.08278,
              31.709733
            ],
            [
              -8.082094,
              31.708934
            ],
            [
              -8.083424,
              31.706857
            ],
            [
              -8.082977,
              31.705623
            ],
            [
              -8.08317,
              31.704686
            ],
            [
              -8.082477,
              31.703999
            ],
            [
              -8.080417,
              31.703482
            ],
            [
              -8.078985,
              31.705698
            ],
            [
              -8.076512,
              31.704227
            ],
            [
              -8.074743,
              31.70417
            ],
            [
              -8.074029,
              31.703366
            ],
            [
              -8.071217,
              31.703778
            ],
            [
              -8.066617,
              31.698243
            ],
            [
              -8.064512,
              31.697059
            ],
            [
              -8.064157,
              31.697066
            ],
            [
              -8.062946,
              31.700508
            ],
            [
              -8.060809,
              31.701183
            ],
            [
              -8.057747,
              31.700283
            ],
            [
              -8.052349,
              31.701483
            ],
            [
              -8.052211,
              31.699458
            ],
            [
              -8.051632,
              31.698743
            ],
            [
              -8.050127,
              31.698205
            ],
            [
              -8.046664,
              31.698913
            ],
            [
              -8.042827,
              31.701096
            ],
            [
              -8.040684,
              31.701173
            ],
            [
              -8.037018,
              31.714955
            ],
            [
              -8.029507,
              31.729188
            ],
            [
              -8.024946,
              31.736221
            ],
            [
              -8.019159,
              31.757247
            ],
            [
              -8.009057,
              31.773535
            ],
            [
              -8.008087,
              31.796932
            ],
            [
              -8.0091,
              31.828084
            ],
            [
              -8.019623,
              31.853494
            ],
            [
              -8.032969,
              31.877921
            ],
            [
              -8.0532,
              31.878308
            ],
            [
              -8.069132,
              31.873729
            ],
            [
              -8.08431,
              31.871729
            ],
            [
              -8.111347,
              31.869324
            ],
            [
              -8.131431,
              31.864148
            ],
            [
              -8.153404,
              31.853942
            ],
            [
              -8.182629,
              31.853428
            ],
            [
              -8.19868,
              31.838992
            ],
            [
              -8.190226,
              31.833381
            ],
            [
              -8.178467,
              31.83112
            ],
            [
              -8.180269,
              31.825067
            ],
            [
              -8.187479,
              31.813909
            ],
            [
              -8.190397,
              31.793849
            ],
            [
              -8.188423,
              31.787356
            ],
            [
              -8.194989,
              31.777649
            ],
            [
              -8.200439,
              31.765102
            ],
            [
              -8.212584,
              31.756049
            ],
            [
              -8.222798,
              31.747656
            ],
            [
              -8.230175,
              31.737766
            ],
            [
              -8.229846,
              31.73631
            ]
          ]
        ]
      }
    },
    {
      "type": "Feature",
      "properties": {
        "commune_fr": "Loudaya",
        "osm_id": 2824265,
        "centroid_lat": 31.69408,
        "centroid_lon": -8.291665
      },
      "geometry": {
        "type": "Polygon",
        "coordinates": [
          [
            [
              -8.273084,
              31.575918
            ],
            [
              -8.267385,
              31.567131
            ],
            [
              -8.26081,
              31.562023
            ],
            [
              -8.255712,
              31.559964
            ],
            [
              -8.255369,
              31.564645
            ],
            [
              -8.256399,
              31.573055
            ],
            [
              -8.253738,
              31.576565
            ],
            [
              -8.246442,
              31.572616
            ],
            [
              -8.230993,
              31.561135
            ],
            [
              -8.222581,
              31.561793
            ],
            [
              -8.208763,
              31.552504
            ],
            [
              -8.201553,
              31.556015
            ],
            [
              -8.204299,
              31.574883
            ],
            [
              -8.209363,
              31.580513
            ],
            [
              -8.215286,
              31.582487
            ],
            [
              -8.229534,
              31.593747
            ],
            [
              -8.247816,
              31.611218
            ],
            [
              -8.25348,
              31.622252
            ],
            [
              -8.246391,
              31.620731
            ],
            [
              -8.243352,
              31.622617
            ],
            [
              -8.237516,
              31.628464
            ],
            [
              -8.236057,
              31.63336
            ],
            [
              -8.211028,
              31.632059
            ],
            [
              -8.210222,
              31.637745
            ],
            [
              -8.212367,
              31.642056
            ],
            [
              -8.216573,
              31.647317
            ],
            [
              -8.219835,
              31.653454
            ],
            [
              -8.231079,
              31.659007
            ],
            [
              -8.224075,
              31.665231
            ],
            [
              -8.2364,
              31.672303
            ],
            [
              -8.24567,
              31.675224
            ],
            [
              -8.239147,
              31.689467
            ],
            [
              -8.232624,
              31.710061
            ],
            [
              -8.218118,
              31.713784
            ],
            [
              -8.19915,
              31.716048
            ],
            [
              -8.197605,
              31.719552
            ],
            [
              -8.19812,
              31.723276
            ],
            [
              -8.199579,
              31.727072
            ],
            [
              -8.200177,
              31.730396
            ],
            [
              -8.199757,
              31.732849
            ],
            [
              -8.201891,
              31.732644
            ],
            [
              -8.204362,
              31.733141
            ],
            [
              -8.205726,
              31.7328
            ],
            [
              -8.206387,
              31.732072
            ],
            [
              -8.208884,
              31.731251
            ],
            [
              -8.211082,
              31.728685
            ],
            [
              -8.212858,
              31.728152
            ],
            [
              -8.213759,
              31.72928
            ],
            [
              -8.215936,
              31.729419
            ],
            [
              -8.216819,
              31.730091
            ],
            [
              -8.21826,
              31.73228
            ],
            [
              -8.220853,
              31.73272
            ],
            [
              -8.224297,
              31.730977
            ],
            [
              -8.225654,
              31.731359
            ],
            [
              -8.227601,
              31.734071
            ],
            [
              -8.227859,
              31.736407
            ],
            [
              -8.228337,
              31.736615
            ],
            [
              -8.229624,
              31.736478
            ],
            [
              -8.231013,
              31.735193
            ],
            [
              -8.234189,
              31.734865
            ],
            [
              -8.237939,
              31.736268
            ],
            [
              -8.238583,
              31.736122
            ],
            [
              -8.23936,
              31.734204
            ],
            [
              -8.240105,
              31.7338
            ],
            [
              -8.244375,
              31.736254
            ],
            [
              -8.24628,
              31.735536
            ],
            [
              -8.24732,
              31.732789
            ],
            [
              -8.248361,
              31.732319
            ],
            [
              -8.249321,
              31.73215
            ],
            [
              -8.252079,
              31.733081
            ],
            [
              -8.253039,
              31.732629
            ],
            [
              -8.253065,
              31.729644
            ],
            [
              -8.254162,
              31.728256
            ],
            [
              -8.256649,
              31.729162
            ],
            [
              -8.257384,
              31.730232
            ],
            [
              -8.260388,
              31.731283
            ],
            [
              -8.26292,
              31.730864
            ],
            [
              -8.264052,
              31.729686
            ],
            [
              -8.271113,
              31.731924
            ],
            [
              -8.273411,
              31.731522
            ],
            [
              -8.274183,
              31.730948
            ],
            [
              -8.275017,
              31.728911
            ],
            [
              -8.276889,
              31.728445
            ],
            [
              -8.277746,
              31.728829
            ],
            [
              -8.2786,
              31.730243
            ],
            [
              -8.283176,
              31.730051
            ],
            [
              -8.285115,
              31.733959
            ],
            [
              -8.287617,
              31.735262
            ],
            [
              -8.289262,
              31.734955
            ],
            [
              -8.2908,
              31.733311
            ],
            [
              -8.291953,
              31.732843
            ],
            [
              -8.295458,
              31.73383
            ],
            [
              -8.297442,
              31.733111
            ],
            [
              -8.298568,
              31.733978
            ],
            [
              -8.300306,
              31.734014
            ],
            [
              -8.302856,
              31.732765
            ],
            [
              -8.304072,
              31.731268
            ],
            [
              -8.305447,
              31.730573
            ],
            [
              -8.309031,
              31.729162
            ],
            [
              -8.311257,
              31.729165
            ],
            [
              -8.313759,
              31.728131
            ],
            [
              -8.319956,
              31.72838
            ],
            [
              -8.320749,
              31.729103
            ],
            [
              -8.3207,
              31.730549
            ],
            [
              -8.321155,
              31.731193
            ],
            [
              -8.322768,
              31.732267
            ],
            [
              -8.329737,
              31.728536
            ],
            [
              -8.331036,
              31.72692
            ],
            [
              -8.330904,
              31.726239
            ],
            [
              -8.331795,
              31.725633
            ],
            [
              -8.333998,
              31.726387
            ],
            [
              -8.3371,
              31.729446
            ],
            [
              -8.340184,
              31.730143
            ],
            [
              -8.34609,
              31.729819
            ],
            [
              -8.348273,
              31.728906
            ],
            [
              -8.350237,
              31.729258
            ],
            [
              -8.352211,
              31.73159
            ],
            [
              -8.352069,
              31.732747
            ],
            [
              -8.350913,
              31.733606
            ],
            [
              -8.352267,
              31.734974
            ],
            [
              -8.355735,
              31.734974
            ],
            [
              -8.358868,
              31.737657
            ],
            [
              -8.361923,
              31.737881
            ],
            [
              -8.365123,
              31.735604
            ],
            [
              -8.369175,
              31.73612
            ],
            [
              -8.374255,
              31.734903
            ],
            [
              -8.376935,
              31.735485
            ],
            [
              -8.381056,
              31.734372
            ],
            [
              -8.384166,
              31.734199
            ],
            [
              -8.384703,
              31.733259
            ],
            [
              -8.387494,
              31.732138
            ],
            [
              -8.38863,
              31.733638
            ],
            [
              -8.389542,
              31.733742
            ],
            [
              -8.390324,
              31.734463
            ],
            [
              -8.392775,
              31.734887
            ],
            [
              -8.393157,
              31.734331
            ],
            [
              -8.394819,
              31.733756
            ],
            [
              -8.397299,
              31.734162
            ],
            [
              -8.398688,
              31.73356
            ],
            [
              -8.399471,
              31.733893
            ],
            [
              -8.401129,
              31.733638
            ],
            [
              -8.403286,
              31.732798
            ],
            [
              -8.404616,
              31.731648
            ],
            [
              -8.407834,
              31.731366
            ],
            [
              -8.408952,
              31.730106
            ],
            [
              -8.40845,
              31.726998
            ],
            [
              -8.405669,
              31.725465
            ],
            [
              -8.398275,
              31.714663
            ],
            [
              -8.396005,
              31.710497
            ],
            [
              -8.391541,
              31.705313
            ],
            [
              -8.375015,
              31.693997
            ],
            [
              -8.366432,
              31.684503
            ],
            [
              -8.362648,
              31.682653
            ],
            [
              -8.353988,
              31.680739
            ],
            [
              -8.340427,
              31.676539
            ],
            [
              -8.334968,
              31.672171
            ],
            [
              -8.334633,
              31.664815
            ],
            [
              -8.335406,
              31.662587
            ],
            [
              -8.350555,
              31.659043
            ],
            [
              -8.345877,
              31.652614
            ],
            [
              -8.340118,
              31.642326
            ],
            [
              -8.331492,
              31.64039
            ],
            [
              -8.328239,
              31.640083
            ],
            [
              -8.325063,
              31.637891
            ],
            [
              -8.319441,
              31.627477
            ],
            [
              -8.319742,
              31.624227
            ],
            [
              -8.321673,
              31.618343
            ],
            [
              -8.323724,
              31.616236
            ],
            [
              -8.324196,
              31.613568
            ],
            [
              -8.322317,
              31.610632
            ],
            [
              -8.317197,
              31.609552
            ],
            [
              -8.311622,
              31.60604
            ],
            [
              -8.307897,
              31.60303
            ],
            [
              -8.301245,
              31.601129
            ],
            [
              -8.294121,
              31.597072
            ],
            [
              -8.285581,
              31.590492
            ],
            [
              -8.277762,
              31.582243
            ],
            [
              -8.273084,
              31.575918
            ]
          ]
        ]
      }
    },
    {
      "type": "Feature",
      "properties": {
        "commune_fr": "Oulad Hassoun",
        "osm_id": 2824269,
        "centroid_lat": 31.648054,
        "centroid_lon": -7.829921
      },
      "geometry": {
        "type": "Polygon",
        "coordinates": [
          [
            [
              -7.816736,
              31.691906
            ],
            [
              -7.804548,
              31.678131
            ],
            [
              -7.759599,
              31.686363
            ],
            [
              -7.73605,
              31.67034
            ],
            [
              -7.739701,
              31.641979
            ],
            [
              -7.744413,
              31.580571
            ],
            [
              -7.753262,
              31.582338
            ],
            [
              -7.767424,
              31.590965
            ],
            [
              -7.783646,
              31.601785
            ],
            [
              -7.800709,
              31.610477
            ],
            [
              -7.817292,
              31.613554
            ],
            [
              -7.825102,
              31.607926
            ],
            [
              -7.829308,
              31.611434
            ],
            [
              -7.837376,
              31.61984
            ],
            [
              -7.850766,
              31.646806
            ],
            [
              -7.861821,
              31.64088
            ],
            [
              -7.887244,
              31.644029
            ],
            [
              -7.8869,
              31.649875
            ],
            [
              -7.880446,
              31.651402
            ],
            [
              -7.881579,
              31.660395
            ],
            [
              -7.868372,
              31.660586
            ],
            [
              -7.861477,
              31.663529
            ],
            [
              -7.860207,
              31.667774
            ],
            [
              -7.870764,
              31.675152
            ],
            [
              -7.876772,
              31.682018
            ],
            [
              -7.878832,
              31.687203
            ],
            [
              -7.879844,
              31.691923
            ],
            [
              -7.860859,
              31.692425
            ],
            [
              -7.846674,
              31.69195
            ],
            [
              -7.816736,
              31.691906
            ]
          ]
        ]
      }
    },
    {
      "type": "Feature",
      "properties": {
        "commune_fr": "Al Ouidane",
        "osm_id": 2824270,
        "centroid_lat": 31.633271,
        "centroid_lon": -7.870063
      },
      "geometry": {
        "type": "Polygon",
        "coordinates": [
          [
            [
              -7.927702,
              31.691405
            ],
            [
              -7.924902,
              31.687776
            ],
            [
              -7.922412,
              31.683469
            ],
            [
              -7.925095,
              31.681289
            ],
            [
              -7.917284,
              31.655137
            ],
            [
              -7.914709,
              31.644689
            ],
            [
              -7.914709,
              31.637674
            ],
            [
              -7.915911,
              31.631901
            ],
            [
              -7.918314,
              31.628174
            ],
            [
              -7.919859,
              31.61531
            ],
            [
              -7.917281,
              31.610813
            ],
            [
              -7.915358,
              31.605451
            ],
            [
              -7.913937,
              31.596597
            ],
            [
              -7.91531,
              31.590024
            ],
            [
              -7.904238,
              31.587533
            ],
            [
              -7.899518,
              31.590961
            ],
            [
              -7.897287,
              31.588182
            ],
            [
              -7.888995,
              31.58585
            ],
            [
              -7.865821,
              31.577222
            ],
            [
              -7.856088,
              31.576045
            ],
            [
              -7.84196,
              31.573566
            ],
            [
              -7.83166,
              31.57576
            ],
            [
              -7.823446,
              31.576717
            ],
            [
              -7.819311,
              31.569237
            ],
            [
              -7.794799,
              31.571085
            ],
            [
              -7.797962,
              31.57844
            ],
            [
              -7.793928,
              31.581647
            ],
            [
              -7.788491,
              31.578097
            ],
            [
              -7.744657,
              31.56877
            ],
            [
              -7.744413,
              31.580571
            ],
            [
              -7.753262,
              31.582338
            ],
            [
              -7.767424,
              31.590965
            ],
            [
              -7.783646,
              31.601785
            ],
            [
              -7.800709,
              31.610477
            ],
            [
              -7.817292,
              31.613554
            ],
            [
              -7.825102,
              31.607926
            ],
            [
              -7.829308,
              31.611434
            ],
            [
              -7.837376,
              31.61984
            ],
            [
              -7.850766,
              31.646806
            ],
            [
              -7.861821,
              31.64088
            ],
            [
              -7.887244,
              31.644029
            ],
            [
              -7.8869,
              31.649875
            ],
            [
              -7.880446,
              31.651402
            ],
            [
              -7.881579,
              31.660395
            ],
            [
              -7.868372,
              31.660586
            ],
            [
              -7.861477,
              31.663529
            ],
            [
              -7.860207,
              31.667774
            ],
            [
              -7.870764,
              31.675152
            ],
            [
              -7.876772,
              31.682018
            ],
            [
              -7.878832,
              31.687203
            ],
            [
              -7.879844,
              31.691923
            ],
            [
              -7.89467,
              31.69153
            ],
            [
              -7.904369,
              31.688798
            ],
            [
              -7.905545,
              31.691596
            ],
            [
              -7.907398,
              31.690631
            ],
            [
              -7.910446,
              31.688038
            ],
            [
              -7.911726,
              31.687974
            ],
            [
              -7.915545,
              31.689793
            ],
            [
              -7.91676,
              31.688342
            ],
            [
              -7.918783,
              31.687835
            ],
            [
              -7.92127,
              31.688826
            ],
            [
              -7.92287,
              31.690154
            ],
            [
              -7.927702,
              31.691405
            ]
          ]
        ]
      }
    },
    {
      "type": "Feature",
      "properties": {
        "commune_fr": "Ouahat Sidi Brahim",
        "osm_id": 2824271,
        "centroid_lat": 31.702178,
        "centroid_lon": -7.979661
      },
      "geometry": {
        "type": "Polygon",
        "coordinates": [
          [
            [
              -8.026013,
              31.698263
            ],
            [
              -8.024106,
              31.698664
            ],
            [
              -8.023376,
              31.697354
            ],
            [
              -8.021374,
              31.696254
            ],
            [
              -8.01907,
              31.695828
            ],
            [
              -8.015864,
              31.697362
            ],
            [
              -8.013276,
              31.697938
            ],
            [
              -8.012332,
              31.697879
            ],
            [
              -8.011871,
              31.695993
            ],
            [
              -8.01039,
              31.695218
            ],
            [
              -8.008406,
              31.695316
            ],
            [
              -8.005707,
              31.69654
            ],
            [
              -8.003808,
              31.696588
            ],
            [
              -8.000531,
              31.691732
            ],
            [
              -7.995601,
              31.693637
            ],
            [
              -7.993881,
              31.693851
            ],
            [
              -7.991889,
              31.693318
            ],
            [
              -7.989688,
              31.691889
            ],
            [
              -7.984592,
              31.69097
            ],
            [
              -7.982534,
              31.69104
            ],
            [
              -7.979598,
              31.690149
            ],
            [
              -7.971159,
              31.69051
            ],
            [
              -7.96888,
              31.689952
            ],
            [
              -7.964638,
              31.689959
            ],
            [
              -7.957411,
              31.690411
            ],
            [
              -7.954381,
              31.687848
            ],
            [
              -7.951661,
              31.687651
            ],
            [
              -7.945064,
              31.688778
            ],
            [
              -7.941927,
              31.692245
            ],
            [
              -7.936151,
              31.69429
            ],
            [
              -7.928844,
              31.691599
            ],
            [
              -7.92287,
              31.690154
            ],
            [
              -7.92127,
              31.688826
            ],
            [
              -7.918783,
              31.687835
            ],
            [
              -7.91676,
              31.688342
            ],
            [
              -7.915545,
              31.689793
            ],
            [
              -7.910855,
              31.687948
            ],
            [
              -7.905545,
              31.691596
            ],
            [
              -7.906606,
              31.695023
            ],
            [
              -7.896044,
              31.706106
            ],
            [
              -7.905557,
              31.71884
            ],
            [
              -7.911845,
              31.734613
            ],
            [
              -7.932882,
              31.727524
            ],
            [
              -7.949748,
              31.767135
            ],
            [
              -7.983385,
              31.760925
            ],
            [
              -7.985153,
              31.744452
            ],
            [
              -8.00256,
              31.746386
            ],
            [
              -8.011288,
              31.72613
            ],
            [
              -8.024946,
              31.736221
            ],
            [
              -8.029507,
              31.729188
            ],
            [
              -8.037018,
              31.714955
            ],
            [
              -8.040684,
              31.701173
            ],
            [
              -8.039487,
              31.700693
            ],
            [
              -8.038827,
              31.698241
            ],
            [
              -8.037513,
              31.697206
            ],
            [
              -8.0321,
              31.698372
            ],
            [
              -8.029895,
              31.697428
            ],
            [
              -8.026013,
              31.698263
            ]
          ]
        ]
      }
    },
    {
      "type": "Feature",
      "properties": {
        "commune_fr": "Souihla",
        "osm_id": 2824274,
        "centroid_lat": 31.62404,
        "centroid_lon": -8.202547
      },
      "geometry": {
        "type": "Polygon",
        "coordinates": [
          [
            [
              -8.19915,
              31.716048
            ],
            [
              -8.199836,
              31.709038
            ],
            [
              -8.195888,
              31.693484
            ],
            [
              -8.19769,
              31.686619
            ],
            [
              -8.196746,
              31.679899
            ],
            [
              -8.194515,
              31.671353
            ],
            [
              -8.190481,
              31.651774
            ],
            [
              -8.178379,
              31.639645
            ],
            [
              -8.169624,
              31.641033
            ],
            [
              -8.163787,
              31.637891
            ],
            [
              -8.15941,
              31.629414
            ],
            [
              -8.180801,
              31.631523
            ],
            [
              -8.184652,
              31.631317
            ],
            [
              -8.187305,
              31.625906
            ],
            [
              -8.184301,
              31.619036
            ],
            [
              -8.176662,
              31.613338
            ],
            [
              -8.170774,
              31.607063
            ],
            [
              -8.154689,
              31.585997
            ],
            [
              -8.148509,
              31.579343
            ],
            [
              -8.165418,
              31.553382
            ],
            [
              -8.174087,
              31.538094
            ],
            [
              -8.176045,
              31.530413
            ],
            [
              -8.178893,
              31.52295
            ],
            [
              -8.188859,
              31.511075
            ],
            [
              -8.191339,
              31.519438
            ],
            [
              -8.195201,
              31.528877
            ],
            [
              -8.201553,
              31.556015
            ],
            [
              -8.204299,
              31.574883
            ],
            [
              -8.209363,
              31.580513
            ],
            [
              -8.215286,
              31.582487
            ],
            [
              -8.229534,
              31.593747
            ],
            [
              -8.247816,
              31.611218
            ],
            [
              -8.25348,
              31.622252
            ],
            [
              -8.246391,
              31.620731
            ],
            [
              -8.243352,
              31.622617
            ],
            [
              -8.237516,
              31.628464
            ],
            [
              -8.236057,
              31.63336
            ],
            [
              -8.211028,
              31.632059
            ],
            [
              -8.210222,
              31.637745
            ],
            [
              -8.212367,
              31.642056
            ],
            [
              -8.216573,
              31.647317
            ],
            [
              -8.219835,
              31.653454
            ],
            [
              -8.231079,
              31.659007
            ],
            [
              -8.224075,
              31.665231
            ],
            [
              -8.2364,
              31.672303
            ],
            [
              -8.24567,
              31.675224
            ],
            [
              -8.239147,
              31.689467
            ],
            [
              -8.232624,
              31.710061
            ],
            [
              -8.218118,
              31.713784
            ],
            [
              -8.19915,
              31.716048
            ]
          ]
        ]
      }
    },
    {
      "type": "Feature",
      "properties": {
        "commune_fr": "Agafay",
        "osm_id": 2824275,
        "centroid_lat": 31.496341,
        "centroid_lon": -8.246395
      },
      "geometry": {
        "type": "Polygon",
        "coordinates": [
          [
            [
              -8.188859,
              31.511075
            ],
            [
              -8.191339,
              31.519438
            ],
            [
              -8.195201,
              31.528877
            ],
            [
              -8.201553,
              31.556015
            ],
            [
              -8.208763,
              31.552504
            ],
            [
              -8.222581,
              31.561793
            ],
            [
              -8.230993,
              31.561135
            ],
            [
              -8.246442,
              31.572616
            ],
            [
              -8.253738,
              31.576565
            ],
            [
              -8.256399,
              31.573055
            ],
            [
              -8.255369,
              31.564645
            ],
            [
              -8.255712,
              31.559964
            ],
            [
              -8.26081,
              31.562023
            ],
            [
              -8.267385,
              31.567131
            ],
            [
              -8.273084,
              31.575918
            ],
            [
              -8.276911,
              31.574212
            ],
            [
              -8.28249,
              31.574212
            ],
            [
              -8.286867,
              31.573481
            ],
            [
              -8.287039,
              31.57136
            ],
            [
              -8.283949,
              31.57019
            ],
            [
              -8.283263,
              31.568728
            ],
            [
              -8.28549,
              31.566834
            ],
            [
              -8.285232,
              31.561422
            ],
            [
              -8.278113,
              31.560098
            ],
            [
              -8.277422,
              31.55857
            ],
            [
              -8.279396,
              31.555644
            ],
            [
              -8.280945,
              31.551614
            ],
            [
              -8.285661,
              31.535898
            ],
            [
              -8.286335,
              31.523951
            ],
            [
              -8.290344,
              31.520187
            ],
            [
              -8.290249,
              31.515808
            ],
            [
              -8.293245,
              31.5149
            ],
            [
              -8.294245,
              31.513005
            ],
            [
              -8.294249,
              31.510898
            ],
            [
              -8.292562,
              31.505329
            ],
            [
              -8.291335,
              31.497509
            ],
            [
              -8.28861,
              31.488299
            ],
            [
              -8.292507,
              31.481349
            ],
            [
              -8.288623,
              31.473403
            ],
            [
              -8.287082,
              31.465464
            ],
            [
              -8.283121,
              31.451297
            ],
            [
              -8.282819,
              31.435443
            ],
            [
              -8.269529,
              31.421841
            ],
            [
              -8.265025,
              31.409868
            ],
            [
              -8.265643,
              31.401114
            ],
            [
              -8.265573,
              31.387602
            ],
            [
              -8.261821,
              31.363279
            ],
            [
              -8.25075,
              31.375761
            ],
            [
              -8.244416,
              31.377446
            ],
            [
              -8.234116,
              31.378187
            ],
            [
              -8.227095,
              31.373497
            ],
            [
              -8.222924,
              31.385785
            ],
            [
              -8.218932,
              31.395735
            ],
            [
              -8.204578,
              31.409777
            ],
            [
              -8.195073,
              31.414351
            ],
            [
              -8.175795,
              31.417468
            ],
            [
              -8.165706,
              31.431461
            ],
            [
              -8.155552,
              31.439575
            ],
            [
              -8.147112,
              31.433187
            ],
            [
              -8.13398,
              31.435501
            ],
            [
              -8.144794,
              31.472874
            ],
            [
              -8.150802,
              31.489417
            ],
            [
              -8.160466,
              31.495272
            ],
            [
              -8.173289,
              31.494979
            ],
            [
              -8.188859,
              31.511075
            ]
          ]
        ]
      }
    },
    {
      "type": "Feature",
      "properties": {
        "commune_fr": "Ait Imour",
        "osm_id": 2824276,
        "centroid_lat": 31.557205,
        "centroid_lon": -8.320559
      },
      "geometry": {
        "type": "Polygon",
        "coordinates": [
          [
            [
              -8.323724,
              31.616236
            ],
            [
              -8.326351,
              31.616114
            ],
            [
              -8.377162,
              31.604894
            ],
            [
              -8.382198,
              31.603158
            ],
            [
              -8.384714,
              31.598863
            ],
            [
              -8.386245,
              31.592121
            ],
            [
              -8.38092,
              31.582761
            ],
            [
              -8.385897,
              31.571809
            ],
            [
              -8.402158,
              31.571429
            ],
            [
              -8.413964,
              31.562401
            ],
            [
              -8.414307,
              31.55376
            ],
            [
              -8.408848,
              31.541204
            ],
            [
              -8.412161,
              31.532301
            ],
            [
              -8.380661,
              31.532312
            ],
            [
              -8.364152,
              31.528863
            ],
            [
              -8.356544,
              31.523777
            ],
            [
              -8.339199,
              31.516907
            ],
            [
              -8.327985,
              31.508901
            ],
            [
              -8.31584,
              31.497442
            ],
            [
              -8.305115,
              31.493433
            ],
            [
              -8.292507,
              31.481349
            ],
            [
              -8.28861,
              31.488299
            ],
            [
              -8.291335,
              31.497509
            ],
            [
              -8.292562,
              31.505329
            ],
            [
              -8.294249,
              31.510898
            ],
            [
              -8.294245,
              31.513005
            ],
            [
              -8.293245,
              31.5149
            ],
            [
              -8.290249,
              31.515808
            ],
            [
              -8.290344,
              31.520187
            ],
            [
              -8.286335,
              31.523951
            ],
            [
              -8.285661,
              31.535898
            ],
            [
              -8.280945,
              31.551614
            ],
            [
              -8.279396,
              31.555644
            ],
            [
              -8.277422,
              31.55857
            ],
            [
              -8.278113,
              31.560098
            ],
            [
              -8.285232,
              31.561422
            ],
            [
              -8.28549,
              31.566834
            ],
            [
              -8.283263,
              31.568728
            ],
            [
              -8.283949,
              31.57019
            ],
            [
              -8.287039,
              31.57136
            ],
            [
              -8.286867,
              31.573481
            ],
            [
              -8.28249,
              31.574212
            ],
            [
              -8.276911,
              31.574212
            ],
            [
              -8.273084,
              31.575918
            ],
            [
              -8.277762,
              31.582243
            ],
            [
              -8.285581,
              31.590492
            ],
            [
              -8.294121,
              31.597072
            ],
            [
              -8.301245,
              31.601129
            ],
            [
              -8.307897,
              31.60303
            ],
            [
              -8.311622,
              31.60604
            ],
            [
              -8.317197,
              31.609552
            ],
            [
              -8.322317,
              31.610632
            ],
            [
              -8.324196,
              31.613568
            ],
            [
              -8.323724,
              31.616236
            ]
          ]
        ]
      }
    },
    {
      "type": "Feature",
      "properties": {
        "commune_fr": "Saâda",
        "osm_id": 2824277,
        "centroid_lat": 31.657923,
        "centroid_lon": -8.128735
      },
      "geometry": {
        "type": "Polygon",
        "coordinates": [
          [
            [
              -8.191452,
              31.732139
            ],
            [
              -8.192839,
              31.732285
            ],
            [
              -8.194362,
              31.731741
            ],
            [
              -8.197871,
              31.733076
            ],
            [
              -8.199375,
              31.733086
            ],
            [
              -8.200177,
              31.730396
            ],
            [
              -8.199579,
              31.727072
            ],
            [
              -8.19812,
              31.723276
            ],
            [
              -8.197605,
              31.719552
            ],
            [
              -8.19915,
              31.716048
            ],
            [
              -8.199836,
              31.709038
            ],
            [
              -8.195888,
              31.693484
            ],
            [
              -8.19769,
              31.686619
            ],
            [
              -8.196746,
              31.679899
            ],
            [
              -8.194515,
              31.671353
            ],
            [
              -8.190481,
              31.651774
            ],
            [
              -8.178379,
              31.639645
            ],
            [
              -8.169624,
              31.641033
            ],
            [
              -8.163787,
              31.637891
            ],
            [
              -8.15941,
              31.629414
            ],
            [
              -8.180801,
              31.631523
            ],
            [
              -8.184652,
              31.631317
            ],
            [
              -8.187305,
              31.625906
            ],
            [
              -8.184301,
              31.619036
            ],
            [
              -8.176662,
              31.613338
            ],
            [
              -8.170774,
              31.607063
            ],
            [
              -8.154689,
              31.585997
            ],
            [
              -8.148509,
              31.579343
            ],
            [
              -8.165418,
              31.553382
            ],
            [
              -8.174087,
              31.538094
            ],
            [
              -8.176045,
              31.530413
            ],
            [
              -8.178893,
              31.52295
            ],
            [
              -8.188859,
              31.511075
            ],
            [
              -8.182202,
              31.504424
            ],
            [
              -8.144822,
              31.534509
            ],
            [
              -8.133818,
              31.531596
            ],
            [
              -8.128257,
              31.533744
            ],
            [
              -8.122905,
              31.537943
            ],
            [
              -8.115,
              31.53949
            ],
            [
              -8.107207,
              31.541864
            ],
            [
              -8.101907,
              31.545236
            ],
            [
              -8.098675,
              31.550158
            ],
            [
              -8.094499,
              31.551746
            ],
            [
              -8.078295,
              31.540152
            ],
            [
              -8.071441,
              31.530309
            ],
            [
              -8.065393,
              31.527587
            ],
            [
              -8.06551,
              31.532899
            ],
            [
              -8.064137,
              31.538813
            ],
            [
              -8.066197,
              31.539482
            ],
            [
              -8.070059,
              31.547006
            ],
            [
              -8.080101,
              31.560837
            ],
            [
              -8.080418,
              31.56506
            ],
            [
              -8.082678,
              31.56786
            ],
            [
              -8.074953,
              31.573344
            ],
            [
              -8.074652,
              31.57648
            ],
            [
              -8.076877,
              31.57735
            ],
            [
              -8.076629,
              31.581532
            ],
            [
              -8.072507,
              31.591368
            ],
            [
              -8.073494,
              31.597253
            ],
            [
              -8.076371,
              31.603831
            ],
            [
              -8.077098,
              31.60873
            ],
            [
              -8.076285,
              31.611944
            ],
            [
              -8.076283,
              31.615893
            ],
            [
              -8.078939,
              31.617487
            ],
            [
              -8.082103,
              31.621575
            ],
            [
              -8.085861,
              31.623336
            ],
            [
              -8.087397,
              31.625673
            ],
            [
              -8.088067,
              31.628297
            ],
            [
              -8.069646,
              31.627975
            ],
            [
              -8.070846,
              31.632774
            ],
            [
              -8.069419,
              31.63873
            ],
            [
              -8.069586,
              31.641629
            ],
            [
              -8.067702,
              31.649763
            ],
            [
              -8.068679,
              31.652229
            ],
            [
              -8.070092,
              31.653391
            ],
            [
              -8.069877,
              31.654505
            ],
            [
              -8.065846,
              31.653205
            ],
            [
              -8.066894,
              31.658469
            ],
            [
              -8.068625,
              31.6617
            ],
            [
              -8.068412,
              31.668498
            ],
            [
              -8.074503,
              31.671791
            ],
            [
              -8.074379,
              31.677688
            ],
            [
              -8.070706,
              31.679058
            ],
            [
              -8.070964,
              31.683221
            ],
            [
              -8.088471,
              31.684538
            ],
            [
              -8.088299,
              31.692389
            ],
            [
              -8.089332,
              31.700858
            ],
            [
              -8.088107,
              31.706276
            ],
            [
              -8.08987,
              31.706711
            ],
            [
              -8.090347,
              31.708142
            ],
            [
              -8.088679,
              31.710724
            ],
            [
              -8.089355,
              31.711425
            ],
            [
              -8.091343,
              31.711387
            ],
            [
              -8.093729,
              31.708559
            ],
            [
              -8.096406,
              31.708353
            ],
            [
              -8.09758,
              31.709541
            ],
            [
              -8.097857,
              31.711194
            ],
            [
              -8.097358,
              31.712751
            ],
            [
              -8.097715,
              31.713665
            ],
            [
              -8.101741,
              31.713215
            ],
            [
              -8.104928,
              31.711765
            ],
            [
              -8.107441,
              31.71226
            ],
            [
              -8.109869,
              31.713459
            ],
            [
              -8.113454,
              31.713483
            ],
            [
              -8.115619,
              31.71284
            ],
            [
              -8.120931,
              31.716155
            ],
            [
              -8.126758,
              31.716076
            ],
            [
              -8.128062,
              31.720111
            ],
            [
              -8.129313,
              31.720836
            ],
            [
              -8.130045,
              31.720847
            ],
            [
              -8.131199,
              31.719427
            ],
            [
              -8.133644,
              31.718201
            ],
            [
              -8.138128,
              31.717989
            ],
            [
              -8.142574,
              31.719346
            ],
            [
              -8.145595,
              31.719402
            ],
            [
              -8.148395,
              31.721624
            ],
            [
              -8.154393,
              31.72435
            ],
            [
              -8.159562,
              31.723875
            ],
            [
              -8.16082,
              31.723368
            ],
            [
              -8.163732,
              31.725567
            ],
            [
              -8.164614,
              31.725338
            ],
            [
              -8.165553,
              31.726875
            ],
            [
              -8.166926,
              31.727631
            ],
            [
              -8.170183,
              31.725347
            ],
            [
              -8.17146,
              31.725976
            ],
            [
              -8.172031,
              31.727056
            ],
            [
              -8.173922,
              31.728016
            ],
            [
              -8.17642,
              31.727809
            ],
            [
              -8.177795,
              31.727094
            ],
            [
              -8.178872,
              31.727551
            ],
            [
              -8.179292,
              31.728896
            ],
            [
              -8.176089,
              31.730282
            ],
            [
              -8.17776,
              31.73086
            ],
            [
              -8.179602,
              31.730587
            ],
            [
              -8.18031,
              31.731014
            ],
            [
              -8.180526,
              31.732204
            ],
            [
              -8.183081,
              31.732595
            ],
            [
              -8.185816,
              31.731495
            ],
            [
              -8.187593,
              31.732706
            ],
            [
              -8.189242,
              31.731527
            ],
            [
              -8.191452,
              31.732139
            ]
          ]
        ]
      }
    },
    {
      "type": "Feature",
      "properties": {
        "commune_fr": "Tasoultante",
        "osm_id": 2824278,
        "centroid_lat": 31.559626,
        "centroid_lon": -8.007368
      },
      "geometry": {
        "type": "Polygon",
        "coordinates": [
          [
            [
              -8.007556,
              31.590768
            ],
            [
              -8.016622,
              31.594797
            ],
            [
              -8.020045,
              31.599555
            ],
            [
              -8.027085,
              31.595708
            ],
            [
              -8.035087,
              31.589282
            ],
            [
              -8.036144,
              31.588911
            ],
            [
              -8.031784,
              31.588224
            ],
            [
              -8.030845,
              31.586946
            ],
            [
              -8.029666,
              31.583448
            ],
            [
              -8.033534,
              31.582893
            ],
            [
              -8.044038,
              31.577168
            ],
            [
              -8.046516,
              31.575736
            ],
            [
              -8.0469,
              31.574469
            ],
            [
              -8.048452,
              31.573645
            ],
            [
              -8.049437,
              31.572266
            ],
            [
              -8.053045,
              31.57189
            ],
            [
              -8.055487,
              31.56932
            ],
            [
              -8.063206,
              31.57074
            ],
            [
              -8.068603,
              31.572794
            ],
            [
              -8.071863,
              31.56998
            ],
            [
              -8.074953,
              31.573344
            ],
            [
              -8.082678,
              31.56786
            ],
            [
              -8.080418,
              31.56506
            ],
            [
              -8.080101,
              31.560837
            ],
            [
              -8.070059,
              31.547006
            ],
            [
              -8.066197,
              31.539482
            ],
            [
              -8.064137,
              31.538813
            ],
            [
              -8.06551,
              31.532899
            ],
            [
              -8.065393,
              31.527587
            ],
            [
              -8.062092,
              31.52472
            ],
            [
              -8.060527,
              31.53008
            ],
            [
              -8.055131,
              31.543396
            ],
            [
              -8.051542,
              31.544045
            ],
            [
              -8.045424,
              31.548981
            ],
            [
              -8.036237,
              31.532017
            ],
            [
              -7.984499,
              31.521591
            ],
            [
              -7.979042,
              31.502857
            ],
            [
              -7.93833,
              31.494447
            ],
            [
              -7.913584,
              31.490211
            ],
            [
              -7.912939,
              31.491979
            ],
            [
              -7.915009,
              31.505165
            ],
            [
              -7.911962,
              31.516622
            ],
            [
              -7.923678,
              31.536976
            ],
            [
              -7.920595,
              31.546867
            ],
            [
              -7.920509,
              31.554249
            ],
            [
              -7.924781,
              31.556504
            ],
            [
              -7.927356,
              31.562247
            ],
            [
              -7.929768,
              31.559104
            ],
            [
              -7.935622,
              31.556211
            ],
            [
              -7.936454,
              31.552324
            ],
            [
              -7.951827,
              31.553121
            ],
            [
              -7.968847,
              31.556964
            ],
            [
              -7.97546,
              31.55646
            ],
            [
              -7.978833,
              31.563971
            ],
            [
              -7.976206,
              31.567221
            ],
            [
              -7.977251,
              31.57106
            ],
            [
              -7.979957,
              31.572667
            ],
            [
              -7.980188,
              31.573697
            ],
            [
              -7.979493,
              31.574667
            ],
            [
              -7.98033,
              31.580191
            ],
            [
              -7.984659,
              31.581823
            ],
            [
              -7.987951,
              31.581643
            ],
            [
              -7.988321,
              31.584316
            ],
            [
              -8.002421,
              31.577001
            ],
            [
              -8.003204,
              31.574652
            ],
            [
              -8.010328,
              31.575603
            ],
            [
              -8.010782,
              31.577515
            ],
            [
              -8.014491,
              31.579981
            ],
            [
              -8.007556,
              31.590768
            ]
          ]
        ]
      }
    },
    {
      "type": "Feature",
      "properties": {
        "commune_fr": "Gmassa",
        "osm_id": 2830962,
        "centroid_lat": 31.418153,
        "centroid_lon": -8.394616
      },
      "geometry": {
        "type": "Polygon",
        "coordinates": [
          [
            [
              -8.412161,
              31.532301
            ],
            [
              -8.380661,
              31.532312
            ],
            [
              -8.364152,
              31.528863
            ],
            [
              -8.356544,
              31.523777
            ],
            [
              -8.339199,
              31.516907
            ],
            [
              -8.327985,
              31.508901
            ],
            [
              -8.31584,
              31.497442
            ],
            [
              -8.305115,
              31.493433
            ],
            [
              -8.292507,
              31.481349
            ],
            [
              -8.288623,
              31.473403
            ],
            [
              -8.287082,
              31.465464
            ],
            [
              -8.283121,
              31.451297
            ],
            [
              -8.282819,
              31.435443
            ],
            [
              -8.269529,
              31.421841
            ],
            [
              -8.265025,
              31.409868
            ],
            [
              -8.265643,
              31.401114
            ],
            [
              -8.265573,
              31.387602
            ],
            [
              -8.261821,
              31.363279
            ],
            [
              -8.290366,
              31.355897
            ],
            [
              -8.322594,
              31.33422
            ],
            [
              -8.32789,
              31.323138
            ],
            [
              -8.334344,
              31.315714
            ],
            [
              -8.353,
              31.310119
            ],
            [
              -8.366475,
              31.311538
            ],
            [
              -8.375191,
              31.321235
            ],
            [
              -8.386602,
              31.324967
            ],
            [
              -8.416643,
              31.315578
            ],
            [
              -8.440685,
              31.335887
            ],
            [
              -8.440602,
              31.34099
            ],
            [
              -8.441276,
              31.345403
            ],
            [
              -8.442649,
              31.348874
            ],
            [
              -8.45797,
              31.355225
            ],
            [
              -8.480504,
              31.361847
            ],
            [
              -8.485825,
              31.365365
            ],
            [
              -8.494559,
              31.376533
            ],
            [
              -8.49561,
              31.378995
            ],
            [
              -8.500588,
              31.384637
            ],
            [
              -8.496898,
              31.38537
            ],
            [
              -8.492778,
              31.387275
            ],
            [
              -8.485825,
              31.39255
            ],
            [
              -8.479302,
              31.400903
            ],
            [
              -8.475011,
              31.402807
            ],
            [
              -8.469325,
              31.404522
            ],
            [
              -8.462565,
              31.418776
            ],
            [
              -8.463252,
              31.425881
            ],
            [
              -8.462308,
              31.432179
            ],
            [
              -8.458617,
              31.438331
            ],
            [
              -8.450635,
              31.445288
            ],
            [
              -8.442138,
              31.448217
            ],
            [
              -8.442738,
              31.464032
            ],
            [
              -8.443919,
              31.47021
            ],
            [
              -8.444712,
              31.478746
            ],
            [
              -8.421688,
              31.478061
            ],
            [
              -8.423169,
              31.489103
            ],
            [
              -8.423491,
              31.50052
            ],
            [
              -8.419543,
              31.510326
            ],
            [
              -8.418427,
              31.530838
            ],
            [
              -8.412161,
              31.532301
            ]
          ]
        ]
      }
    },
    {
      "type": "Feature",
      "properties": {
        "commune_fr": "Sidi Bou Othmane",
        "osm_id": 2881813,
        "centroid_lat": 31.909264,
        "centroid_lon": -7.942779
      },
      "geometry": {
        "type": "Polygon",
        "coordinates": [
          [
            [
              -7.948565,
              31.939054
            ],
            [
              -7.934189,
              31.939892
            ],
            [
              -7.925992,
              31.931697
            ],
            [
              -7.918697,
              31.920333
            ],
            [
              -7.917366,
              31.913776
            ],
            [
              -7.914579,
              31.9061
            ],
            [
              -7.916336,
              31.897965
            ],
            [
              -7.924104,
              31.888564
            ],
            [
              -7.930543,
              31.88464
            ],
            [
              -7.93479,
              31.883208
            ],
            [
              -7.948222,
              31.882297
            ],
            [
              -7.955346,
              31.884811
            ],
            [
              -7.967405,
              31.89607
            ],
            [
              -7.972684,
              31.902118
            ],
            [
              -7.97586,
              31.909733
            ],
            [
              -7.971053,
              31.919714
            ],
            [
              -7.961655,
              31.929913
            ],
            [
              -7.952642,
              31.936869
            ],
            [
              -7.948565,
              31.939054
            ]
          ]
        ]
      }
    },
    {
      "type": "Feature",
      "properties": {
        "commune_fr": "Bourrous",
        "osm_id": 2881814,
        "centroid_lat": 31.75784,
        "centroid_lon": -7.802654
      },
      "geometry": {
        "type": "Polygon",
        "coordinates": [
          [
            [
              -7.834675,
              31.816838
            ],
            [
              -7.839567,
              31.816109
            ],
            [
              -7.842829,
              31.824496
            ],
            [
              -7.845957,
              31.825283
            ],
            [
              -7.849437,
              31.823037
            ],
            [
              -7.852957,
              31.819609
            ],
            [
              -7.855055,
              31.816462
            ],
            [
              -7.85639,
              31.81166
            ],
            [
              -7.857935,
              31.808888
            ],
            [
              -7.855055,
              31.80151
            ],
            [
              -7.860634,
              31.799248
            ],
            [
              -7.866127,
              31.795674
            ],
            [
              -7.86587,
              31.787941
            ],
            [
              -7.869303,
              31.777507
            ],
            [
              -7.864926,
              31.77707
            ],
            [
              -7.861578,
              31.777434
            ],
            [
              -7.861321,
              31.774808
            ],
            [
              -7.859089,
              31.772619
            ],
            [
              -7.854673,
              31.772265
            ],
            [
              -7.853081,
              31.769919
            ],
            [
              -7.855102,
              31.769054
            ],
            [
              -7.857248,
              31.767011
            ],
            [
              -7.856428,
              31.76503
            ],
            [
              -7.857458,
              31.76233
            ],
            [
              -7.864411,
              31.759119
            ],
            [
              -7.869217,
              31.759556
            ],
            [
              -7.871067,
              31.755918
            ],
            [
              -7.874328,
              31.751248
            ],
            [
              -7.871582,
              31.746795
            ],
            [
              -7.871792,
              31.739777
            ],
            [
              -7.879259,
              31.721673
            ],
            [
              -7.880204,
              31.714372
            ],
            [
              -7.884753,
              31.709918
            ],
            [
              -7.883551,
              31.70393
            ],
            [
              -7.887461,
              31.698391
            ],
            [
              -7.89467,
              31.69153
            ],
            [
              -7.860859,
              31.692425
            ],
            [
              -7.846674,
              31.69195
            ],
            [
              -7.816736,
              31.691906
            ],
            [
              -7.811758,
              31.695178
            ],
            [
              -7.806265,
              31.697807
            ],
            [
              -7.797338,
              31.69788
            ],
            [
              -7.79051,
              31.700206
            ],
            [
              -7.781842,
              31.701739
            ],
            [
              -7.774889,
              31.704003
            ],
            [
              -7.771246,
              31.700509
            ],
            [
              -7.763006,
              31.699779
            ],
            [
              -7.75202,
              31.719712
            ],
            [
              -7.748282,
              31.724739
            ],
            [
              -7.744076,
              31.734521
            ],
            [
              -7.732708,
              31.715697
            ],
            [
              -7.724764,
              31.71481
            ],
            [
              -7.716181,
              31.715394
            ],
            [
              -7.707903,
              31.716938
            ],
            [
              -7.704422,
              31.719921
            ],
            [
              -7.701933,
              31.72306
            ],
            [
              -7.69953,
              31.727148
            ],
            [
              -7.704298,
              31.731466
            ],
            [
              -7.70734,
              31.734959
            ],
            [
              -7.707731,
              31.740591
            ],
            [
              -7.704126,
              31.746357
            ],
            [
              -7.697642,
              31.751455
            ],
            [
              -7.691891,
              31.754302
            ],
            [
              -7.689059,
              31.757586
            ],
            [
              -7.690861,
              31.763716
            ],
            [
              -7.703809,
              31.765055
            ],
            [
              -7.714087,
              31.769773
            ],
            [
              -7.721052,
              31.772163
            ],
            [
              -7.727815,
              31.78515
            ],
            [
              -7.734952,
              31.795218
            ],
            [
              -7.748968,
              31.790859
            ],
            [
              -7.769396,
              31.788014
            ],
            [
              -7.780258,
              31.788535
            ],
            [
              -7.784635,
              31.794663
            ],
            [
              -7.789824,
              31.795674
            ],
            [
              -7.794248,
              31.795758
            ],
            [
              -7.792875,
              31.800937
            ],
            [
              -7.79154,
              31.809898
            ],
            [
              -7.803299,
              31.807783
            ],
            [
              -7.808239,
              31.810493
            ],
            [
              -7.817118,
              31.808804
            ],
            [
              -7.824632,
              31.814285
            ],
            [
              -7.834675,
              31.816838
            ]
          ]
        ]
      }
    },
    {
      "type": "Feature",
      "properties": {
        "commune_fr": "Sidi Boubker",
        "osm_id": 2881838,
        "centroid_lat": 31.861307,
        "centroid_lon": -7.750719
      },
      "geometry": {
        "type": "Polygon",
        "coordinates": [
          [
            [
              -7.669913,
              31.780789
            ],
            [
              -7.684161,
              31.790784
            ],
            [
              -7.686221,
              31.794578
            ],
            [
              -7.679612,
              31.802967
            ],
            [
              -7.667167,
              31.795453
            ],
            [
              -7.666738,
              31.800632
            ],
            [
              -7.670772,
              31.806687
            ],
            [
              -7.669853,
              31.834193
            ],
            [
              -7.667703,
              31.838805
            ],
            [
              -7.668626,
              31.845557
            ],
            [
              -7.666137,
              31.856347
            ],
            [
              -7.666738,
              31.864366
            ],
            [
              -7.668798,
              31.874643
            ],
            [
              -7.671287,
              31.878506
            ],
            [
              -7.676007,
              31.882005
            ],
            [
              -7.676351,
              31.885284
            ],
            [
              -7.674806,
              31.888637
            ],
            [
              -7.672699,
              31.891067
            ],
            [
              -7.67802,
              31.894347
            ],
            [
              -7.68502,
              31.894175
            ],
            [
              -7.69592,
              31.898985
            ],
            [
              -7.702443,
              31.900588
            ],
            [
              -7.702825,
              31.90841
            ],
            [
              -7.705619,
              31.91414
            ],
            [
              -7.709091,
              31.918173
            ],
            [
              -7.716262,
              31.921061
            ],
            [
              -7.717206,
              31.93228
            ],
            [
              -7.71815,
              31.936213
            ],
            [
              -7.720554,
              31.934101
            ],
            [
              -7.723472,
              31.933445
            ],
            [
              -7.731626,
              31.934975
            ],
            [
              -7.734201,
              31.934101
            ],
            [
              -7.74038,
              31.928637
            ],
            [
              -7.741106,
              31.927206
            ],
            [
              -7.745702,
              31.932717
            ],
            [
              -7.749993,
              31.933008
            ],
            [
              -7.751968,
              31.931624
            ],
            [
              -7.753169,
              31.929876
            ],
            [
              -7.753856,
              31.926452
            ],
            [
              -7.75995,
              31.929002
            ],
            [
              -7.76407,
              31.926088
            ],
            [
              -7.774026,
              31.922008
            ],
            [
              -7.777545,
              31.923902
            ],
            [
              -7.77806,
              31.92179
            ],
            [
              -7.781922,
              31.919167
            ],
            [
              -7.783477,
              31.917344
            ],
            [
              -7.785708,
              31.91953
            ],
            [
              -7.792017,
              31.915049
            ],
            [
              -7.795836,
              31.90914
            ],
            [
              -7.798068,
              31.909621
            ],
            [
              -7.799441,
              31.911807
            ],
            [
              -7.806951,
              31.913934
            ],
            [
              -7.80987,
              31.91204
            ],
            [
              -7.811114,
              31.909621
            ],
            [
              -7.811758,
              31.905628
            ],
            [
              -7.813818,
              31.903588
            ],
            [
              -7.817766,
              31.901839
            ],
            [
              -7.814719,
              31.89738
            ],
            [
              -7.80987,
              31.898196
            ],
            [
              -7.809355,
              31.895281
            ],
            [
              -7.811243,
              31.892658
            ],
            [
              -7.813303,
              31.876041
            ],
            [
              -7.818324,
              31.868081
            ],
            [
              -7.817637,
              31.864145
            ],
            [
              -7.814032,
              31.861229
            ],
            [
              -7.811801,
              31.857584
            ],
            [
              -7.818405,
              31.855981
            ],
            [
              -7.829353,
              31.851329
            ],
            [
              -7.82716,
              31.846867
            ],
            [
              -7.824843,
              31.846284
            ],
            [
              -7.823298,
              31.844097
            ],
            [
              -7.828533,
              31.839868
            ],
            [
              -7.827379,
              31.83784
            ],
            [
              -7.824203,
              31.837549
            ],
            [
              -7.822869,
              31.834763
            ],
            [
              -7.82716,
              31.833888
            ],
            [
              -7.834675,
              31.816838
            ],
            [
              -7.824632,
              31.814285
            ],
            [
              -7.817118,
              31.808804
            ],
            [
              -7.808239,
              31.810493
            ],
            [
              -7.803299,
              31.807783
            ],
            [
              -7.79154,
              31.809898
            ],
            [
              -7.792875,
              31.800937
            ],
            [
              -7.794248,
              31.795758
            ],
            [
              -7.789824,
              31.795674
            ],
            [
              -7.784635,
              31.794663
            ],
            [
              -7.780258,
              31.788535
            ],
            [
              -7.769396,
              31.788014
            ],
            [
              -7.748968,
              31.790859
            ],
            [
              -7.734952,
              31.795218
            ],
            [
              -7.727815,
              31.78515
            ],
            [
              -7.721052,
              31.772163
            ],
            [
              -7.714087,
              31.769773
            ],
            [
              -7.703809,
              31.765055
            ],
            [
              -7.690861,
              31.763716
            ],
            [
              -7.68181,
              31.766354
            ],
            [
              -7.68039,
              31.769554
            ],
            [
              -7.681763,
              31.773421
            ],
            [
              -7.68039,
              31.774443
            ],
            [
              -7.677472,
              31.771597
            ],
            [
              -7.673437,
              31.77707
            ],
            [
              -7.669913,
              31.780789
            ]
          ]
        ]
      }
    },
    {
      "type": "Feature",
      "properties": {
        "commune_fr": "Jaidate",
        "osm_id": 2881839,
        "centroid_lat": 31.700729,
        "centroid_lon": -7.723235
      },
      "geometry": {
        "type": "Polygon",
        "coordinates": [
          [
            [
              -7.69953,
              31.727148
            ],
            [
              -7.701933,
              31.72306
            ],
            [
              -7.704422,
              31.719921
            ],
            [
              -7.707903,
              31.716938
            ],
            [
              -7.716181,
              31.715394
            ],
            [
              -7.724764,
              31.71481
            ],
            [
              -7.732708,
              31.715697
            ],
            [
              -7.744076,
              31.734521
            ],
            [
              -7.748282,
              31.724739
            ],
            [
              -7.75202,
              31.719712
            ],
            [
              -7.763006,
              31.699779
            ],
            [
              -7.771246,
              31.700509
            ],
            [
              -7.774889,
              31.704003
            ],
            [
              -7.781842,
              31.701739
            ],
            [
              -7.79051,
              31.700206
            ],
            [
              -7.797338,
              31.69788
            ],
            [
              -7.806265,
              31.697807
            ],
            [
              -7.811758,
              31.695178
            ],
            [
              -7.816736,
              31.691906
            ],
            [
              -7.804548,
              31.678131
            ],
            [
              -7.759599,
              31.686363
            ],
            [
              -7.73605,
              31.67034
            ],
            [
              -7.70733,
              31.66533
            ],
            [
              -7.68025,
              31.65987
            ],
            [
              -7.639238,
              31.661808
            ],
            [
              -7.643139,
              31.666973
            ],
            [
              -7.655203,
              31.680059
            ],
            [
              -7.662069,
              31.688605
            ],
            [
              -7.669747,
              31.695897
            ],
            [
              -7.665369,
              31.699841
            ],
            [
              -7.669107,
              31.702042
            ],
            [
              -7.67421,
              31.70079
            ],
            [
              -7.676098,
              31.7032
            ],
            [
              -7.687046,
              31.710294
            ],
            [
              -7.693912,
              31.713944
            ],
            [
              -7.695371,
              31.717376
            ],
            [
              -7.696011,
              31.725177
            ],
            [
              -7.69953,
              31.727148
            ]
          ]
        ]
      }
    },
    {
      "type": "Feature",
      "properties": {
        "commune_fr": "Ras Ain Rhamna",
        "osm_id": 2881840,
        "centroid_lat": 31.710127,
        "centroid_lon": -7.632172
      },
      "geometry": {
        "type": "Polygon",
        "coordinates": [
          [
            [
              -7.69953,
              31.727148
            ],
            [
              -7.696011,
              31.725177
            ],
            [
              -7.695371,
              31.717376
            ],
            [
              -7.693912,
              31.713944
            ],
            [
              -7.687046,
              31.710294
            ],
            [
              -7.676098,
              31.7032
            ],
            [
              -7.67421,
              31.70079
            ],
            [
              -7.669107,
              31.702042
            ],
            [
              -7.665369,
              31.699841
            ],
            [
              -7.669747,
              31.695897
            ],
            [
              -7.662069,
              31.688605
            ],
            [
              -7.655203,
              31.680059
            ],
            [
              -7.643139,
              31.666973
            ],
            [
              -7.639238,
              31.661808
            ],
            [
              -7.617411,
              31.639328
            ],
            [
              -7.61088,
              31.627837
            ],
            [
              -7.606849,
              31.619117
            ],
            [
              -7.588301,
              31.622463
            ],
            [
              -7.579744,
              31.626441
            ],
            [
              -7.574697,
              31.627186
            ],
            [
              -7.570221,
              31.631063
            ],
            [
              -7.57468,
              31.633752
            ],
            [
              -7.584722,
              31.63441
            ],
            [
              -7.589924,
              31.637015
            ],
            [
              -7.590868,
              31.642861
            ],
            [
              -7.590902,
              31.652531
            ],
            [
              -7.593357,
              31.655063
            ],
            [
              -7.589014,
              31.657865
            ],
            [
              -7.592069,
              31.661565
            ],
            [
              -7.585546,
              31.670916
            ],
            [
              -7.587864,
              31.67508
            ],
            [
              -7.589237,
              31.680558
            ],
            [
              -7.593906,
              31.683943
            ],
            [
              -7.599537,
              31.685378
            ],
            [
              -7.604343,
              31.691879
            ],
            [
              -7.606746,
              31.697064
            ],
            [
              -7.610265,
              31.702468
            ],
            [
              -7.608549,
              31.707506
            ],
            [
              -7.606489,
              31.711157
            ],
            [
              -7.599365,
              31.712179
            ],
            [
              -7.589323,
              31.7059
            ],
            [
              -7.585632,
              31.711522
            ],
            [
              -7.588894,
              31.71729
            ],
            [
              -7.591812,
              31.726708
            ],
            [
              -7.592069,
              31.729774
            ],
            [
              -7.579281,
              31.730942
            ],
            [
              -7.5834,
              31.738242
            ],
            [
              -7.582456,
              31.741819
            ],
            [
              -7.579155,
              31.747372
            ],
            [
              -7.584894,
              31.750603
            ],
            [
              -7.602146,
              31.758704
            ],
            [
              -7.613647,
              31.762645
            ],
            [
              -7.62429,
              31.769578
            ],
            [
              -7.627895,
              31.770964
            ],
            [
              -7.643345,
              31.769432
            ],
            [
              -7.650812,
              31.772642
            ],
            [
              -7.658498,
              31.777724
            ],
            [
              -7.663648,
              31.781956
            ],
            [
              -7.667596,
              31.782832
            ],
            [
              -7.673437,
              31.77707
            ],
            [
              -7.677472,
              31.771597
            ],
            [
              -7.68039,
              31.774443
            ],
            [
              -7.681763,
              31.773421
            ],
            [
              -7.68039,
              31.769554
            ],
            [
              -7.68181,
              31.766354
            ],
            [
              -7.690861,
              31.763716
            ],
            [
              -7.689059,
              31.757586
            ],
            [
              -7.691891,
              31.754302
            ],
            [
              -7.697642,
              31.751455
            ],
            [
              -7.704126,
              31.746357
            ],
            [
              -7.707731,
              31.740591
            ],
            [
              -7.70734,
              31.734959
            ],
            [
              -7.704298,
              31.731466
            ],
            [
              -7.69953,
              31.727148
            ]
          ]
        ]
      }
    },
    {
      "type": "Feature",
      "properties": {
        "commune_fr": "Akarma",
        "osm_id": 2881848,
        "centroid_lat": 31.914085,
        "centroid_lon": -7.639565
      },
      "geometry": {
        "type": "Polygon",
        "coordinates": [
          [
            [
              -7.71815,
              31.936213
            ],
            [
              -7.717206,
              31.93228
            ],
            [
              -7.716262,
              31.921061
            ],
            [
              -7.709091,
              31.918173
            ],
            [
              -7.705619,
              31.91414
            ],
            [
              -7.702825,
              31.90841
            ],
            [
              -7.702443,
              31.900588
            ],
            [
              -7.69592,
              31.898985
            ],
            [
              -7.68502,
              31.894175
            ],
            [
              -7.67802,
              31.894347
            ],
            [
              -7.672699,
              31.891067
            ],
            [
              -7.674806,
              31.888637
            ],
            [
              -7.676351,
              31.885284
            ],
            [
              -7.676007,
              31.882005
            ],
            [
              -7.671287,
              31.878506
            ],
            [
              -7.668798,
              31.874643
            ],
            [
              -7.666738,
              31.864366
            ],
            [
              -7.666137,
              31.856347
            ],
            [
              -7.668626,
              31.845557
            ],
            [
              -7.667703,
              31.838805
            ],
            [
              -7.669853,
              31.834193
            ],
            [
              -7.619154,
              31.820857
            ],
            [
              -7.626226,
              31.832758
            ],
            [
              -7.618677,
              31.835932
            ],
            [
              -7.598678,
              31.842713
            ],
            [
              -7.597562,
              31.849129
            ],
            [
              -7.585546,
              31.843952
            ],
            [
              -7.580997,
              31.85117
            ],
            [
              -7.574388,
              31.856055
            ],
            [
              -7.564003,
              31.86145
            ],
            [
              -7.560758,
              31.857695
            ],
            [
              -7.547866,
              31.865969
            ],
            [
              -7.54718,
              31.875445
            ],
            [
              -7.549326,
              31.887398
            ],
            [
              -7.557154,
              31.89847
            ],
            [
              -7.559539,
              31.903721
            ],
            [
              -7.564518,
              31.910497
            ],
            [
              -7.56735,
              31.91771
            ],
            [
              -7.574508,
              31.933252
            ],
            [
              -7.586061,
              31.945026
            ],
            [
              -7.591554,
              31.955877
            ],
            [
              -7.591125,
              31.959519
            ],
            [
              -7.592876,
              31.963913
            ],
            [
              -7.59782,
              31.967237
            ],
            [
              -7.603313,
              31.972625
            ],
            [
              -7.606575,
              31.977358
            ],
            [
              -7.609098,
              31.975782
            ],
            [
              -7.626483,
              31.971096
            ],
            [
              -7.626826,
              31.973208
            ],
            [
              -7.6282,
              31.975829
            ],
            [
              -7.630345,
              31.977358
            ],
            [
              -7.637469,
              31.978668
            ],
            [
              -7.641074,
              31.977649
            ],
            [
              -7.645881,
              31.974518
            ],
            [
              -7.653091,
              31.968111
            ],
            [
              -7.658498,
              31.960756
            ],
            [
              -7.662274,
              31.956897
            ],
            [
              -7.667338,
              31.957407
            ],
            [
              -7.674548,
              31.964762
            ],
            [
              -7.679183,
              31.966363
            ],
            [
              -7.691886,
              31.965198
            ],
            [
              -7.714374,
              31.964252
            ],
            [
              -7.716691,
              31.961922
            ],
            [
              -7.718494,
              31.958645
            ],
            [
              -7.717635,
              31.943569
            ],
            [
              -7.71815,
              31.936213
            ]
          ]
        ]
      }
    },
    {
      "type": "Feature",
      "properties": {
        "commune_fr": "Tameslouht",
        "osm_id": 3534179,
        "centroid_lat": 31.448935,
        "centroid_lon": -8.04927
      },
      "geometry": {
        "type": "Polygon",
        "coordinates": [
          [
            [
              -7.93833,
              31.494447
            ],
            [
              -7.940798,
              31.490234
            ],
            [
              -7.943373,
              31.484233
            ],
            [
              -7.941317,
              31.471591
            ],
            [
              -7.938652,
              31.466664
            ],
            [
              -7.945433,
              31.463882
            ],
            [
              -7.953844,
              31.459489
            ],
            [
              -7.960535,
              31.458318
            ],
            [
              -7.962775,
              31.454093
            ],
            [
              -7.973246,
              31.454313
            ],
            [
              -7.981477,
              31.455096
            ],
            [
              -7.988601,
              31.456854
            ],
            [
              -7.988172,
              31.464834
            ],
            [
              -7.988696,
              31.476129
            ],
            [
              -7.988172,
              31.484379
            ],
            [
              -7.992558,
              31.484401
            ],
            [
              -8.005252,
              31.483208
            ],
            [
              -8.004308,
              31.47479
            ],
            [
              -7.997957,
              31.467909
            ],
            [
              -8.00054,
              31.461854
            ],
            [
              -8.009544,
              31.465712
            ],
            [
              -8.013072,
              31.462952
            ],
            [
              -8.017698,
              31.464102
            ],
            [
              -8.022848,
              31.453412
            ],
            [
              -8.024135,
              31.444699
            ],
            [
              -8.01169,
              31.441623
            ],
            [
              -8.000446,
              31.436497
            ],
            [
              -7.994961,
              31.43088
            ],
            [
              -7.990146,
              31.422948
            ],
            [
              -7.98843,
              31.415257
            ],
            [
              -7.988524,
              31.409493
            ],
            [
              -7.990498,
              31.40583
            ],
            [
              -7.989983,
              31.402826
            ],
            [
              -7.987322,
              31.403486
            ],
            [
              -7.982001,
              31.402167
            ],
            [
              -7.984082,
              31.398234
            ],
            [
              -7.995906,
              31.39235
            ],
            [
              -7.99933,
              31.388518
            ],
            [
              -8.005682,
              31.382729
            ],
            [
              -8.010831,
              31.380311
            ],
            [
              -8.013836,
              31.384341
            ],
            [
              -8.01744,
              31.387345
            ],
            [
              -8.021732,
              31.388518
            ],
            [
              -8.029457,
              31.388738
            ],
            [
              -8.035465,
              31.387492
            ],
            [
              -8.045687,
              31.379967
            ],
            [
              -8.051944,
              31.373496
            ],
            [
              -8.054738,
              31.371721
            ],
            [
              -8.063617,
              31.36331
            ],
            [
              -8.075548,
              31.356347
            ],
            [
              -8.081041,
              31.354001
            ],
            [
              -8.084139,
              31.355489
            ],
            [
              -8.092036,
              31.361792
            ],
            [
              -8.096671,
              31.368682
            ],
            [
              -8.101306,
              31.369927
            ],
            [
              -8.11297,
              31.371591
            ],
            [
              -8.122592,
              31.371686
            ],
            [
              -8.138805,
              31.372983
            ],
            [
              -8.139329,
              31.381579
            ],
            [
              -8.137603,
              31.38947
            ],
            [
              -8.135028,
              31.399214
            ],
            [
              -8.130737,
              31.406614
            ],
            [
              -8.129707,
              31.409251
            ],
            [
              -8.133741,
              31.411961
            ],
            [
              -8.138041,
              31.414107
            ],
            [
              -8.142247,
              31.421798
            ],
            [
              -8.141208,
              31.427929
            ],
            [
              -8.14344,
              31.431078
            ],
            [
              -8.147112,
              31.433187
            ],
            [
              -8.13398,
              31.435501
            ],
            [
              -8.144794,
              31.472874
            ],
            [
              -8.150802,
              31.489417
            ],
            [
              -8.160466,
              31.495272
            ],
            [
              -8.173289,
              31.494979
            ],
            [
              -8.182202,
              31.504424
            ],
            [
              -8.144822,
              31.534509
            ],
            [
              -8.133818,
              31.531596
            ],
            [
              -8.128257,
              31.533744
            ],
            [
              -8.122905,
              31.537943
            ],
            [
              -8.115,
              31.53949
            ],
            [
              -8.107207,
              31.541864
            ],
            [
              -8.101907,
              31.545236
            ],
            [
              -8.098675,
              31.550158
            ],
            [
              -8.094499,
              31.551746
            ],
            [
              -8.078295,
              31.540152
            ],
            [
              -8.071441,
              31.530309
            ],
            [
              -8.065393,
              31.527587
            ],
            [
              -8.062092,
              31.52472
            ],
            [
              -8.060527,
              31.53008
            ],
            [
              -8.055131,
              31.543396
            ],
            [
              -8.051542,
              31.544045
            ],
            [
              -8.045424,
              31.548981
            ],
            [
              -8.036237,
              31.532017
            ],
            [
              -7.984499,
              31.521591
            ],
            [
              -7.979042,
              31.502857
            ],
            [
              -7.93833,
              31.494447
            ]
          ]
        ]
      }
    },
    {
      "type": "Feature",
      "properties": {
        "commune_fr": "Lalla Takarkoust",
        "osm_id": 3534184,
        "centroid_lat": 31.320237,
        "centroid_lon": -8.124653
      },
      "geometry": {
        "type": "Polygon",
        "coordinates": [
          [
            [
              -8.043619,
              31.30896
            ],
            [
              -8.050399,
              31.308593
            ],
            [
              -8.056579,
              31.31028
            ],
            [
              -8.063626,
              31.312942
            ],
            [
              -8.072981,
              31.315142
            ],
            [
              -8.089109,
              31.334989
            ],
            [
              -8.094431,
              31.337628
            ],
            [
              -8.099074,
              31.344908
            ],
            [
              -8.102155,
              31.336309
            ],
            [
              -8.108249,
              31.330517
            ],
            [
              -8.118472,
              31.323867
            ],
            [
              -8.112378,
              31.322767
            ],
            [
              -8.111262,
              31.320494
            ],
            [
              -8.111597,
              31.318273
            ],
            [
              -8.108086,
              31.313895
            ],
            [
              -8.103872,
              31.306613
            ],
            [
              -8.093315,
              31.296716
            ],
            [
              -8.09401,
              31.291967
            ],
            [
              -8.097349,
              31.290849
            ],
            [
              -8.103615,
              31.296056
            ],
            [
              -8.113828,
              31.300306
            ],
            [
              -8.12121,
              31.300086
            ],
            [
              -8.132024,
              31.289529
            ],
            [
              -8.126875,
              31.283734
            ],
            [
              -8.119064,
              31.279406
            ],
            [
              -8.125759,
              31.267742
            ],
            [
              -8.127733,
              31.26334
            ],
            [
              -8.126446,
              31.25681
            ],
            [
              -8.123965,
              31.248537
            ],
            [
              -8.127475,
              31.243896
            ],
            [
              -8.135295,
              31.240612
            ],
            [
              -8.138462,
              31.244436
            ],
            [
              -8.141466,
              31.249059
            ],
            [
              -8.146358,
              31.253095
            ],
            [
              -8.149371,
              31.258029
            ],
            [
              -8.15349,
              31.262427
            ],
            [
              -8.169283,
              31.264536
            ],
            [
              -8.169017,
              31.272831
            ],
            [
              -8.160348,
              31.296009
            ],
            [
              -8.168168,
              31.297421
            ],
            [
              -8.164898,
              31.324605
            ],
            [
              -8.165164,
              31.332618
            ],
            [
              -8.169704,
              31.335235
            ],
            [
              -8.181471,
              31.328586
            ],
            [
              -8.186012,
              31.323505
            ],
            [
              -8.192106,
              31.317786
            ],
            [
              -8.195196,
              31.314046
            ],
            [
              -8.204217,
              31.317221
            ],
            [
              -8.198972,
              31.327391
            ],
            [
              -8.191599,
              31.335331
            ],
            [
              -8.186269,
              31.346305
            ],
            [
              -8.178287,
              31.351729
            ],
            [
              -8.165155,
              31.364922
            ],
            [
              -8.155113,
              31.385953
            ],
            [
              -8.14816,
              31.397603
            ],
            [
              -8.136488,
              31.404709
            ],
            [
              -8.130737,
              31.406614
            ],
            [
              -8.135028,
              31.399214
            ],
            [
              -8.137603,
              31.38947
            ],
            [
              -8.139329,
              31.381579
            ],
            [
              -8.138805,
              31.372983
            ],
            [
              -8.122592,
              31.371686
            ],
            [
              -8.11297,
              31.371591
            ],
            [
              -8.101306,
              31.369927
            ],
            [
              -8.096671,
              31.368682
            ],
            [
              -8.092036,
              31.361792
            ],
            [
              -8.084139,
              31.355489
            ],
            [
              -8.081041,
              31.354001
            ],
            [
              -8.077694,
              31.34997
            ],
            [
              -8.06663,
              31.341562
            ],
            [
              -8.061729,
              31.331716
            ],
            [
              -8.051773,
              31.326071
            ],
            [
              -8.040958,
              31.323798
            ],
            [
              -8.043619,
              31.30896
            ]
          ]
        ]
      }
    },
    {
      "type": "Feature",
      "properties": {
        "commune_fr": "Sidi Badhaj",
        "osm_id": 3534185,
        "centroid_lat": 31.315914,
        "centroid_lon": -8.218817
      },
      "geometry": {
        "type": "Polygon",
        "coordinates": [
          [
            [
              -8.147112,
              31.433187
            ],
            [
              -8.155552,
              31.439575
            ],
            [
              -8.165706,
              31.431461
            ],
            [
              -8.175795,
              31.417468
            ],
            [
              -8.195073,
              31.414351
            ],
            [
              -8.204578,
              31.409777
            ],
            [
              -8.218932,
              31.395735
            ],
            [
              -8.222924,
              31.385785
            ],
            [
              -8.227095,
              31.373497
            ],
            [
              -8.22506,
              31.365372
            ],
            [
              -8.221279,
              31.359707
            ],
            [
              -8.217263,
              31.357885
            ],
            [
              -8.219516,
              31.353378
            ],
            [
              -8.224129,
              31.348053
            ],
            [
              -8.233051,
              31.339366
            ],
            [
              -8.237961,
              31.331782
            ],
            [
              -8.2413,
              31.322108
            ],
            [
              -8.243922,
              31.312839
            ],
            [
              -8.247552,
              31.302415
            ],
            [
              -8.244904,
              31.292694
            ],
            [
              -8.24551,
              31.286195
            ],
            [
              -8.24488,
              31.281131
            ],
            [
              -8.244966,
              31.275765
            ],
            [
              -8.24803,
              31.263319
            ],
            [
              -8.260416,
              31.260726
            ],
            [
              -8.27123,
              31.263506
            ],
            [
              -8.270478,
              31.276788
            ],
            [
              -8.274254,
              31.283243
            ],
            [
              -8.276831,
              31.285866
            ],
            [
              -8.275713,
              31.287937
            ],
            [
              -8.281636,
              31.293658
            ],
            [
              -8.28888,
              31.29859
            ],
            [
              -8.295369,
              31.288304
            ],
            [
              -8.287129,
              31.281776
            ],
            [
              -8.282666,
              31.276568
            ],
            [
              -8.281807,
              31.270699
            ],
            [
              -8.281807,
              31.263803
            ],
            [
              -8.284726,
              31.2614
            ],
            [
              -8.287215,
              31.258153
            ],
            [
              -8.286442,
              31.254411
            ],
            [
              -8.285069,
              31.251696
            ],
            [
              -8.286271,
              31.243037
            ],
            [
              -8.283095,
              31.240267
            ],
            [
              -8.276829,
              31.236084
            ],
            [
              -8.271851,
              31.235038
            ],
            [
              -8.264384,
              31.237974
            ],
            [
              -8.253377,
              31.249004
            ],
            [
              -8.25003,
              31.253869
            ],
            [
              -8.245738,
              31.250263
            ],
            [
              -8.243528,
              31.250954
            ],
            [
              -8.243699,
              31.254631
            ],
            [
              -8.236832,
              31.26272
            ],
            [
              -8.233914,
              31.26294
            ],
            [
              -8.228936,
              31.261473
            ],
            [
              -8.225502,
              31.259419
            ],
            [
              -8.219666,
              31.252081
            ],
            [
              -8.214516,
              31.252522
            ],
            [
              -8.206448,
              31.251696
            ],
            [
              -8.200097,
              31.25742
            ],
            [
              -8.183874,
              31.26206
            ],
            [
              -8.169283,
              31.264536
            ],
            [
              -8.169017,
              31.272831
            ],
            [
              -8.160348,
              31.296009
            ],
            [
              -8.168168,
              31.297421
            ],
            [
              -8.164898,
              31.324605
            ],
            [
              -8.165164,
              31.332618
            ],
            [
              -8.169704,
              31.335235
            ],
            [
              -8.181471,
              31.328586
            ],
            [
              -8.186012,
              31.323505
            ],
            [
              -8.192106,
              31.317786
            ],
            [
              -8.195196,
              31.314046
            ],
            [
              -8.204217,
              31.317221
            ],
            [
              -8.198972,
              31.327391
            ],
            [
              -8.191599,
              31.335331
            ],
            [
              -8.186269,
              31.346305
            ],
            [
              -8.178287,
              31.351729
            ],
            [
              -8.165155,
              31.364922
            ],
            [
              -8.155113,
              31.385953
            ],
            [
              -8.14816,
              31.397603
            ],
            [
              -8.136488,
              31.404709
            ],
            [
              -8.130737,
              31.406614
            ],
            [
              -8.129707,
              31.409251
            ],
            [
              -8.133741,
              31.411961
            ],
            [
              -8.138041,
              31.414107
            ],
            [
              -8.142247,
              31.421798
            ],
            [
              -8.141208,
              31.427929
            ],
            [
              -8.14344,
              31.431078
            ],
            [
              -8.147112,
              31.433187
            ]
          ]
        ]
      }
    },
    {
      "type": "Feature",
      "properties": {
        "commune_fr": "Ait Sidi Daoud",
        "osm_id": 3535285,
        "centroid_lat": 31.595031,
        "centroid_lon": -7.648379
      },
      "geometry": {
        "type": "Polygon",
        "coordinates": [
          [
            [
              -7.741823,
              31.614332
            ],
            [
              -7.731076,
              31.607532
            ],
            [
              -7.717892,
              31.600905
            ],
            [
              -7.709138,
              31.594399
            ],
            [
              -7.706734,
              31.597469
            ],
            [
              -7.70004,
              31.599735
            ],
            [
              -7.697529,
              31.59343
            ],
            [
              -7.684464,
              31.594254
            ],
            [
              -7.684077,
              31.586872
            ],
            [
              -7.681715,
              31.579333
            ],
            [
              -7.677767,
              31.579344
            ],
            [
              -7.671289,
              31.578024
            ],
            [
              -7.656485,
              31.573564
            ],
            [
              -7.651358,
              31.57272
            ],
            [
              -7.647968,
              31.570856
            ],
            [
              -7.64824,
              31.565368
            ],
            [
              -7.647318,
              31.563743
            ],
            [
              -7.647301,
              31.556268
            ],
            [
              -7.645327,
              31.550673
            ],
            [
              -7.634727,
              31.549722
            ],
            [
              -7.629835,
              31.550965
            ],
            [
              -7.622771,
              31.553577
            ],
            [
              -7.613183,
              31.560986
            ],
            [
              -7.610583,
              31.563816
            ],
            [
              -7.606978,
              31.565644
            ],
            [
              -7.602111,
              31.567129
            ],
            [
              -7.602197,
              31.573491
            ],
            [
              -7.611553,
              31.576562
            ],
            [
              -7.6129,
              31.581439
            ],
            [
              -7.618136,
              31.583267
            ],
            [
              -7.626058,
              31.588257
            ],
            [
              -7.628264,
              31.590944
            ],
            [
              -7.629234,
              31.594618
            ],
            [
              -7.626573,
              31.597542
            ],
            [
              -7.614986,
              31.603756
            ],
            [
              -7.616505,
              31.606077
            ],
            [
              -7.607948,
              31.607192
            ],
            [
              -7.604944,
              31.608946
            ],
            [
              -7.603287,
              31.611925
            ],
            [
              -7.602429,
              31.614848
            ],
            [
              -7.603742,
              31.61684
            ],
            [
              -7.604739,
              31.619571
            ],
            [
              -7.606849,
              31.619117
            ],
            [
              -7.61088,
              31.627837
            ],
            [
              -7.617411,
              31.639328
            ],
            [
              -7.639238,
              31.661808
            ],
            [
              -7.68025,
              31.65987
            ],
            [
              -7.70733,
              31.66533
            ],
            [
              -7.73605,
              31.67034
            ],
            [
              -7.739701,
              31.641979
            ],
            [
              -7.741823,
              31.614332
            ]
          ]
        ]
      }
    },
    {
      "type": "Feature",
      "properties": {
        "commune_fr": "Ait Ourir",
        "osm_id": 3535290,
        "centroid_lat": 31.560576,
        "centroid_lon": -7.672748
      },
      "geometry": {
        "type": "Polygon",
        "coordinates": [
          [
            [
              -7.645327,
              31.550673
            ],
            [
              -7.644211,
              31.548991
            ],
            [
              -7.644168,
              31.547784
            ],
            [
              -7.654597,
              31.545662
            ],
            [
              -7.657043,
              31.543541
            ],
            [
              -7.66142,
              31.545004
            ],
            [
              -7.665325,
              31.547089
            ],
            [
              -7.672791,
              31.546943
            ],
            [
              -7.678627,
              31.548881
            ],
            [
              -7.684635,
              31.549868
            ],
            [
              -7.696695,
              31.548076
            ],
            [
              -7.700385,
              31.548954
            ],
            [
              -7.701759,
              31.550783
            ],
            [
              -7.699527,
              31.555647
            ],
            [
              -7.69678,
              31.558828
            ],
            [
              -7.69309,
              31.567311
            ],
            [
              -7.692489,
              31.570493
            ],
            [
              -7.693476,
              31.572613
            ],
            [
              -7.693261,
              31.575209
            ],
            [
              -7.690601,
              31.577293
            ],
            [
              -7.686781,
              31.578426
            ],
            [
              -7.681715,
              31.579333
            ],
            [
              -7.677767,
              31.579344
            ],
            [
              -7.671289,
              31.578024
            ],
            [
              -7.656485,
              31.573564
            ],
            [
              -7.651358,
              31.57272
            ],
            [
              -7.647968,
              31.570856
            ],
            [
              -7.64824,
              31.565368
            ],
            [
              -7.647318,
              31.563743
            ],
            [
              -7.647301,
              31.556268
            ],
            [
              -7.645327,
              31.550673
            ]
          ]
        ]
      }
    },
    {
      "type": "Feature",
      "properties": {
        "commune_fr": "Ait Faska",
        "osm_id": 3535305,
        "centroid_lat": 31.539283,
        "centroid_lon": -7.691084
      },
      "geometry": {
        "type": "Polygon",
        "coordinates": [
          [
            [
              -7.752396,
              31.478599
            ],
            [
              -7.753491,
              31.481212
            ],
            [
              -7.753834,
              31.483555
            ],
            [
              -7.753319,
              31.486775
            ],
            [
              -7.754371,
              31.490457
            ],
            [
              -7.754349,
              31.496436
            ],
            [
              -7.753662,
              31.505657
            ],
            [
              -7.751946,
              31.517584
            ],
            [
              -7.749049,
              31.524557
            ],
            [
              -7.75068,
              31.53736
            ],
            [
              -7.755744,
              31.543944
            ],
            [
              -7.761151,
              31.5555
            ],
            [
              -7.766301,
              31.557841
            ],
            [
              -7.772052,
              31.562082
            ],
            [
              -7.774777,
              31.565205
            ],
            [
              -7.780263,
              31.569669
            ],
            [
              -7.797962,
              31.57844
            ],
            [
              -7.793928,
              31.581647
            ],
            [
              -7.788491,
              31.578097
            ],
            [
              -7.744657,
              31.56877
            ],
            [
              -7.744413,
              31.580571
            ],
            [
              -7.741823,
              31.614332
            ],
            [
              -7.731076,
              31.607532
            ],
            [
              -7.717892,
              31.600905
            ],
            [
              -7.709138,
              31.594399
            ],
            [
              -7.706734,
              31.597469
            ],
            [
              -7.70004,
              31.599735
            ],
            [
              -7.697529,
              31.59343
            ],
            [
              -7.684464,
              31.594254
            ],
            [
              -7.684077,
              31.586872
            ],
            [
              -7.681715,
              31.579333
            ],
            [
              -7.690601,
              31.577293
            ],
            [
              -7.693261,
              31.575209
            ],
            [
              -7.693476,
              31.572613
            ],
            [
              -7.692489,
              31.570493
            ],
            [
              -7.69309,
              31.567311
            ],
            [
              -7.69678,
              31.558828
            ],
            [
              -7.699527,
              31.555647
            ],
            [
              -7.700986,
              31.552867
            ],
            [
              -7.701759,
              31.550783
            ],
            [
              -7.700385,
              31.548954
            ],
            [
              -7.696695,
              31.548076
            ],
            [
              -7.684635,
              31.549868
            ],
            [
              -7.678627,
              31.548881
            ],
            [
              -7.672791,
              31.546943
            ],
            [
              -7.665325,
              31.547089
            ],
            [
              -7.66142,
              31.545004
            ],
            [
              -7.657043,
              31.543541
            ],
            [
              -7.654597,
              31.545662
            ],
            [
              -7.644168,
              31.547784
            ],
            [
              -7.644211,
              31.548991
            ],
            [
              -7.645327,
              31.550673
            ],
            [
              -7.634727,
              31.549722
            ],
            [
              -7.629835,
              31.550965
            ],
            [
              -7.622771,
              31.553577
            ],
            [
              -7.613183,
              31.560986
            ],
            [
              -7.610583,
              31.563816
            ],
            [
              -7.606978,
              31.565644
            ],
            [
              -7.602111,
              31.567129
            ],
            [
              -7.60194,
              31.55572
            ],
            [
              -7.600137,
              31.547162
            ],
            [
              -7.597305,
              31.547893
            ],
            [
              -7.597219,
              31.545553
            ],
            [
              -7.602884,
              31.541822
            ],
            [
              -7.611098,
              31.538508
            ],
            [
              -7.611896,
              31.534214
            ],
            [
              -7.609982,
              31.531924
            ],
            [
              -7.606574,
              31.529532
            ],
            [
              -7.606832,
              31.527337
            ],
            [
              -7.610523,
              31.525655
            ],
            [
              -7.618994,
              31.522926
            ],
            [
              -7.635843,
              31.517899
            ],
            [
              -7.643567,
              31.516143
            ],
            [
              -7.642452,
              31.514826
            ],
            [
              -7.650691,
              31.505167
            ],
            [
              -7.65882,
              31.506608
            ],
            [
              -7.672059,
              31.511606
            ],
            [
              -7.679698,
              31.515997
            ],
            [
              -7.686028,
              31.517658
            ],
            [
              -7.688281,
              31.515997
            ],
            [
              -7.695748,
              31.501215
            ],
            [
              -7.702164,
              31.490362
            ],
            [
              -7.710425,
              31.482332
            ],
            [
              -7.723708,
              31.470598
            ],
            [
              -7.729201,
              31.467889
            ],
            [
              -7.731346,
              31.4695
            ],
            [
              -7.72963,
              31.471843
            ],
            [
              -7.731883,
              31.477648
            ],
            [
              -7.734007,
              31.480993
            ],
            [
              -7.733428,
              31.484089
            ],
            [
              -7.734458,
              31.488334
            ],
            [
              -7.742183,
              31.482552
            ],
            [
              -7.752396,
              31.478599
            ]
          ]
        ]
      }
    },
    {
      "type": "Feature",
      "properties": {
        "commune_fr": "Tamazouzte",
        "osm_id": 3535308,
        "centroid_lat": 31.489015,
        "centroid_lon": -7.790278
      },
      "geometry": {
        "type": "Polygon",
        "coordinates": [
          [
            [
              -7.822985,
              31.441091
            ],
            [
              -7.822949,
              31.444336
            ],
            [
              -7.826297,
              31.449534
            ],
            [
              -7.82664,
              31.453854
            ],
            [
              -7.82561,
              31.458101
            ],
            [
              -7.821984,
              31.461813
            ],
            [
              -7.820696,
              31.470232
            ],
            [
              -7.821919,
              31.472157
            ],
            [
              -7.818143,
              31.471938
            ],
            [
              -7.812735,
              31.470327
            ],
            [
              -7.809388,
              31.467545
            ],
            [
              -7.809989,
              31.47084
            ],
            [
              -7.808873,
              31.47428
            ],
            [
              -7.80853,
              31.479185
            ],
            [
              -7.810246,
              31.481308
            ],
            [
              -7.810482,
              31.484506
            ],
            [
              -7.815139,
              31.487309
            ],
            [
              -7.818121,
              31.49124
            ],
            [
              -7.831103,
              31.503996
            ],
            [
              -7.83179,
              31.50663
            ],
            [
              -7.827842,
              31.504947
            ],
            [
              -7.822155,
              31.508804
            ],
            [
              -7.819173,
              31.512411
            ],
            [
              -7.817864,
              31.51517
            ],
            [
              -7.814624,
              31.517387
            ],
            [
              -7.801213,
              31.520511
            ],
            [
              -7.796943,
              31.520387
            ],
            [
              -7.793424,
              31.521338
            ],
            [
              -7.783982,
              31.521704
            ],
            [
              -7.784583,
              31.535531
            ],
            [
              -7.783017,
              31.535948
            ],
            [
              -7.778575,
              31.534141
            ],
            [
              -7.775313,
              31.53575
            ],
            [
              -7.771794,
              31.538677
            ],
            [
              -7.768103,
              31.538457
            ],
            [
              -7.764563,
              31.539459
            ],
            [
              -7.762868,
              31.542115
            ],
            [
              -7.762696,
              31.544456
            ],
            [
              -7.76319,
              31.547213
            ],
            [
              -7.761151,
              31.5555
            ],
            [
              -7.755744,
              31.543944
            ],
            [
              -7.75068,
              31.53736
            ],
            [
              -7.749049,
              31.524557
            ],
            [
              -7.751946,
              31.517584
            ],
            [
              -7.753662,
              31.505657
            ],
            [
              -7.754349,
              31.496436
            ],
            [
              -7.754371,
              31.490457
            ],
            [
              -7.753319,
              31.486775
            ],
            [
              -7.753834,
              31.483555
            ],
            [
              -7.753491,
              31.481212
            ],
            [
              -7.752396,
              31.478599
            ],
            [
              -7.756259,
              31.476696
            ],
            [
              -7.766988,
              31.473256
            ],
            [
              -7.767331,
              31.461081
            ],
            [
              -7.766437,
              31.451765
            ],
            [
              -7.766486,
              31.443475
            ],
            [
              -7.776665,
              31.441165
            ],
            [
              -7.779927,
              31.439407
            ],
            [
              -7.781386,
              31.435672
            ],
            [
              -7.784497,
              31.433717
            ],
            [
              -7.7863,
              31.433498
            ],
            [
              -7.790076,
              31.437745
            ],
            [
              -7.798917,
              31.442578
            ],
            [
              -7.803895,
              31.443091
            ],
            [
              -7.809474,
              31.442651
            ],
            [
              -7.814195,
              31.442944
            ],
            [
              -7.822985,
              31.441091
            ]
          ]
        ]
      }
    },
    {
      "type": "Feature",
      "properties": {
        "commune_fr": "Sidi Abdallah Ghiat",
        "osm_id": 3535311,
        "centroid_lat": 31.519441,
        "centroid_lon": -7.839489
      },
      "geometry": {
        "type": "Polygon",
        "coordinates": [
          [
            [
              -7.880286,
              31.474504
            ],
            [
              -7.904317,
              31.485114
            ],
            [
              -7.913584,
              31.490211
            ],
            [
              -7.912939,
              31.491979
            ],
            [
              -7.915009,
              31.505165
            ],
            [
              -7.911962,
              31.516622
            ],
            [
              -7.923678,
              31.536976
            ],
            [
              -7.920595,
              31.546867
            ],
            [
              -7.920509,
              31.554249
            ],
            [
              -7.912089,
              31.561038
            ],
            [
              -7.903251,
              31.57237
            ],
            [
              -7.900289,
              31.572282
            ],
            [
              -7.899345,
              31.571331
            ],
            [
              -7.899129,
              31.567604
            ],
            [
              -7.902776,
              31.557621
            ],
            [
              -7.902551,
              31.554757
            ],
            [
              -7.898763,
              31.546883
            ],
            [
              -7.894135,
              31.54626
            ],
            [
              -7.889058,
              31.544199
            ],
            [
              -7.886425,
              31.546305
            ],
            [
              -7.884739,
              31.554016
            ],
            [
              -7.8865,
              31.560034
            ],
            [
              -7.894408,
              31.573527
            ],
            [
              -7.898528,
              31.581534
            ],
            [
              -7.904238,
              31.587533
            ],
            [
              -7.899518,
              31.590961
            ],
            [
              -7.897287,
              31.588182
            ],
            [
              -7.888995,
              31.58585
            ],
            [
              -7.865821,
              31.577222
            ],
            [
              -7.856088,
              31.576045
            ],
            [
              -7.84196,
              31.573566
            ],
            [
              -7.83166,
              31.57576
            ],
            [
              -7.823446,
              31.576717
            ],
            [
              -7.819311,
              31.569237
            ],
            [
              -7.794799,
              31.571085
            ],
            [
              -7.797962,
              31.57844
            ],
            [
              -7.780263,
              31.569669
            ],
            [
              -7.774777,
              31.565205
            ],
            [
              -7.772052,
              31.562082
            ],
            [
              -7.766301,
              31.557841
            ],
            [
              -7.761151,
              31.5555
            ],
            [
              -7.76319,
              31.547213
            ],
            [
              -7.762696,
              31.544456
            ],
            [
              -7.762868,
              31.542115
            ],
            [
              -7.764563,
              31.539459
            ],
            [
              -7.768103,
              31.538457
            ],
            [
              -7.771794,
              31.538677
            ],
            [
              -7.775313,
              31.53575
            ],
            [
              -7.778575,
              31.534141
            ],
            [
              -7.783017,
              31.535948
            ],
            [
              -7.784583,
              31.535531
            ],
            [
              -7.783982,
              31.521704
            ],
            [
              -7.793424,
              31.521338
            ],
            [
              -7.796943,
              31.520387
            ],
            [
              -7.801213,
              31.520511
            ],
            [
              -7.814624,
              31.517387
            ],
            [
              -7.817864,
              31.51517
            ],
            [
              -7.819173,
              31.512411
            ],
            [
              -7.822155,
              31.508804
            ],
            [
              -7.827842,
              31.504947
            ],
            [
              -7.83179,
              31.50663
            ],
            [
              -7.831103,
              31.503996
            ],
            [
              -7.818121,
              31.49124
            ],
            [
              -7.815139,
              31.487309
            ],
            [
              -7.810482,
              31.484506
            ],
            [
              -7.810246,
              31.481308
            ],
            [
              -7.80853,
              31.479185
            ],
            [
              -7.808873,
              31.47428
            ],
            [
              -7.809989,
              31.47084
            ],
            [
              -7.809388,
              31.467545
            ],
            [
              -7.812735,
              31.470327
            ],
            [
              -7.818143,
              31.471938
            ],
            [
              -7.821919,
              31.472157
            ],
            [
              -7.820696,
              31.470232
            ],
            [
              -7.821984,
              31.461813
            ],
            [
              -7.82561,
              31.458101
            ],
            [
              -7.82664,
              31.453854
            ],
            [
              -7.826297,
              31.449534
            ],
            [
              -7.822949,
              31.444336
            ],
            [
              -7.822985,
              31.441091
            ],
            [
              -7.826826,
              31.440556
            ],
            [
              -7.832084,
              31.435891
            ],
            [
              -7.837148,
              31.435672
            ],
            [
              -7.839272,
              31.435064
            ],
            [
              -7.840988,
              31.432427
            ],
            [
              -7.844422,
              31.430889
            ],
            [
              -7.857575,
              31.446217
            ],
            [
              -7.863934,
              31.454471
            ],
            [
              -7.876201,
              31.472061
            ],
            [
              -7.880286,
              31.474504
            ]
          ]
        ]
      }
    },
    {
      "type": "Feature",
      "properties": {
        "commune_fr": "Ghmate",
        "osm_id": 3535313,
        "centroid_lat": 31.416309,
        "centroid_lon": -7.792328
      },
      "geometry": {
        "type": "Polygon",
        "coordinates": [
          [
            [
              -7.715747,
              31.364632
            ],
            [
              -7.721591,
              31.367582
            ],
            [
              -7.72571,
              31.37132
            ],
            [
              -7.739267,
              31.376354
            ],
            [
              -7.754378,
              31.375204
            ],
            [
              -7.759099,
              31.378428
            ],
            [
              -7.761583,
              31.38141
            ],
            [
              -7.763905,
              31.386708
            ],
            [
              -7.771969,
              31.384927
            ],
            [
              -7.77566,
              31.397237
            ],
            [
              -7.774973,
              31.402365
            ],
            [
              -7.776522,
              31.405903
            ],
            [
              -7.783041,
              31.404563
            ],
            [
              -7.780041,
              31.391983
            ],
            [
              -7.78347,
              31.388151
            ],
            [
              -7.788109,
              31.384656
            ],
            [
              -7.792401,
              31.391177
            ],
            [
              -7.794714,
              31.393866
            ],
            [
              -7.799864,
              31.395478
            ],
            [
              -7.804932,
              31.402826
            ],
            [
              -7.809825,
              31.407515
            ],
            [
              -7.816262,
              31.40898
            ],
            [
              -7.823472,
              31.409639
            ],
            [
              -7.829867,
              31.408938
            ],
            [
              -7.83617,
              31.4072
            ],
            [
              -7.834368,
              31.40046
            ],
            [
              -7.845616,
              31.397698
            ],
            [
              -7.848105,
              31.402167
            ],
            [
              -7.850251,
              31.403266
            ],
            [
              -7.86467,
              31.39865
            ],
            [
              -7.867245,
              31.400775
            ],
            [
              -7.869906,
              31.399676
            ],
            [
              -7.872824,
              31.400775
            ],
            [
              -7.875743,
              31.401215
            ],
            [
              -7.878403,
              31.403559
            ],
            [
              -7.882952,
              31.405903
            ],
            [
              -7.886042,
              31.406489
            ],
            [
              -7.901148,
              31.413448
            ],
            [
              -7.904067,
              31.416744
            ],
            [
              -7.905436,
              31.423388
            ],
            [
              -7.902002,
              31.435618
            ],
            [
              -7.898741,
              31.444772
            ],
            [
              -7.893738,
              31.451636
            ],
            [
              -7.888867,
              31.461323
            ],
            [
              -7.880286,
              31.474504
            ],
            [
              -7.876201,
              31.472061
            ],
            [
              -7.863934,
              31.454471
            ],
            [
              -7.857575,
              31.446217
            ],
            [
              -7.844422,
              31.430889
            ],
            [
              -7.840988,
              31.432427
            ],
            [
              -7.839272,
              31.435064
            ],
            [
              -7.837148,
              31.435672
            ],
            [
              -7.832084,
              31.435891
            ],
            [
              -7.826826,
              31.440556
            ],
            [
              -7.814195,
              31.442944
            ],
            [
              -7.809474,
              31.442651
            ],
            [
              -7.803895,
              31.443091
            ],
            [
              -7.798917,
              31.442578
            ],
            [
              -7.790076,
              31.437745
            ],
            [
              -7.7863,
              31.433498
            ],
            [
              -7.784497,
              31.433717
            ],
            [
              -7.781386,
              31.435672
            ],
            [
              -7.779927,
              31.439407
            ],
            [
              -7.776665,
              31.441165
            ],
            [
              -7.766486,
              31.443475
            ],
            [
              -7.766437,
              31.451765
            ],
            [
              -7.767331,
              31.461081
            ],
            [
              -7.767224,
              31.470891
            ],
            [
              -7.766988,
              31.473256
            ],
            [
              -7.764413,
              31.473987
            ],
            [
              -7.759778,
              31.469595
            ],
            [
              -7.752976,
              31.46562
            ],
            [
              -7.747418,
              31.463226
            ],
            [
              -7.743642,
              31.458687
            ],
            [
              -7.728514,
              31.447169
            ],
            [
              -7.720725,
              31.442285
            ],
            [
              -7.708,
              31.430693
            ],
            [
              -7.706563,
              31.425075
            ],
            [
              -7.693431,
              31.401195
            ],
            [
              -7.700383,
              31.395994
            ],
            [
              -7.699353,
              31.39343
            ],
            [
              -7.693087,
              31.391744
            ],
            [
              -7.690512,
              31.388667
            ],
            [
              -7.688174,
              31.383956
            ],
            [
              -7.688023,
              31.380021
            ],
            [
              -7.691886,
              31.379142
            ],
            [
              -7.69386,
              31.381047
            ],
            [
              -7.699096,
              31.381926
            ],
            [
              -7.701499,
              31.379068
            ],
            [
              -7.707078,
              31.376284
            ],
            [
              -7.712228,
              31.370055
            ],
            [
              -7.715747,
              31.364632
            ]
          ]
        ]
      }
    },
    {
      "type": "Feature",
      "properties": {
        "commune_fr": "Ourika",
        "osm_id": 3535324,
        "centroid_lat": 31.343933,
        "centroid_lon": -7.796635
      },
      "geometry": {
        "type": "Polygon",
        "coordinates": [
          [
            [
              -7.68896,
              31.33379
            ],
            [
              -7.692985,
              31.330644
            ],
            [
              -7.718104,
              31.339867
            ],
            [
              -7.727116,
              31.342286
            ],
            [
              -7.735527,
              31.340233
            ],
            [
              -7.747029,
              31.332023
            ],
            [
              -7.749085,
              31.331288
            ],
            [
              -7.750462,
              31.331143
            ],
            [
              -7.754921,
              31.333027
            ],
            [
              -7.75947,
              31.337719
            ],
            [
              -7.760671,
              31.332441
            ],
            [
              -7.760642,
              31.325844
            ],
            [
              -7.761186,
              31.323129
            ],
            [
              -7.766508,
              31.315724
            ],
            [
              -7.777413,
              31.307606
            ],
            [
              -7.785476,
              31.299884
            ],
            [
              -7.796634,
              31.297174
            ],
            [
              -7.805904,
              31.292113
            ],
            [
              -7.815092,
              31.29131
            ],
            [
              -7.821268,
              31.286245
            ],
            [
              -7.821611,
              31.281257
            ],
            [
              -7.825388,
              31.272895
            ],
            [
              -7.832769,
              31.271794
            ],
            [
              -7.835516,
              31.268493
            ],
            [
              -7.840118,
              31.266521
            ],
            [
              -7.842436,
              31.263367
            ],
            [
              -7.843723,
              31.260579
            ],
            [
              -7.848363,
              31.258836
            ],
            [
              -7.850766,
              31.256562
            ],
            [
              -7.85583,
              31.254287
            ],
            [
              -7.86613,
              31.263165
            ],
            [
              -7.866902,
              31.265659
            ],
            [
              -7.869649,
              31.270355
            ],
            [
              -7.868876,
              31.27703
            ],
            [
              -7.867932,
              31.280625
            ],
            [
              -7.863383,
              31.288547
            ],
            [
              -7.860722,
              31.295368
            ],
            [
              -7.864327,
              31.314728
            ],
            [
              -7.866387,
              31.342295
            ],
            [
              -7.866301,
              31.357835
            ],
            [
              -7.865014,
              31.361939
            ],
            [
              -7.86407,
              31.369194
            ],
            [
              -7.862954,
              31.385755
            ],
            [
              -7.863125,
              31.389932
            ],
            [
              -7.86364,
              31.391617
            ],
            [
              -7.864928,
              31.392789
            ],
            [
              -7.86467,
              31.39865
            ],
            [
              -7.850251,
              31.403266
            ],
            [
              -7.848105,
              31.402167
            ],
            [
              -7.845616,
              31.397698
            ],
            [
              -7.834368,
              31.40046
            ],
            [
              -7.83617,
              31.4072
            ],
            [
              -7.829867,
              31.408938
            ],
            [
              -7.823472,
              31.409639
            ],
            [
              -7.816262,
              31.40898
            ],
            [
              -7.809825,
              31.407515
            ],
            [
              -7.804932,
              31.402826
            ],
            [
              -7.799864,
              31.395478
            ],
            [
              -7.794714,
              31.393866
            ],
            [
              -7.792401,
              31.391177
            ],
            [
              -7.788109,
              31.384656
            ],
            [
              -7.78347,
              31.388151
            ],
            [
              -7.780041,
              31.391983
            ],
            [
              -7.783041,
              31.404563
            ],
            [
              -7.776522,
              31.405903
            ],
            [
              -7.774973,
              31.402365
            ],
            [
              -7.77566,
              31.397237
            ],
            [
              -7.771969,
              31.384927
            ],
            [
              -7.763905,
              31.386708
            ],
            [
              -7.761583,
              31.38141
            ],
            [
              -7.759099,
              31.378428
            ],
            [
              -7.754378,
              31.375204
            ],
            [
              -7.739267,
              31.376354
            ],
            [
              -7.72571,
              31.37132
            ],
            [
              -7.721591,
              31.367582
            ],
            [
              -7.715747,
              31.364632
            ],
            [
              -7.707772,
              31.361573
            ],
            [
              -7.699961,
              31.356149
            ],
            [
              -7.696957,
              31.351531
            ],
            [
              -7.69515,
              31.344472
            ],
            [
              -7.693176,
              31.339707
            ],
            [
              -7.690155,
              31.334847
            ],
            [
              -7.68896,
              31.33379
            ]
          ]
        ]
      }
    },
    {
      "type": "Feature",
      "properties": {
        "commune_fr": "Tidili Mesfioua",
        "osm_id": 3535337,
        "centroid_lat": 31.488238,
        "centroid_lon": -7.609466
      },
      "geometry": {
        "type": "Polygon",
        "coordinates": [
          [
            [
              -7.538682,
              31.504662
            ],
            [
              -7.531962,
              31.505481
            ],
            [
              -7.521748,
              31.515755
            ],
            [
              -7.515508,
              31.52046
            ],
            [
              -7.513105,
              31.526898
            ],
            [
              -7.512933,
              31.531507
            ],
            [
              -7.518169,
              31.534799
            ],
            [
              -7.531387,
              31.537653
            ],
            [
              -7.531129,
              31.541529
            ],
            [
              -7.540227,
              31.541676
            ],
            [
              -7.54675,
              31.540944
            ],
            [
              -7.554218,
              31.541237
            ],
            [
              -7.564002,
              31.542042
            ],
            [
              -7.569581,
              31.544675
            ],
            [
              -7.572757,
              31.542407
            ],
            [
              -7.577134,
              31.542261
            ],
            [
              -7.584233,
              31.546847
            ],
            [
              -7.589151,
              31.54921
            ],
            [
              -7.592644,
              31.549261
            ],
            [
              -7.597305,
              31.547893
            ],
            [
              -7.597219,
              31.545553
            ],
            [
              -7.602884,
              31.541822
            ],
            [
              -7.611098,
              31.538508
            ],
            [
              -7.611896,
              31.534214
            ],
            [
              -7.609982,
              31.531924
            ],
            [
              -7.606574,
              31.529532
            ],
            [
              -7.606832,
              31.527337
            ],
            [
              -7.610523,
              31.525655
            ],
            [
              -7.618994,
              31.522926
            ],
            [
              -7.635843,
              31.517899
            ],
            [
              -7.643567,
              31.516143
            ],
            [
              -7.642452,
              31.514826
            ],
            [
              -7.650691,
              31.505167
            ],
            [
              -7.65882,
              31.506608
            ],
            [
              -7.672059,
              31.511606
            ],
            [
              -7.679698,
              31.515997
            ],
            [
              -7.686028,
              31.517658
            ],
            [
              -7.688281,
              31.515997
            ],
            [
              -7.695748,
              31.501215
            ],
            [
              -7.702164,
              31.490362
            ],
            [
              -7.710425,
              31.482332
            ],
            [
              -7.723708,
              31.470598
            ],
            [
              -7.720124,
              31.468936
            ],
            [
              -7.717721,
              31.466813
            ],
            [
              -7.715661,
              31.460664
            ],
            [
              -7.708563,
              31.456926
            ],
            [
              -7.702979,
              31.454784
            ],
            [
              -7.694117,
              31.453269
            ],
            [
              -7.686307,
              31.447924
            ],
            [
              -7.677295,
              31.440821
            ],
            [
              -7.65773,
              31.432399
            ],
            [
              -7.66148,
              31.42769
            ],
            [
              -7.664596,
              31.422292
            ],
            [
              -7.657644,
              31.422512
            ],
            [
              -7.651464,
              31.413136
            ],
            [
              -7.643739,
              31.407935
            ],
            [
              -7.629405,
              31.402514
            ],
            [
              -7.62314,
              31.399364
            ],
            [
              -7.617553,
              31.39766
            ],
            [
              -7.614359,
              31.395972
            ],
            [
              -7.604944,
              31.395847
            ],
            [
              -7.596704,
              31.399217
            ],
            [
              -7.59267,
              31.407642
            ],
            [
              -7.587434,
              31.413356
            ],
            [
              -7.573444,
              31.423903
            ],
            [
              -7.56941,
              31.431667
            ],
            [
              -7.569925,
              31.44148
            ],
            [
              -7.571212,
              31.449754
            ],
            [
              -7.570096,
              31.464324
            ],
            [
              -7.571186,
              31.472501
            ],
            [
              -7.569925,
              31.478672
            ],
            [
              -7.57147,
              31.481673
            ],
            [
              -7.576791,
              31.481161
            ],
            [
              -7.580825,
              31.482918
            ],
            [
              -7.581083,
              31.486285
            ],
            [
              -7.57825,
              31.489725
            ],
            [
              -7.571212,
              31.493165
            ],
            [
              -7.566037,
              31.49812
            ],
            [
              -7.557883,
              31.502657
            ],
            [
              -7.549815,
              31.504369
            ],
            [
              -7.544407,
              31.506191
            ],
            [
              -7.538682,
              31.504662
            ]
          ]
        ]
      }
    },
    {
      "type": "Feature",
      "properties": {
        "commune_fr": "Iguerferouane",
        "osm_id": 3535442,
        "centroid_lat": 31.409584,
        "centroid_lon": -7.691899
      },
      "geometry": {
        "type": "Polygon",
        "coordinates": [
          [
            [
              -7.68896,
              31.33379
            ],
            [
              -7.675414,
              31.33885
            ],
            [
              -7.670431,
              31.337948
            ],
            [
              -7.665028,
              31.335624
            ],
            [
              -7.648677,
              31.336595
            ],
            [
              -7.64742,
              31.339267
            ],
            [
              -7.643154,
              31.345418
            ],
            [
              -7.637605,
              31.352158
            ],
            [
              -7.636186,
              31.358768
            ],
            [
              -7.619792,
              31.36771
            ],
            [
              -7.614213,
              31.372546
            ],
            [
              -7.614128,
              31.378775
            ],
            [
              -7.614814,
              31.386322
            ],
            [
              -7.617553,
              31.39766
            ],
            [
              -7.62314,
              31.399364
            ],
            [
              -7.629405,
              31.402514
            ],
            [
              -7.643739,
              31.407935
            ],
            [
              -7.651464,
              31.413136
            ],
            [
              -7.657644,
              31.422512
            ],
            [
              -7.664596,
              31.422292
            ],
            [
              -7.66148,
              31.42769
            ],
            [
              -7.65773,
              31.432399
            ],
            [
              -7.677295,
              31.440821
            ],
            [
              -7.686307,
              31.447924
            ],
            [
              -7.694117,
              31.453269
            ],
            [
              -7.702979,
              31.454784
            ],
            [
              -7.708563,
              31.456926
            ],
            [
              -7.715661,
              31.460664
            ],
            [
              -7.717721,
              31.466813
            ],
            [
              -7.720124,
              31.468936
            ],
            [
              -7.723708,
              31.470598
            ],
            [
              -7.729201,
              31.467889
            ],
            [
              -7.731346,
              31.4695
            ],
            [
              -7.72963,
              31.471843
            ],
            [
              -7.731883,
              31.477648
            ],
            [
              -7.734007,
              31.480993
            ],
            [
              -7.733428,
              31.484089
            ],
            [
              -7.734458,
              31.488334
            ],
            [
              -7.742183,
              31.482552
            ],
            [
              -7.756259,
              31.476696
            ],
            [
              -7.764413,
              31.473987
            ],
            [
              -7.759778,
              31.469595
            ],
            [
              -7.752976,
              31.46562
            ],
            [
              -7.747418,
              31.463226
            ],
            [
              -7.743642,
              31.458687
            ],
            [
              -7.728514,
              31.447169
            ],
            [
              -7.720725,
              31.442285
            ],
            [
              -7.708,
              31.430693
            ],
            [
              -7.706563,
              31.425075
            ],
            [
              -7.693431,
              31.401195
            ],
            [
              -7.700383,
              31.395994
            ],
            [
              -7.699353,
              31.39343
            ],
            [
              -7.693087,
              31.391744
            ],
            [
              -7.690512,
              31.388667
            ],
            [
              -7.688174,
              31.383956
            ],
            [
              -7.688023,
              31.380021
            ],
            [
              -7.691886,
              31.379142
            ],
            [
              -7.69386,
              31.381047
            ],
            [
              -7.699096,
              31.381926
            ],
            [
              -7.701499,
              31.379068
            ],
            [
              -7.707078,
              31.376284
            ],
            [
              -7.712228,
              31.370055
            ],
            [
              -7.715747,
              31.364632
            ],
            [
              -7.707772,
              31.361573
            ],
            [
              -7.699961,
              31.356149
            ],
            [
              -7.696957,
              31.351531
            ],
            [
              -7.69515,
              31.344472
            ],
            [
              -7.693176,
              31.339707
            ],
            [
              -7.690155,
              31.334847
            ],
            [
              -7.68896,
              31.33379
            ]
          ]
        ]
      }
    },
    {
      "type": "Feature",
      "properties": {
        "commune_fr": "Jbilate",
        "osm_id": 5175843,
        "centroid_lat": 31.869474,
        "centroid_lon": -7.883732
      },
      "geometry": {
        "type": "Polygon",
        "coordinates": [
          [
            [
              -8.049744,
              31.960987
            ],
            [
              -8.029372,
              31.952018
            ],
            [
              -8.025939,
              31.947648
            ],
            [
              -8.020914,
              31.944727
            ],
            [
              -8.010833,
              31.946002
            ],
            [
              -8.004911,
              31.956242
            ],
            [
              -8.001821,
              31.952382
            ],
            [
              -7.993877,
              31.96202
            ],
            [
              -7.980745,
              31.96253
            ],
            [
              -7.976539,
              31.963185
            ],
            [
              -7.973793,
              31.962602
            ],
            [
              -7.973106,
              31.9602
            ],
            [
              -7.969759,
              31.958889
            ],
            [
              -7.965725,
              31.959763
            ],
            [
              -7.961433,
              31.964132
            ],
            [
              -7.956884,
              31.96435
            ],
            [
              -7.954871,
              31.971315
            ],
            [
              -7.949979,
              31.972334
            ],
            [
              -7.949979,
              31.975418
            ],
            [
              -7.939593,
              31.973135
            ],
            [
              -7.933585,
              31.972625
            ],
            [
              -7.930581,
              31.974009
            ],
            [
              -7.924315,
              31.972334
            ],
            [
              -7.915475,
              31.97248
            ],
            [
              -7.908265,
              31.973717
            ],
            [
              -7.900626,
              31.973281
            ],
            [
              -7.894313,
              31.969884
            ],
            [
              -7.895515,
              31.967627
            ],
            [
              -7.89088,
              31.967481
            ],
            [
              -7.889593,
              31.969083
            ],
            [
              -7.88676,
              31.969229
            ],
            [
              -7.885559,
              31.96668
            ],
            [
              -7.881267,
              31.966171
            ],
            [
              -7.877834,
              31.967117
            ],
            [
              -7.870671,
              31.973645
            ],
            [
              -7.859342,
              31.975392
            ],
            [
              -7.852828,
              31.967308
            ],
            [
              -7.845103,
              31.967745
            ],
            [
              -7.84167,
              31.968765
            ],
            [
              -7.843387,
              31.971677
            ],
            [
              -7.83682,
              31.973658
            ],
            [
              -7.835833,
              31.971095
            ],
            [
              -7.829825,
              31.966871
            ],
            [
              -7.822229,
              31.965794
            ],
            [
              -7.819697,
              31.963522
            ],
            [
              -7.819654,
              31.959968
            ],
            [
              -7.815406,
              31.957551
            ],
            [
              -7.813346,
              31.947938
            ],
            [
              -7.808368,
              31.946627
            ],
            [
              -7.806823,
              31.941674
            ],
            [
              -7.810084,
              31.939635
            ],
            [
              -7.816221,
              31.941907
            ],
            [
              -7.813002,
              31.93643
            ],
            [
              -7.808368,
              31.932351
            ],
            [
              -7.804419,
              31.930166
            ],
            [
              -7.801158,
              31.930311
            ],
            [
              -7.79751,
              31.932292
            ],
            [
              -7.79515,
              31.928709
            ],
            [
              -7.79442,
              31.92428
            ],
            [
              -7.79442,
              31.920637
            ],
            [
              -7.792017,
              31.915049
            ],
            [
              -7.795836,
              31.90914
            ],
            [
              -7.798068,
              31.909621
            ],
            [
              -7.799441,
              31.911807
            ],
            [
              -7.806951,
              31.913934
            ],
            [
              -7.80987,
              31.91204
            ],
            [
              -7.811114,
              31.909621
            ],
            [
              -7.811758,
              31.905628
            ],
            [
              -7.813818,
              31.903588
            ],
            [
              -7.817766,
              31.901839
            ],
            [
              -7.814719,
              31.89738
            ],
            [
              -7.80987,
              31.898196
            ],
            [
              -7.809355,
              31.895281
            ],
            [
              -7.811243,
              31.892658
            ],
            [
              -7.813303,
              31.876041
            ],
            [
              -7.818324,
              31.868081
            ],
            [
              -7.817637,
              31.864145
            ],
            [
              -7.814032,
              31.861229
            ],
            [
              -7.811801,
              31.857584
            ],
            [
              -7.818405,
              31.855981
            ],
            [
              -7.829353,
              31.851329
            ],
            [
              -7.82716,
              31.846867
            ],
            [
              -7.824843,
              31.846284
            ],
            [
              -7.823298,
              31.844097
            ],
            [
              -7.828533,
              31.839868
            ],
            [
              -7.827379,
              31.83784
            ],
            [
              -7.824203,
              31.837549
            ],
            [
              -7.822869,
              31.834763
            ],
            [
              -7.82716,
              31.833888
            ],
            [
              -7.834675,
              31.816838
            ],
            [
              -7.839567,
              31.816109
            ],
            [
              -7.842829,
              31.824496
            ],
            [
              -7.845957,
              31.825283
            ],
            [
              -7.849437,
              31.823037
            ],
            [
              -7.852957,
              31.819609
            ],
            [
              -7.855055,
              31.816462
            ],
            [
              -7.85639,
              31.81166
            ],
            [
              -7.857935,
              31.808888
            ],
            [
              -7.855055,
              31.80151
            ],
            [
              -7.860634,
              31.799248
            ],
            [
              -7.866127,
              31.795674
            ],
            [
              -7.86587,
              31.787941
            ],
            [
              -7.869303,
              31.777507
            ],
            [
              -7.864926,
              31.77707
            ],
            [
              -7.861578,
              31.777434
            ],
            [
              -7.861321,
              31.774808
            ],
            [
              -7.859089,
              31.772619
            ],
            [
              -7.854673,
              31.772265
            ],
            [
              -7.853081,
              31.769919
            ],
            [
              -7.855102,
              31.769054
            ],
            [
              -7.857248,
              31.767011
            ],
            [
              -7.856428,
              31.76503
            ],
            [
              -7.857458,
              31.76233
            ],
            [
              -7.864411,
              31.759119
            ],
            [
              -7.869217,
              31.759556
            ],
            [
              -7.871067,
              31.755918
            ],
            [
              -7.874328,
              31.751248
            ],
            [
              -7.871582,
              31.746795
            ],
            [
              -7.871792,
              31.739777
            ],
            [
              -7.879259,
              31.721673
            ],
            [
              -7.880204,
              31.714372
            ],
            [
              -7.884753,
              31.709918
            ],
            [
              -7.883551,
              31.70393
            ],
            [
              -7.887461,
              31.698391
            ],
            [
              -7.89467,
              31.69153
            ],
            [
              -7.904369,
              31.688798
            ],
            [
              -7.905545,
              31.691596
            ],
            [
              -7.906606,
              31.695023
            ],
            [
              -7.896044,
              31.706106
            ],
            [
              -7.905557,
              31.71884
            ],
            [
              -7.911845,
              31.734613
            ],
            [
              -7.932882,
              31.727524
            ],
            [
              -7.949748,
              31.767135
            ],
            [
              -7.983385,
              31.760925
            ],
            [
              -7.985153,
              31.744452
            ],
            [
              -8.00256,
              31.746386
            ],
            [
              -8.011288,
              31.72613
            ],
            [
              -8.024946,
              31.736221
            ],
            [
              -8.019159,
              31.757247
            ],
            [
              -8.009057,
              31.773535
            ],
            [
              -8.008087,
              31.796932
            ],
            [
              -8.0091,
              31.828084
            ],
            [
              -8.019623,
              31.853494
            ],
            [
              -8.032969,
              31.877921
            ],
            [
              -8.0532,
              31.878308
            ],
            [
              -8.037895,
              31.921138
            ],
            [
              -8.044346,
              31.939352
            ],
            [
              -8.049744,
              31.960987
            ]
          ]
        ]
      }
    },
    {
      "type": "Feature",
      "properties": {
        "commune_fr": "Aghouatim",
        "osm_id": 5177003,
        "centroid_lat": 31.377535,
        "centroid_lon": -7.937773
      },
      "geometry": {
        "type": "Polygon",
        "coordinates": [
          [
            [
              -7.913584,
              31.490211
            ],
            [
              -7.93833,
              31.494447
            ],
            [
              -7.940798,
              31.490234
            ],
            [
              -7.943373,
              31.484233
            ],
            [
              -7.941317,
              31.471591
            ],
            [
              -7.938652,
              31.466664
            ],
            [
              -7.945433,
              31.463882
            ],
            [
              -7.953844,
              31.459489
            ],
            [
              -7.960535,
              31.458318
            ],
            [
              -7.962775,
              31.454093
            ],
            [
              -7.973246,
              31.454313
            ],
            [
              -7.981477,
              31.455096
            ],
            [
              -7.988601,
              31.456854
            ],
            [
              -7.988172,
              31.464834
            ],
            [
              -7.988696,
              31.476129
            ],
            [
              -7.988172,
              31.484379
            ],
            [
              -7.992558,
              31.484401
            ],
            [
              -8.005252,
              31.483208
            ],
            [
              -8.004308,
              31.47479
            ],
            [
              -7.997957,
              31.467909
            ],
            [
              -8.00054,
              31.461854
            ],
            [
              -8.009544,
              31.465712
            ],
            [
              -8.013072,
              31.462952
            ],
            [
              -8.017698,
              31.464102
            ],
            [
              -8.022848,
              31.453412
            ],
            [
              -8.024135,
              31.444699
            ],
            [
              -8.01169,
              31.441623
            ],
            [
              -8.000446,
              31.436497
            ],
            [
              -7.994961,
              31.43088
            ],
            [
              -7.990146,
              31.422948
            ],
            [
              -7.98843,
              31.415257
            ],
            [
              -7.988524,
              31.409493
            ],
            [
              -7.990498,
              31.40583
            ],
            [
              -7.989983,
              31.402826
            ],
            [
              -7.987322,
              31.403486
            ],
            [
              -7.982001,
              31.402167
            ],
            [
              -7.984082,
              31.398234
            ],
            [
              -7.995906,
              31.39235
            ],
            [
              -7.99933,
              31.388518
            ],
            [
              -8.005682,
              31.382729
            ],
            [
              -8.010831,
              31.380311
            ],
            [
              -8.00757,
              31.376208
            ],
            [
              -8.001905,
              31.372031
            ],
            [
              -7.993845,
              31.368095
            ],
            [
              -7.980199,
              31.352997
            ],
            [
              -7.971015,
              31.338117
            ],
            [
              -7.965779,
              31.327779
            ],
            [
              -7.96535,
              31.320007
            ],
            [
              -7.964491,
              31.316561
            ],
            [
              -7.964406,
              31.310768
            ],
            [
              -7.96652,
              31.307982
            ],
            [
              -7.967866,
              31.303747
            ],
            [
              -7.965791,
              31.299157
            ],
            [
              -7.964192,
              31.292592
            ],
            [
              -7.960321,
              31.283955
            ],
            [
              -7.962574,
              31.28054
            ],
            [
              -7.961917,
              31.280698
            ],
            [
              -7.941231,
              31.273582
            ],
            [
              -7.94681,
              31.270721
            ],
            [
              -7.946381,
              31.266099
            ],
            [
              -7.939858,
              31.258322
            ],
            [
              -7.933592,
              31.256855
            ],
            [
              -7.926039,
              31.255975
            ],
            [
              -7.922778,
              31.257002
            ],
            [
              -7.923035,
              31.262064
            ],
            [
              -7.921576,
              31.26676
            ],
            [
              -7.914538,
              31.267273
            ],
            [
              -7.907929,
              31.267053
            ],
            [
              -7.895484,
              31.264045
            ],
            [
              -7.893681,
              31.267127
            ],
            [
              -7.885012,
              31.268741
            ],
            [
              -7.872138,
              31.266099
            ],
            [
              -7.868104,
              31.264412
            ],
            [
              -7.864327,
              31.261477
            ],
            [
              -7.86613,
              31.263165
            ],
            [
              -7.866902,
              31.265659
            ],
            [
              -7.869649,
              31.270355
            ],
            [
              -7.868876,
              31.27703
            ],
            [
              -7.867932,
              31.280625
            ],
            [
              -7.863383,
              31.288547
            ],
            [
              -7.860722,
              31.295368
            ],
            [
              -7.864327,
              31.314728
            ],
            [
              -7.866387,
              31.342295
            ],
            [
              -7.866301,
              31.357835
            ],
            [
              -7.865014,
              31.361939
            ],
            [
              -7.86407,
              31.369194
            ],
            [
              -7.862954,
              31.385755
            ],
            [
              -7.863125,
              31.389932
            ],
            [
              -7.86364,
              31.391617
            ],
            [
              -7.864928,
              31.392789
            ],
            [
              -7.86467,
              31.39865
            ],
            [
              -7.867245,
              31.400775
            ],
            [
              -7.869906,
              31.399676
            ],
            [
              -7.872824,
              31.400775
            ],
            [
              -7.875743,
              31.401215
            ],
            [
              -7.878403,
              31.403559
            ],
            [
              -7.882952,
              31.405903
            ],
            [
              -7.886042,
              31.406489
            ],
            [
              -7.901148,
              31.413448
            ],
            [
              -7.904067,
              31.416744
            ],
            [
              -7.905436,
              31.423388
            ],
            [
              -7.902002,
              31.435618
            ],
            [
              -7.898741,
              31.444772
            ],
            [
              -7.893738,
              31.451636
            ],
            [
              -7.888867,
              31.461323
            ],
            [
              -7.880286,
              31.474504
            ],
            [
              -7.904317,
              31.485114
            ],
            [
              -7.913584,
              31.490211
            ]
          ]
        ]
      }
    }
  ]
}